source_image,entry_type,volume_or_year_greek,volume_or_year_english,subsection_greek,subsection_english,author_greek,author_english,normalized_author,editor_translator,title_greek,title_english,page_numbers,lecture_count,disciplines,needs_review
image_0219_right.png,Journal Article,ΤΟΜΟΣ Α' (1861),Volume A (1861),,,Σ. Καραθεοδωρῆ.,S. Karatheodori.,Karatheodori,,Τί τὸ Ἀλφάβητον.,What is the Alphabet.,"σ. 1, 59, 157, 244",,"Linguistics, Philology",False
image_0219_right.png,Journal Article,ΤΟΜΟΣ Α' (1861),Volume A (1861),,,Σ. Μαυρογένους.,S. Mavrogenous.,Mavrogenous,,Ὁμοιότητες καὶ διαφοραὶ ἐν ἑκατέρῳ τῶν φύλων ὑπὸ φυσιολογικὴν καὶ ψυχολογικὴν ἔποψιν.,Similarities and differences in each of the sexes from a physiological and psychological point of view.,σ. 13,,"Physiology, Psychology",False
image_0219_right.png,Journal Article,ΤΟΜΟΣ Α' (1861),Volume A (1861),,,Ἀ. Δαλλαπόρτα.,A. Dallaporta.,Dallaporta,,Εἰσαγωγὴ τοῦ περὶ νεοελληνικῆς γλώσης ζητήματος.,Introduction to the question of the modern Greek language.,σ. 26,,"Linguistics, Philology",False
image_0219_right.png,Journal Article,ΤΟΜΟΣ Α' (1861),Volume A (1861),,,Ἡ. Βασιάδου.,I. Vasiadou.,Vasiadou,,Περὶ τῆς ἀρχῆς τῶν γλωσσῶν.,On the origin of languages.,σ. 27,,Linguistics,False
image_0219_right.png,Journal Article,ΤΟΜΟΣ Α' (1861),Volume A (1861),,,Μ. Βλάδου.,M. Vladou.,Vladou,,Περὶ τῆς διὰ τῶν δύο ὤτων ἀκροάσεως.,On hearing through two ears.,σ. 32,,"Physiology, Medicine",False
image_0219_right.png,Journal Article,ΤΟΜΟΣ Α' (1861),Volume A (1861),,,Μ. Βλάδου.,M. Vladou.,Vladou,,Περὶ τῆς διὰ τῶν δύο ὀφθαλμῶν ὁράσεως.,On seeing through two eyes.,σ. 33,,"Physiology, Medicine",False
image_0219_right.png,Journal Article,ΤΟΜΟΣ Α' (1861),Volume A (1861),,,Σ. Καραθεοδωρῆ.,S. Karatheodori.,Karatheodori,,Περὶ ἠθικοῦ χαρακτῆρος.,On moral character.,σ. 49,,"Philosophy, Psychology",False
image_0219_right.png,Journal Article,ΤΟΜΟΣ Α' (1861),Volume A (1861),,,Ἐ. Ἰωαννίδου.,E. Ioannidou.,Ioannidou,,Κριτικαί τινες ἐπιστασίαι εἰς τὸ «Περὶ τοῦ Πατριαρχικοῦ θρόνου κτλ.» πόνημα τοῦ Κ. Γ. Χρυσοβέργη.,"Some critical observations on the work ""On the Patriarchal throne etc."" by K. G. Chrysovergis.","σ. 52, 97",,"Theology, History, Literary Criticism",False
image_0219_right.png,Journal Article,ΤΟΜΟΣ Α' (1861),Volume A (1861),,,Ἡ. Βασιάδου.,I. Vasiadou.,Vasiadou,,Ἰνδοπελασγικὰ Μελετήματα.,Indo-Pelasgian Studies.,σ. 67,,"Linguistics, History, Archaeology",False
image_0219_right.png,Journal Article,ΤΟΜΟΣ Α' (1861),Volume A (1861),,,Γ. Σοφοκλέους.,G. Sofokleous.,Sofokleous,,Πόθεν πηγάζει ἡ περὶ τὴν ἑλληνικὴν παιδείαν γενικὴ ὀλιγωρία ἡμῶν.,Whence springs our general neglect of Greek education.,"σ. 107, 171",,"Education, Sociology",False
image_0219_right.png,Journal Article,ΤΟΜΟΣ Α' (1861),Volume A (1861),,,Σ. Μαυρογένους.,S. Mavrogenous.,Mavrogenous,,Περὶ ζωῆς καὶ ψυχῆς καὶ τῶν πρὸς ἀλλήλας σχέσεων αὐτῶν.,On life and soul and their relations to each other.,"σ. 111, 266",,"Philosophy, Psychology, Biology",False
image_0219_right.png,Journal Article,ΤΟΜΟΣ Α' (1861),Volume A (1861),,,Γ. Σοφοκλέους.,G. Sofokleous.,Sofokleous,,Ἀνάμικτα Γ. Χρυσοβέργη.,Miscellanea of G. Chrysovergis.,σ. 158,,"Literature, Philology",False
image_0219_right.png,Journal Article,ΤΟΜΟΣ Α' (1861),Volume A (1861),,,Ἰ. Ζωγράφου.,I. Zografou.,Zografou,,Περὶ τῆς νομοθεσίας τῆς διεπούσης τὰς χρηματιστικὰς πράξεις.,On the legislation governing financial transactions.,σ. 163,,"Law, Economics",False
image_0219_right.png,Journal Article,ΤΟΜΟΣ Α' (1861),Volume A (1861),,,Ἀ. Καραθεοδωρῆ.,A. Karatheodori.,Karatheodori,,Περὶ μέσης ἐκπαιδεύσεως.,On secondary education.,σ. 174,,Education,False
image_0219_right.png,Journal Article,ΤΟΜΟΣ Α' (1861),Volume A (1861),,,Σ. Ἀριστάρχου.,S. Aristarchou.,Aristarchou,,Περί τινων ἀνεκδότων ἐπιγραφῶν τῆς Περίνθου.,On some unpublished inscriptions of Perinthos.,σ. 257,,"Archaeology, Epigraphy, History",False
image_0219_right.png,Journal Article,ΤΟΜΟΣ Α' (1861),Volume A (1861),§ Περιλήψεις πραγματειῶν.,§ Summaries of treatises.,Ἰ. Δ. Ἀριστοκλέους.,I. D. Aristokleous.,Aristokleous,,Περὶ τοῦ ἐποπτικοῦ λόγου.,On intuitive reason.,"σ. 36, 78, 191",,"Philosophy, Linguistics",False
image_0219_right.png,Journal Article,ΤΟΜΟΣ Α' (1861),Volume A (1861),§ Περιλήψεις πραγματειῶν.,§ Summaries of treatises.,Ἡ. Βασιάδου.,I. Vasiadou.,Vasiadou,,Περὶ τῶν ὑπὸ τοῦ κεραυνοῦ Φωτογραφικῶν εἰκόνων ἐπὶ ὀργανικῶν καὶ ἀνοργάνων ὄντων..,On the Photographic images by lightning on organic and inorganic beings..,σ. 37,,"Physics, Photography, Natural Sciences",False
image_0220_left.png,Journal Article,ΤΟΜΟΣ Α' (1861),VOLUME I (1861),§ Περιλήψεις πραγματειῶν.,§ Summaries of treatises.,Ι. Ζωγράφου,I. Zografou,"Zografou, I.",,Περὶ τῆς ἀποστολῆς τῆς γυναικὸς ἐν τῇ κοινωνίᾳ.,On the mission of women in society.,37,,"Sociology, Gender Studies",False
image_0220_left.png,Journal Article,ΤΟΜΟΣ Α' (1861),VOLUME I (1861),§ Περιλήψεις πραγματειῶν.,§ Summaries of treatises.,Ν. Βεγλερῆ,N. Vegleri,"Vegleri, N.",,Περὶ γυναικός.,On woman.,38,,"Sociology, Gender Studies",False
image_0220_left.png,Journal Article,ΤΟΜΟΣ Α' (1861),VOLUME I (1861),§ Περιλήψεις πραγματειῶν.,§ Summaries of treatises.,Π. Εὐθύφρονος,P. Efthyfronos,"Efthyfronos, P.",,Περὶ τῆς ἀξίας τῆς γυναικός.,On the value of woman.,89,,"Sociology, Gender Studies",False
image_0220_left.png,Journal Article,ΤΟΜΟΣ Α' (1861),VOLUME I (1861),§ Περιλήψεις πραγματειῶν.,§ Summaries of treatises.,Μ. Βλάδου,M. Vladou,"Vladou, M.",,Περὶ τῶν ἀνατομικῶν καὶ φυσιολογικῶν διαφορῶν τοῦ ἀνδρικοῦ καὶ γυναικείου σώματος καὶ τῆς ἐπιρροῆς αὐτῶν ἐπὶ τοῦ βίου καὶ τῆς ἐνεργείας τῶν δύο φύλων.,On the anatomical and physiological differences of the male and female body and their influence on the life and activity of the two sexes.,39,,"Biology, Medicine, Gender Studies",False
image_0220_left.png,Journal Article,ΤΟΜΟΣ Α' (1861),VOLUME I (1861),§ Περιλήψεις πραγματειῶν.,§ Summaries of treatises.,Α. Δαλαπόρτα,A. Dalaporta,"Dalaporta, A.",,Περὶ γυναικός.,On woman.,40,,"Sociology, Gender Studies",False
image_0220_left.png,Journal Article,ΤΟΜΟΣ Α' (1861),VOLUME I (1861),§ Περιλήψεις πραγματειῶν.,§ Summaries of treatises.,Κ. Φωκᾶ,K. Foka,"Foka, K.",,Περὶ γυναικός.,On woman.,41,,"Sociology, Gender Studies",False
image_0220_left.png,Journal Article,ΤΟΜΟΣ Α' (1861),VOLUME I (1861),§ Περιλήψεις πραγματειῶν.,§ Summaries of treatises.,Α. Γ. Πασπάτη,A. G. Paspati,"Paspati, A. G.",,Περὶ συγκριτικῆς φιλολογίας,On comparative philology,80,,"Philology, Linguistics",False
image_0220_left.png,Journal Article,ΤΟΜΟΣ Α' (1861),VOLUME I (1861),§ Περιλήψεις πραγματειῶν.,§ Summaries of treatises.,Μ. Βλάδου,M. Vladou,"Vladou, M.",,Περίληψις τῆς περιηγήσεως τοῦ Hahn ἀπὸ Βελιγραδίου εἰς Θεσσαλονίκην.,Summary of Hahn's journey from Belgrade to Thessaloniki.,81,,"Geography, History",False
image_0220_left.png,Journal Article,ΤΟΜΟΣ Α' (1861),VOLUME I (1861),§ Περιλήψεις πραγματειῶν.,§ Summaries of treatises.,Θ. Ζ. Ζωγράφου,Th. Z. Zografou,"Zografou, Th. Z.",,Περὶ εὐνούχων,On eunuchs,82,,"History, Sociology",False
image_0220_left.png,Journal Article,ΤΟΜΟΣ Α' (1861),VOLUME I (1861),§ Περιλήψεις πραγματειῶν.,§ Summaries of treatises.,Μ. Παρανίκα,M. Paranika,"Paranika, M.",,Περὶ τῶν προϊστορικῶν χρόνων τῆς Ἑλλάδος,On the prehistoric times of Greece,"83, 90",,"History, Archaeology",False
image_0220_left.png,Journal Article,ΤΟΜΟΣ Α' (1861),VOLUME I (1861),§ Περιλήψεις πραγματειῶν.,§ Summaries of treatises.,Α. Ζωηροῦ,A. Zoirou,"Zoirou, A.",,Βιογραφία τοῦ Saint Marc Girardin καὶ ἀνάλυσις τοῦ περὶ δραματικῆς ποιήσεως συγράμματος αὐτοῦ.,Biography of Saint Marc Girardin and analysis of his treatise on dramatic poetry.,85,,"Biography, Literature",False
image_0220_left.png,Journal Article,ΤΟΜΟΣ Α' (1861),VOLUME I (1861),§ Περιλήψεις πραγματειῶν.,§ Summaries of treatises.,Ι. Ζωγράφου,I. Zografou,"Zografou, I.",,Περίληψις τοῦ συγράμματος τοῦ κ. Ν. Τορνάουφ τοῦ ἐπιγραφομένου «Τὸ Μουσουλμανικὸν δίκαιον»,"Summary of the treatise of Mr. N. Tornauf entitled ""Islamic Law""",77,,"Law, Religion",False
image_0220_left.png,Journal Article,ΤΟΜΟΣ Α' (1861),VOLUME I (1861),§ Περιλήψεις πραγματειῶν.,§ Summaries of treatises.,Α. Ζωηροῦ,A. Zoirou,"Zoirou, A.",,Ἀδὰμ καὶ Εὔα,Adam and Eve,90,,"Theology, Religion",False
image_0220_left.png,Journal Article,ΤΟΜΟΣ Α' (1861),VOLUME I (1861),§ Περιλήψεις πραγματειῶν.,§ Summaries of treatises.,Α. Γ. Πασπάτη,A. G. Paspati,"Paspati, A. G.",,Περὶ ἰνδικῶν μελετημάτων,On Indian studies,"136, 187, 189",,"Philology, History",False
image_0220_left.png,Journal Article,ΤΟΜΟΣ Α' (1861),VOLUME I (1861),§ Περιλήψεις πραγματειῶν.,§ Summaries of treatises.,Α. Βαφειάδου,A. Vafeiadou,"Vafeiadou, A.",,Βιογραφία Ἀ. Παλαιολόγου.,Biography of A. Palaiologos.,139,,"Biography, History",False
image_0220_left.png,Journal Article,ΤΟΜΟΣ Α' (1861),VOLUME I (1861),§ Περιλήψεις πραγματειῶν.,§ Summaries of treatises.,Ι. Ζωγράφου,I. Zografou,"Zografou, I.",,Ἱστορία τῆς Ὀθωμανικῆς Αὐτοκρατορίας,History of the Ottoman Empire,139,,History,False
image_0220_left.png,Journal Article,ΤΟΜΟΣ Α' (1861),VOLUME I (1861),§ Περιλήψεις πραγματειῶν.,§ Summaries of treatises.,Γ. Σοφοκλέους,G. Sofokleous,"Sofokleous, G.",,Περὶ τῶν πρὸ Χριστοῦ Ἑλληνίδων συγγραφέων,On pre-Christian Greek female writers,14,,"History, Literature, Gender Studies",False
image_0220_left.png,Journal Article,ΤΟΜΟΣ Α' (1861),VOLUME I (1861),§ Περιλήψεις πραγματειῶν.,§ Summaries of treatises.,Ε. Ἰωαννίδου,E. Ioannidou,"Ioannidou, E.",,Παρέκβασις περὶ τῆς κεφαλῆς φυσιολογικῶς καὶ ψυχολογικῶς θεωρουμένης,Digression on the head considered physiologically and psychologically,143,,"Biology, Psychology",False
image_0220_left.png,Journal Article,ΤΟΜΟΣ Α' (1861),VOLUME I (1861),§ Περιλήψεις πραγματειῶν.,§ Summaries of treatises.,Ι. Κασσιανοῦ,I. Kassianou,"Kassianou, I.",,Περὶ τῶν κατὰ τοὺς φιλοσοφοῦντας δημιουργικῶν κύκλων.,On the creative cycles according to philosophers.,150,,Philosophy,False
image_0220_left.png,Journal Article,ΤΟΜΟΣ Α' (1861),VOLUME I (1861),§ Περιλήψεις πραγματειῶν.,§ Summaries of treatises.,Ε. Ἰωαννίδου,E. Ioannidou,"Ioannidou, E.",,Περιγραφὴ χειρογράφου Εὐαγγελίου τοῦ Ι' ἤ ΙΑ' αἰῶνος,Description of a manuscript Gospel of the 10th or 11th century,194,,"Theology, Philology, History",False
image_0220_left.png,Journal Article,ΤΟΜΟΣ Α' (1861),VOLUME I (1861),§ Περιλήψεις πραγματειῶν.,§ Summaries of treatises.,Η. Βασιάδου,I. Vasiadou,"Vasiadou, I.",,Περὶ τῶν φυσιολογικῶν καὶ ψυχολογικῶν θεωριῶν τῶν ἀρχαίων Ἑλλήνων Φιλοσόφων,On the physiological and psychological theories of the ancient Greek Philosophers,195,,"Philosophy, History, Psychology",False
image_0220_left.png,Journal Article,ΤΟΜΟΣ Α' (1861),VOLUME I (1861),§ Περιλήψεις πραγματειῶν.,§ Summaries of treatises.,Ι. Κασσιανοῦ,I. Kassianou,"Kassianou, I.",,Παρατηρήσεις ἐπὶ τοῦ ἀνωτέρω ἀναγνώσματος τοῦ Ἡ. Βασιάδου,Observations on the above reading by I. Vasiadou,201,,Philosophy,False
image_0220_left.png,Journal Article,ΤΟΜΟΣ Α' (1861),VOLUME I (1861),§ Περιλήψεις πραγματειῶν.,§ Summaries of treatises.,Η. Βασιάδου,I. Vasiadou,"Vasiadou, I.",,Τίς ἡ μονὰς παρ' Ἕλλησι καὶ Ρωμαίοις πρὸς ἐκτίμησιν τῆς ἀξίας τῶν πραγμάτων πρὸ τῆς χρήσεως τῶν μεταλλικῶν νομισμάτων,What was the unit among Greeks and Romans for estimating the value of things before the use of metal coins,202,,"History, Economics, Archaeology",False
image_0220_left.png,Journal Article,ΤΟΜΟΣ Α' (1861),VOLUME I (1861),§ Περιλήψεις πραγματειῶν.,§ Summaries of treatises.,Ι. Κασσιανοῦ,I. Kassianou,"Kassianou, I.",,Περὶ ὡραίου καὶ ὑψηλοῦ,On the beautiful and the sublime,205,,"Philosophy, Aesthetics",False
image_0220_left.png,Journal Article,ΤΟΜΟΣ Α' (1861),VOLUME I (1861),§ Περιλήψεις πραγματειῶν.,§ Summaries of treatises.,Μ. Παρανίκα,M. Paranika,"Paranika, M.",,Περὶ τῶν τρωγλοδυτῶν τῆς Καππαδοκίας κατὰ τὸν Mordtmann,On the troglodytes of Cappadocia according to Mordtmann,206,,"History, Geography, Anthropology",False
image_0220_left.png,Journal Article,ΤΟΜΟΣ Α' (1861),VOLUME I (1861),§ Περιλήψεις πραγματειῶν.,§ Summaries of treatises.,Γ. Σοφοκλέους,G. Sofokleous,"Sofokleous, G.",,Περὶ τρωγλοδυτῶν τῆς Καππαδοκίας,On troglodytes of Cappadocia,210,,"History, Geography, Anthropology",False
image_0220_left.png,Journal Article,ΤΟΜΟΣ Α' (1861),VOLUME I (1861),§ Περιλήψεις πραγματειῶν.,§ Summaries of treatises.,Θ. Ζ. Ζωγράφου,Th. Z. Zografou,"Zografou, Th. Z.",,Περὶ πολυθεϊσμοῦ παρ' Ἕλλησι,On polytheism among the Greeks,288,,"History, Religion",False
image_0220_left.png,Journal Article,ΤΟΜΟΣ Α' (1861),VOLUME I (1861),§ Περιλήψεις πραγματειῶν.,§ Summaries of treatises.,Μ. Παρανίκα,M. Paranika,"Paranika, M.",,Περὶ τῶν τρωγλοδυτῶν τῆς Καππαδοκίας,On the troglodytes of Cappadocia,294,,"History, Geography, Anthropology",False
image_0220_left.png,Journal Article,ΤΟΜΟΣ Α' (1861),VOLUME I (1861),§ Περιλήψεις πραγματειῶν.,§ Summaries of treatises.,Η. Βασιάδου,I. Vasiadou,"Vasiadou, I.",,Περιγραφὴ τῶν ἐν Καππαδοκίᾳ τρωγλῶν κατὰ τὸν κ. Texier.,Description of the caves in Cappadocia according to Mr. Texier.,296,,"Geography, History, Archaeology",False
image_0220_left.png,Journal Article,ΤΟΜΟΣ Α' (1861),VOLUME I (1861),§ Λόγοι ἐκφωνηθέντες ἐν τῇ ἐπετείῳ πανηγύρει.,§ Speeches delivered at the anniversary celebration.,Η. Βασιάδου,I. Vasiadou,"Vasiadou, I.",,Περὶ Ἕκτορος καὶ Ἀνδρομάχης,On Hector and Andromache,126,,"Literature, Philology",False
image_0220_left.png,Journal Article,ΤΟΜΟΣ Α' (1861),VOLUME I (1861),§ Λόγοι ἐκφωνηθέντες ἐν τῇ ἐπετείῳ πανηγύρει.,§ Speeches delivered at the anniversary celebration.,Σ. Καραθεοδωρῆ,S. Karatheodori,"Karatheodori, S.",,Περὶ ἐθνικοῦ χαρακτῆρος.,On national character.,133,,"Sociology, History",False
image_0220_left.png,Journal Article,ΤΟΜΟΣ Α' (1861),VOLUME I (1861),§ Λόγοι ἐκφωνηθέντες ἐν τῇ ἐπετείῳ πανηγύρει.,§ Speeches delivered at the anniversary celebration.,Sir Henry Bulwer,Sir Henry Bulwer,"Bulwer, Sir Henry",,Περὶ τῶν Ἑλληνικῶν γραμμάτων,On Greek letters,203,,"Literature, Philology",False
image_0220_left.png,Journal Article,ΤΟΜΟΣ Α' (1861),VOLUME I (1861),§ Λόγοι ἐκφωνηθέντες ἐν τῇ ἐπετείῳ πανηγύρει.,§ Speeches delivered at the anniversary celebration.,Π. Α. Ζάνου,P. A. Zanou,"Zanou, P. A.",,Περὶ Φωτίου.,On Photios.,225,,"History, Theology, Biography",False
image_0220_left.png,Journal Article,ΤΟΜΟΣ Α' (1861),VOLUME I (1861),§ Λόγοι ἐκφωνηθέντες ἐν τῇ ἐπετείῳ πανηγύρει.,§ Speeches delivered at the anniversary celebration.,Η. Βασιάδου,I. Vasiadou,"Vasiadou, I.",,Περὶ Ἀ. Παλαιολόγου καὶ Ἰ. Γαλάτου,On A. Palaiologos and I. Galatos,282,,"Biography, History",False
image_0220_left.png,Journal Article,ΤΟΜΟΣ Α' (1861),VOLUME I (1861),§ Λόγοι ἐκφωνηθέντες ἐν τῇ ἐπετείῳ πανηγύρει.,§ Speeches delivered at the anniversary celebration.,,,,,"Πρόγραμμα διαγωνισμοῦ Εὐγενίου Ξηροποταμηνοῦ πρὸς περιγραφὴν Θεσσαλίας (1865), Μακεδονίας (1866), Θράκης (1867)","Program of the Eugenios Xiropotaminos competition for the description of Thessaly (1865), Macedonia (1866), Thrace (1867)",214,,"Geography, History",False
image_0220_right.png,Journal Article,ΤΟΜΟΣ Α' (1861),VOLUME I (1861),§ Λόγοι ἐκφωνηθέντες ἐν τῇ ἐπετείῳ πανηγύρει.,§ Speeches delivered at the anniversary celebration.,,,,,Πρόγραμμα διαγωνισμοῦ Χρηστάκη Ζωγράφου πρὸς περιγραφὴν Ἠπείρου (1865).,Program of the Christakis Zografos competition for the description of Epirus (1865).,σ. 286,,"Geography, History",False
image_0220_right.png,Journal Article,ΤΟΜΟΣ Α' (1861),VOLUME I (1861),§ Ἐρανίσματα.,§ Miscellanea.,Γ. Σοφοκλέους,G. Sofokleous,"Sofokleous, G.",,Περὶ τινος ἀρχαίου χειρογράφου τῆς Ἱερᾶς Γραφῆς καὶ περὶ τοῦ κειμένου τῆς Καινῆς Διαθήκης (ἐκ τῆς Revue Germanique),On an ancient manuscript of the Holy Scripture and on the text of the New Testament (from the Revue Germanique),σ. 43,,"Theology, Philology",False
image_0220_right.png,Journal Article,ΤΟΜΟΣ Α' (1861),VOLUME I (1861),§ Ἐρανίσματα.,§ Miscellanea.,Ν. Γεωργιάδου,N. Georgiadis,"Georgiadis, N.",,"Οἱ Λέλεγες, ἐθνογραφικὴ πραγματεία (ἐκ τῆς αὐτῆς).","The Leleges, an ethnographic treatise (from the same).",σ. 44,,"Ethnography, History",False
image_0220_right.png,Journal Article,ΤΟΜΟΣ Α' (1861),VOLUME I (1861),§ Ἐρανίσματα.,§ Miscellanea.,Σ. Ἀριστάρχου,S. Aristarchos,"Aristarchos, S.",,Διεθνὴς Ἑταιρία διὰ τὴν πρόοδον τῶν κοινωνικῶν ἐπιστημῶν (ἐκ τῆς Indépendance Belge),International Society for the Advancement of Social Sciences (from the Indépendance Belge),σ. 47,,Sociology,False
image_0220_right.png,Journal Article,ΤΟΜΟΣ Α' (1861),VOLUME I (1861),§ Ἐρανίσματα.,§ Miscellanea.,Σ. Ἀριστάρχου,S. Aristarchos,"Aristarchos, S.",,Κρίσεις ἐπὶ τῆς ἱστορίας τῆς ἐπιστήμης τῆς γλώσσης (ἐκ τῆς Revue Germanique),Judgments on the history of the science of language (from the Revue Germanique),σ. 91,,"Linguistics, History of Science",False
image_0220_right.png,Journal Article,ΤΟΜΟΣ Α' (1861),VOLUME I (1861),§ Ἐρανίσματα.,§ Miscellanea.,Θ. Ζωγράφου,Th. Zografos,"Zografos, Th.",,Ἀνασκαφαὶ ἐν Πομπηΐᾳ (ἐκ τοῦ Année Scientifique).,Excavations in Pompeii (from the Année Scientifique).,σ. 93,,Archaeology,False
image_0220_right.png,Journal Article,ΤΟΜΟΣ Α' (1861),VOLUME I (1861),§ Ἐρανίσματα.,§ Miscellanea.,Ἀ. Βαφειάδου,A. Vafeiadis,"Vafeiadis, A.",,Περιγραφὴ ἀνεκδότου τινὸς Ἑλληνικοῦ ἀναγλύφου (κατὰ τὸν Déthier),Description of an unpublished Greek relief (according to Déthier),σ. 153,,"Archaeology, Art History",False
image_0220_right.png,Journal Article,ΤΟΜΟΣ Α' (1861),VOLUME I (1861),§ Ἐρανίσματα.,§ Miscellanea.,Ἀ. Βαφειάδου,A. Vafeiadis,"Vafeiadis, A.",,"Παρατηρήσεις τινὲς ἐπὶ τοῦ φωτὸς καὶ ἰδίως τοῦ ἡλίου, (γενόμεναι ἐν τῇ British Association).","Some observations on light and especially on the sun, (made at the British Association).",σ. 154,,"Physics, Astronomy",False
image_0220_right.png,Journal Article,ΤΟΜΟΣ Α' (1861),VOLUME I (1861),§ Ἐρανίσματα.,§ Miscellanea.,Ἀ. Βαφειάδου,A. Vafeiadis,"Vafeiadis, A.",,Περὶ τελεγραφικῆς μετεωρολογίας (ἐκ τῆς Revue Germanique),On telegraphic meteorology (from the Revue Germanique),σ. 216,,Meteorology,False
image_0220_right.png,Journal Article,ΤΟΜΟΣ Α' (1861),VOLUME I (1861),§ Ἐρανίσματα.,§ Miscellanea.,Ἀ. Βαφειάδου,A. Vafeiadis,"Vafeiadis, A.",,Περὶ Σινικῶν ποιημάτων. (ἐκ τῆς αὐτῆς).,On Chinese poems. (from the same).,σ. 218,,"Literature, Philology",False
image_0220_right.png,Journal Article,ΤΟΜΟΣ Α' (1861),VOLUME I (1861),§ Ἐρανίσματα.,§ Miscellanea.,Ἡ. Βασιάδου,I. Vasiadis,"Vasiadis, I.",,Περὶ τοῦ εἰ οἱ Ἕλληνες ἐγνώρισαν τὴν χρῆσιν τῆς συναλλαγματικῆς (κατὰ τὸν Egger).,On whether the Greeks knew the use of the bill of exchange (according to Egger).,σ. 300,,"History, Economics",False
image_0220_right.png,Journal Article,ΤΟΜΟΣ Α' (1861),VOLUME I (1861),§ Ἐρανίσματα.,§ Miscellanea.,Ἡ. Βασιάδου,I. Vasiadis,"Vasiadis, I.",,Περὶ τῆς τάξεως ἣν κατέχει ἡ Ἑλληνικὴ Φυλὴ ἐν τῇ ἱστορίᾳ τοῦ ἀνθρωπίνου γένους (κατὰ τὸν V. Duruy),On the rank held by the Greek Race in the history of the human race (according to V. Duruy),σ. 302,,"History, Anthropology",False
image_0220_right.png,Journal Article,ΤΟΜΟΣ Α' (1861),VOLUME I (1861),§ Ἐρανίσματα.,§ Miscellanea.,Γ. Σοφοκλέους,G. Sofokleous,"Sofokleous, G.",,Περιγραφαὶ Κώδικός τινος τῆς Σχολῆς Παναγίας (νῦν Ζωγραφείου) περιέχοντος Ἐπιστολὰς Μελετίου τοῦ Πηγᾶ..,Descriptions of a Codex of the Panagia School (now Zografeion) containing Letters of Meletios Pegas..,"σ. 47, 221",,"Philology, History",False
image_0220_right.png,Journal Article,ΤΟΜΟΣ Α' (1861),VOLUME I (1861),§ Ἐρανίσματα.,§ Miscellanea.,Γ. Σοφοκλέους,G. Sofokleous,"Sofokleous, G.",,β') Περὶ τινος χειρογράφου περιέχοντος ἐπιστολὰς Νικηφόρου κτλ.,b) On a manuscript containing letters of Nikephoros etc.,σ. 93,,"Philology, History",False
image_0220_right.png,Journal Article,ΤΟΜΟΣ Α' (1861),VOLUME I (1861),§ Ἐρανίσματα.,§ Miscellanea.,Γ. Σοφοκλέους,G. Sofokleous,"Sofokleous, G.",,γ') Περιγραφὴ χειρογράφου Κ. Δαπόντε.,c) Description of a manuscript of K. Daponte.,σ. 155,,"Philology, History",False
image_0220_right.png,Journal Article,ΤΟΜΟΣ Α' (1861),VOLUME I (1861),§ Ἐρανίσματα.,§ Miscellanea.,Γ. Σοφοκλέους,G. Sofokleous,"Sofokleous, G.",,δ') Περιγραφὴ χειρογράφου περιέχοντος ἐπιστολὰς τῶν λογίων τοῦ ΙΣΤ' αἰῶνος (Κ. Λουκάρεως) καὶ ἄλλα σύμμικτα.,d) Description of a manuscript containing letters of scholars of the 16th century (K. Loukaris) and other miscellanea.,σ. 219,,"Philology, History",False
image_0220_right.png,Journal Article,ΤΟΜΟΣ Α' (1861),VOLUME I (1861),§ Πίνακες.,§ Tables.,Σ. Καραθεοδωρῆ,S. Karatheodori,"Karatheodori, S.",,Ἀρχαῖον φοινικικὸν ἢ ἀραμαϊκὸν ἀλφάβητον.,Ancient Phoenician or Aramaic alphabet.,σ. 2,,"Linguistics, Epigraphy",False
image_0220_right.png,Journal Article,ΤΟΜΟΣ Α' (1861),VOLUME I (1861),§ Πίνακες.,§ Tables.,Ε. Ἰωαννίδου,E. Ioannidis,"Ioannidis, E.",,Ἐπιγραφαὶ τοῦ ἐν Κων)πόλει Πατριαρχικοῦ Ναοῦ.,Inscriptions of the Patriarchal Church in Constantinople.,"σ. 54, 55",,"Epigraphy, Archaeology",False
image_0220_right.png,Journal Article,ΤΟΜΟΣ Α' (1861),VOLUME I (1861),§ Πίνακες.,§ Tables.,Ε. Ἰωαννίδου,E. Ioannidis,"Ioannidis, E.",,Βάθρον καὶ κιονόκρανον τοῦ ἐν Κιζ-Τασῆ μνημείου τοῦ αὐτοκράτορος Μαρκιανοῦ .,Base and capital of the monument of Emperor Marcian in Kiz-Tasi.,σ. 74,,Archaeology,False
image_0220_right.png,Journal Article,ΤΟΜΟΣ Α' (1861),VOLUME I (1861),§ Πίνακες.,§ Tables.,Ε. Ἰωαννίδου,E. Ioannidis,"Ioannidis, E.",,Παράθεσις ἀρχαίων ἑλληνικῶν καὶ ὀθωμανικῶν ἐπιτυμβίων στηλῶν Κ)πόλεως .,Juxtaposition of ancient Greek and Ottoman funerary steles of Constantinople.,σ. 74,,"Epigraphy, Archaeology",False
image_0220_right.png,Journal Article,ΤΟΜΟΣ Α' (1861),VOLUME I (1861),§ Πίνακες.,§ Tables.,Σ. Ἀριστάρχου,S. Aristarchos,"Aristarchos, S.",,Ἀνέκδοτοι ἐπιγραφαὶ τῆς Περίνθου .,Unpublished inscriptions of Perinthos.,σ. 257,,"Epigraphy, Archaeology",False
image_0220_right.png,Journal Article,ΤΟΜΟΣ Β' (1864-1865),VOLUME II (1864-1865),,,Σ. Μαυρογένους,S. Mavrogenis,"Mavrogenis, S.",,Περὶ ζωῆς καὶ ψυχῆς καὶ τῶν πρὸς ἀλλήλας σχέσεων αὐτῶν.,On life and soul and their relations to each other.,σ. 3,,"Philosophy, Psychology",False
image_0220_right.png,Journal Article,ΤΟΜΟΣ Β' (1864-1865),VOLUME II (1864-1865),,,Ἀ. Λασκάρεως,A. Laskaris,"Laskaris, A.",,"Ἱστορικὴ ἔποψις περὶ τῆς ἐν Μόσχᾳ Ἑλληνικῆς Ἀκαδημίας κατὰ τὸν ΙΖ' καὶ ΙΗ' αἰῶνα, ἤτοι περὶ τῶν ἀδελφῶν Λειχουδῶν, Ἰωαννικίου καὶ Σωφρονίου .","Historical view of the Greek Academy in Moscow during the 17th and 18th centuries, namely concerning the Leichoudis brothers, Ioannikios and Sophronios.",σ. 24,,"History, Education",False
image_0220_right.png,Journal Article,ΤΟΜΟΣ Β' (1864-1865),VOLUME II (1864-1865),,,Σ. Καραθεοδωρῆ,S. Karatheodori,"Karatheodori, S.",,Τὸ ἀλφάβητον (συνέχεια) .,The alphabet (continuation).,σ. 65,,"Linguistics, Epigraphy",False
image_0220_right.png,Journal Article,ΤΟΜΟΣ Β' (1864-1865),VOLUME II (1864-1865),,,Σ. Καραθεοδωρῆ,S. Karatheodori,"Karatheodori, S.",,Ἔκθεσις τῆς περὶ τοῦ ἀλφαβήτου γνώμης (τοῦ Hitzig).,Exposition of the opinion on the alphabet (of Hitzig).,σ. 76,,"Linguistics, Epigraphy",False
image_0220_right.png,Journal Article,ΤΟΜΟΣ Β' (1864-1865),VOLUME II (1864-1865),,,Κ. Καραπάνου,K. Karapanos,"Karapanos, K.",,Περὶ τῆς δουλείας ἐν ταῖς Ἡνωμέναις πολιτείαις τῆς Ἀμερικῆς.,On slavery in the United States of America.,σ. 84,,"History, Sociology",False
image_0221_left.png,Journal Article,ΤΟΜΟΣ Β' (1864-1865),VOLUME 2 (1864-1865),,,Ἀ. Καραθεοδωρῆ.,A. Karatheodori.,A. Karatheodori,,Περὶ τῶν γραμμάτων καὶ ἐπιστημῶν ἐπὶ Αὐγούστου.,About letters and sciences under Augustus.,σ. 149,,"History, Literature, History of Science",False
image_0221_left.png,Journal Article,ΤΟΜΟΣ Β' (1864-1865),VOLUME 2 (1864-1865),,,Ἀ. Πασπάτη.,A. Paspati.,A. Paspati,,Περὶ τῶν χερσαίων τειχῶν τῆς Κ)πόλεως.,About the land walls of Constantinople.,σ. 171,,"Archaeology, History",False
image_0221_left.png,Journal Article,ΤΟΜΟΣ Β' (1864-1865),VOLUME 2 (1864-1865),,,Ἀ. Πασπάτη.,A. Paspati.,A. Paspati,,Ἐπιγραφαὶ τῶν χερσαίων τειχῶν.,Inscriptions of the land walls.,σ. 189,,"Epigraphy, Archaeology",False
image_0221_left.png,Journal Article,ΤΟΜΟΣ Β' (1864-1865),VOLUME 2 (1864-1865),,,Ἀ. Πασπάτη.,A. Paspati.,A. Paspati,,Πύλαι τῶν χερσαίων τειχῶν.,Gates of the land walls.,σ. 209,,"Archaeology, History",False
image_0221_left.png,Journal Article,ΤΟΜΟΣ Β' (1864-1865),VOLUME 2 (1864-1865),,,Μ. Παρανίκα.,M. Paranika.,M. Paranika,,Περὶ Θρᾳκικῆς χερσονήσου.,About the Thracian peninsula.,σ. 221,,"Geography, History",False
image_0221_left.png,Journal Article,ΤΟΜΟΣ Β' (1864-1865),VOLUME 2 (1864-1865),,,Ἀ. Ἀρβανιτάκη.,A. Arvanitaki.,A. Arvanitaki,,Περὶ τῆς τῶν θείων πατέρων εὐγλωττίας.,About the eloquence of the divine fathers.,σ. 240,,"Theology, Rhetoric",False
image_0221_left.png,Journal Article,ΤΟΜΟΣ Β' (1864-1865),VOLUME 2 (1864-1865),,,Χ. Παπαδοπούλου.,Ch. Papadopoulou.,Ch. Papadopoulou,,Περὶ τινων ἀνεκδότων ἐπιγραφῶν Νικομηδείας.,About some unpublished inscriptions of Nicomedia.,σ. 251,,"Epigraphy, History",False
image_0221_left.png,Journal Article,ΤΟΜΟΣ Β' (1864-1865),VOLUME 2 (1864-1865),,,Σ. Ἀριστάρχου.,S. Aristarchou.,S. Aristarchou,,Περὶ τινων ἀνεκδότων ἐπιγραφῶν τῆς Περίνθου.,About some unpublished inscriptions of Perinthus.,σ. 232,,"Epigraphy, History",False
image_0221_left.png,Journal Article,ΤΟΜΟΣ Β' (1864-1865),VOLUME 2 (1864-1865),§ Περίληψις ἀναγνωσμάτων.,Summary of readings.,Ἀ. Δεθιήρου (Déthier).,A. Dethier.,A. Dethier,,Περί τινος χειρογράφου περιέχοντος ἰταλικὴν μετάφρασιν διαφόρων ἀρχαίων Ἑλλήνων καὶ Λατίνων συγγραφέων.,About a manuscript containing an Italian translation of various ancient Greek and Latin authors.,σ. 103,,"Philology, History",False
image_0221_left.png,Journal Article,ΤΟΜΟΣ Β' (1864-1865),VOLUME 2 (1864-1865),§ Περίληψις ἀναγνωσμάτων.,Summary of readings.,Θ. Ζωγράφου.,Th. Zografou.,Th. Zografou,,Περὶ τοῦ καθ' Ἡσίοδον πολυθεϊσμοῦ.,About polytheism according to Hesiod.,σ. 107,,"Mythology, Classics, Theology",False
image_0221_left.png,Journal Article,ΤΟΜΟΣ Β' (1864-1865),VOLUME 2 (1864-1865),§ Περίληψις ἀναγνωσμάτων.,Summary of readings.,Δ. Γώγου.,D. Gogou.,D. Gogou,,Περὶ ἀναπνοῆς καὶ ἀναπνευστικῶν ὀργάνων.,About respiration and respiratory organs.,σ. 260,,"Medicine, Biology",False
image_0221_left.png,Journal Article,ΤΟΜΟΣ Β' (1864-1865),VOLUME 2 (1864-1865),§ Περίληψις ἀναγνωσμάτων.,Summary of readings.,Ἀ. Πασπάτη.,A. Paspati.,A. Paspati,,Σύμμικτα ἐτυμολογικά.,Etymological miscellanea.,σ. 263,,"Linguistics, Philology",False
image_0221_left.png,Journal Article,ΤΟΜΟΣ Β' (1864-1865),VOLUME 2 (1864-1865),§ Περίληψις ἀναγνωσμάτων.,Summary of readings.,Ἰ. Δεκιγάλα.,I. Dekigala.,I. Dekigala,,Περὶ σεισμῶν.,About earthquakes.,σ. 266,,"Geology, Seismology",False
image_0221_left.png,Journal Article,ΤΟΜΟΣ Β' (1864-1865),VOLUME 2 (1864-1865),§ Περίληψις ἀναγνωσμάτων.,Summary of readings.,Γ. Γώγου.,G. Gogou.,G. Gogou,,Περὶ αὐξομειώσεως τοῦ ἀνθρωπίνου γένους.,About the increase and decrease of the human race.,σ. 269,,"Anthropology, Demography",False
image_0221_left.png,Journal Article,ΤΟΜΟΣ Β' (1864-1865),VOLUME 2 (1864-1865),§ Περίληψις ἀναγνωσμάτων.,Summary of readings.,Ἡ. Βασιάδου.,I. Vasiadou.,I. Vasiadou,,"Περὶ Διονύσου, τῆς λατρείας αὐτοῦ, καὶ περὶ τῆς παναρχαίας ἱστορίας τῆς Ἑλληνικῆς φυλῆς.","About Dionysus, his worship, and about the very ancient history of the Greek race.",σ. 281,,"Mythology, History, Classics",False
image_0221_left.png,Journal Article,ΤΟΜΟΣ Β' (1864-1865),VOLUME 2 (1864-1865),§ Περίληψις ἀναγνωσμάτων.,Summary of readings.,Γ. Γεωργιάδου.,G. Georgiadou.,G. Georgiadou,,Περὶ συναλλαγματικῆς.,About bills of exchange.,σ. 282,,"Economics, Law",False
image_0221_left.png,Journal Article,ΤΟΜΟΣ Β' (1864-1865),VOLUME 2 (1864-1865),§ Περίληψις ἀναγνωσμάτων.,Summary of readings.,Ἀ. Καραθεοδωρῆ.,A. Karatheodori.,A. Karatheodori,,Περὶ ἀνακαλύψεως δύω ἀνδριάντων καὶ περὶ ῥαβδομαντείας.,About the discovery of two statues and about rhabdomancy.,σ. 122,,"Archaeology, Folklore",False
image_0221_left.png,Journal Article,ΤΟΜΟΣ Β' (1864-1865),VOLUME 2 (1864-1865),§ Περίληψις ἀναγνωσμάτων.,Summary of readings.,Ἐ. Ἰωαννίδου.,E. Ioannidou.,E. Ioannidou,,Περὶ ἀναγλύφου τοῦ ἐν τῇ νήσῳ Ἀντιγόνῃ ναοῦ τοῦ Προδρόμου.,About a relief of the temple of the Forerunner on the island of Antigone.,σ. 128,,"Archaeology, Art History",False
image_0221_left.png,Journal Article,ΤΟΜΟΣ Β' (1864-1865),VOLUME 2 (1864-1865),§ Περίληψις ἀναγνωσμάτων.,Summary of readings.,Ἐ. Ἰωαννίδου.,E. Ioannidou.,E. Ioannidou,,Περὶ τοῦ ἐν Φιλδερὲ μνημείου.,About the monument in Fildere.,σ. 260,,"Archaeology, History",False
image_0221_left.png,Journal Article,ΤΟΜΟΣ Β' (1864-1865),VOLUME 2 (1864-1865),§ Ἐρανίσματα.,Miscellanea.,Ἰ. Ἀριστοκλέους.,I. Aristokleous.,I. Aristokleous,,Περὶ τῆς κοινῆς καταγωγῆς τῶν κυριωτέρων τῆς Εὐρώπης ἐθνῶν κατὰ τὸν A. Maury.,About the common origin of the principal nations of Europe according to A. Maury.,σ. 54,,"Ethnology, History",False
image_0221_left.png,Journal Article,ΤΟΜΟΣ Β' (1864-1865),VOLUME 2 (1864-1865),§ Ἐρανίσματα.,Miscellanea.,Ἡ. Βασιάδου.,I. Vasiadou.,I. Vasiadou,,Περὶ τῶν σχέσεων τοῦ Ἰνδικοῦ καὶ Ἑλληνικοῦ δράματος κατὰ τὸν F. Chasles.,About the relations of Indian and Greek drama according to F. Chasles.,σ. 56,,"Literature, Comparative Literature",False
image_0221_left.png,Journal Article,ΤΟΜΟΣ Β' (1864-1865),VOLUME 2 (1864-1865),§ Ἐρανίσματα.,Miscellanea.,Ἡ. Βασιάδου.,I. Vasiadou.,I. Vasiadou,,Ἐπιστασίαι ἐπὶ τῆς ἱστορίας τῆς δουλείας ἐν τῇ ἀρχαιότητι κατὰ τὸν Egger.,Observations on the history of slavery in antiquity according to Egger.,σ. 131,,"History, Sociology",False
image_0221_left.png,Journal Article,ΤΟΜΟΣ Β' (1864-1865),VOLUME 2 (1864-1865),§ Ἐρανίσματα.,Miscellanea.,Ἀ. Νομικοῦ.,A. Nomikou.,A. Nomikou,,Περὶ χρωματογραφίας κατὰ τὸ Bruno.,About chromatography according to Bruno.,σ. 139,,"Art, Chemistry",False
image_0221_left.png,Journal Article,ΤΟΜΟΣ Β' (1864-1865),VOLUME 2 (1864-1865),§ Ἐρανίσματα.,Miscellanea.,Σ. Ἀριστάρχου.,S. Aristarchou.,S. Aristarchou,,Ἐπιστολὴ τοῦ ἀοιδίμου Πατριάρχου Κωνσταντίου περὶ τῆς Μ. τοῦ Γένους Σχολῆς.,Letter of the late Patriarch Constantius about the Great School of the Nation.,σ. 281,,"History, Education, Theology",False
image_0221_left.png,Journal Article,ΤΟΜΟΣ Β' (1864-1865),VOLUME 2 (1864-1865),§ Ἐρανίσματα.,Miscellanea.,Ἰ. Ἀριστοκλέους.,I. Aristokleous.,I. Aristokleous,,Περὶ τῆς κοινῆς καταγωγῆς τῶν κυριωτέρων τῆς Εὐρώπης ἐθνῶν κατὰ τὸν Maury (συνέχεια).,About the common origin of the principal nations of Europe according to Maury (continuation).,,,"Ethnology, History",False
image_0221_left.png,Journal Article,ΤΟΜΟΣ Β' (1864-1865),VOLUME 2 (1864-1865),§ Ἐρανίσματα.,Miscellanea.,Ἐ. Ἰωαννίδου.,E. Ioannidou.,E. Ioannidou,,Περιγραφαὶ δεκατεσσάρων κωδίκων καὶ ἰδίᾳ εὐαγγελίων ἐκ μεμβράνης (ἐν Κ)πόλει).,Descriptions of fourteen codices and specifically gospels on parchment (in Constantinople).,"σ. 60, 141",,"Codicology, Theology, History",False
image_0221_left.png,Journal Article,ΤΟΜΟΣ Γ' (1866-67),VOLUME 3 (1866-67),,,Γ. Σοφοκλέους,G. Sofokleous,G. Sofokleous,,Περὶ τῆς ἐν τοῖς δημοτικοῖς σχολείοις διδασκαλίας.,About teaching in public schools.,σ. 1,,Education,False
image_0221_left.png,Journal Article,ΤΟΜΟΣ Γ' (1866-67),VOLUME 3 (1866-67),,,Π. Κουπιτώρη.,P. Koupitori.,P. Koupitori,,Περὶ τοῦ Ἀλβανικοῦ ἀλφαβήτου.,About the Albanian alphabet.,σ. 9,,"Linguistics, Philology",False
image_0221_left.png,Journal Article,ΤΟΜΟΣ Γ' (1866-67),VOLUME 3 (1866-67),,,Ἀ. Κουμπάρη.,A. Koumpari.,A. Koumpari,,Παρατηρήσεις περὶ σώματος στρογγύλου διελθόντος ἔμπροσθεν τοῦ δίσκου τοῦ ἡλίου.,Observations on a round body passing in front of the sun's disk.,σ. 14,,Astronomy,False
image_0221_left.png,Journal Article,ΤΟΜΟΣ Γ' (1866-67),VOLUME 3 (1866-67),,,Σ. Ἀριστάρχου.,S. Aristarchou.,S. Aristarchou,,Ἔκθεσις περὶ τῶν διαγωνισμάτων Θεσσαλίας καὶ Ἠπείρου. Χρυσόβουλλον Ἀνδρονίκου Παλαιολόγου τοῦ νεωτέρου πρὸς τὴν ἐπισκοπὴν Σταγῶν.,Report on the competitions of Thessaly and Epirus. Chrysobull of Andronikos Palaiologos the younger to the bishopric of Stagon.,"σ. 19, 32",,"History, Education",False
image_0221_right.png,Journal Article,ΤΟΜΟΣ Γ' (1866-67),VOLUME III (1866-67),,,,,,,Σιγίλιον ᾿Αντωνίου Δ' Πατριάρχου Κ)λπόλεως (περὶ Σταγῶν).,"Sigillion of Antonios IV, Patriarch of Constantinople (concerning Stagoi).",34,,"History, Theology",False
image_0221_right.png,Journal Article,ΤΟΜΟΣ Γ' (1866-67),VOLUME III (1866-67),,,,,,,"Χρυσόβουλλον ᾿Ανδρονίκου Παλαιολόγου τοῦ νεωτέρου, πρὸς τὴν μονὴν τῶν μεγάλων Πυλῶν.","Chrysobull of Andronikos Palaiologos the Younger, to the monastery of the Great Gates.",36,,History,False
image_0221_right.png,Journal Article,ΤΟΜΟΣ Γ' (1866-67),VOLUME III (1866-67),,,,,,,᾿Επιγραφαὶ ἀνέκδοτοι Θεσσαλίας.,Unpublished inscriptions of Thessaly.,37,,"Archaeology, Epigraphy",False
image_0221_right.png,Journal Article,ΤΟΜΟΣ Γ' (1866-67),VOLUME III (1866-67),,,,,,,᾿Επιγραφαὶ ἀνέκδοτοι ᾿Ηπείρου,Unpublished inscriptions of Epirus,38,,"Archaeology, Epigraphy",False
image_0221_right.png,Journal Article,ΤΟΜΟΣ Γ' (1866-67),VOLUME III (1866-67),,,Κ. Καλλιάδου.,K. Kalliadou.,"Kalliadou, K.",,῎Εκθεσις ἐπὶ τῶν δημοσίων μαθημάτων τοῦ Συλλόγου,Report on the public courses of the Society,39,,"Education, History",False
image_0221_right.png,Journal Article,ΤΟΜΟΣ Γ' (1866-67),VOLUME III (1866-67),,,Μ. Παρανίκα.,M. Paranika.,"Paranikas, M.",,Περὶ Θρᾳκικῆς Χερσονήσου (συνέχεια τόμ. Β.),On the Thracian Chersonese (continuation from vol. II),48,,"Geography, History",False
image_0221_right.png,Journal Article,ΤΟΜΟΣ Γ' (1866-67),VOLUME III (1866-67),,,Dr Déthier.,Dr Déthier.,"Déthier, Dr.",,Μνημεῖον Θεοδοσίου τοῦ Β' ἐπὶ τῆς ἀγορᾶς Ταύρου,Monument of Theodosius II in the Forum of Taurus,62,,"Archaeology, History",False
image_0221_right.png,Journal Article,ΤΟΜΟΣ Γ' (1866-67),VOLUME III (1866-67),§ Περιλήψεις.,§ Summaries.,Χ. Παπαδοπούλου.,Ch. Papadopoulou.,"Papadopoulos, Ch.",,Περὶ τῆς ἀρχαιοτάτης γραφῆς ᾿Ασιατικῶν τινων ἐθνῶν,On the most ancient writing of some Asian nations,68,,"Linguistics, History",False
image_0221_right.png,Journal Article,ΤΟΜΟΣ Γ' (1866-67),VOLUME III (1866-67),§ Περιλήψεις.,§ Summaries.,᾿Ε. ᾿Ιωαννίδου.,E. Ioannidou.,"Ioannides, E.",,῎Εκθεσις περὶ Βυζαντινῶν τινων ἀρχαιοτήτων,Report on some Byzantine antiquities,69,,"Archaeology, History",False
image_0221_right.png,Journal Article,ΤΟΜΟΣ Γ' (1866-67),VOLUME III (1866-67),§ Περιλήψεις.,§ Summaries.,᾿Ε. ᾿Ιωαννίδου.,E. Ioannidou.,"Ioannides, E.",,᾿Ανάγλυφον ἐκ Χάλκης,Relief from Halki,77,,Archaeology,False
image_0221_right.png,Journal Article,ΤΟΜΟΣ Γ' (1866-67),VOLUME III (1866-67),§ Περιλήψεις.,§ Summaries.,᾿Α. Πασπάτη.,A. Paspati.,"Paspatis, A.",,᾿Ινδικὰ μελετήματα,Indian studies,70,,"Philology, Linguistics",False
image_0221_right.png,Journal Article,ΤΟΜΟΣ Γ' (1866-67),VOLUME III (1866-67),§ Περιλήψεις.,§ Summaries.,᾿Α. Πασπάτη.,A. Paspati.,"Paspatis, A.",,Παρατηρήσεις ἐπὶ ἀρχαιολογικῶν τινων ἀντικειμένων,Observations on some archaeological objects,,,Archaeology,False
image_0221_right.png,Journal Article,ΤΟΜΟΣ Γ' (1866-67),VOLUME III (1866-67),§ Περιλήψεις.,§ Summaries.,Χ. Παπαδοπούλου.,Ch. Papadopoulou.,"Papadopoulos, Ch.",,Παρατηρήσεις ἐπὶ ἐπιγραφῆς ἀνακαλυφθείσης ἐν Τοπχανέ.,Observations on an inscription discovered in Tophane.,78,,"Archaeology, Epigraphy",False
image_0221_right.png,Journal Article,ΤΟΜΟΣ Γ' (1866-67),VOLUME III (1866-67),§ Περιλήψεις.,§ Summaries.,᾿Αβδουλλὰχ βέης.,Abdullah Bey.,Abdullah Bey,,Περὶ τῆς συμβολικῆς καὶ ἰδεολογικῆς ἀξίας τῶν ῥιζικῶν λέξεων,On the symbolic and ideological value of root words,79,,"Linguistics, Philology",False
image_0221_right.png,Journal Article,ΤΟΜΟΣ Γ' (1866-67),VOLUME III (1866-67),§ Περιλήψεις.,§ Summaries.,᾿Ε. ᾿Ιωαννίδου.,E. Ioannidou.,"Ioannides, E.",,Κριτικαὶ ἐπιστασίαι εἰς τὸ περὶ τοῦ Πατριαρχικοῦ θρόνου πόνημα τοῦ Γ. Χρυσοβέργη,Critical observations on the work concerning the Patriarchal throne by G. Chrysovergis,82,,"Theology, History",False
image_0221_right.png,Journal Article,ΤΟΜΟΣ Γ' (1866-67),VOLUME III (1866-67),§ Περιλήψεις.,§ Summaries.,᾿Α. Ζωηροῦ.,A. Zoiro.,"Zoiros, A.",,Βιογραφία Θ. Ζωγράφου,Biography of Th. Zografos,86,,"Biography, History",False
image_0221_right.png,Journal Article,ΤΟΜΟΣ Γ' (1866-67),VOLUME III (1866-67),§ Περιλήψεις.,§ Summaries.,Π. Μαντάνη,P. Mantani,"Mantanis, P.",,Περὶ τοῦ ῎Οζοντος.,On Ozone.,92,,"Chemistry, Science",False
image_0221_right.png,Journal Article,ΤΟΜΟΣ Γ' (1866-67),VOLUME III (1866-67),§ Περιλήψεις.,§ Summaries.,Σ. Μαυρογένους.,S. Mavrogenous.,"Mavrogenis, S.",,"Περὶ Πλουτάρχου, τοῦ βίου καὶ τῆς ἠθικῆς αὐτοῦ ὑπὸ Ch. Levêque","On Plutarch, his life and ethics by Ch. Levêque",93,,"Philosophy, Biography, Literature",False
image_0221_right.png,Journal Article,ΤΟΜΟΣ Γ' (1866-67),VOLUME III (1866-67),§ Περιλήψεις.,§ Summaries.,᾿Ε. ᾿Ιωαννίδου.,E. Ioannidou.,"Ioannides, E.",,Περιγραφὴ εὐαγγελικῶν κωδίκων ἐπὶ μεμβράνης.,Description of gospel codices on parchment.,106,,"Theology, Philology, History",False
image_0221_right.png,Journal Article,ΤΟΜΟΣ Δ' (1871),VOLUME IV (1871),,,Σ. ᾿Αριστάρχου.,S. Aristarchou.,"Aristarchos, S.",,"Περὶ τινων ἀνεκδότων ἐπιγραφῶν Περίνθου, ῾Ηρακλείας καὶ Σηλυβρίας.","On some unpublished inscriptions of Perinthos, Heraclea and Selymbria.",1,,"Archaeology, Epigraphy",False
image_0221_right.png,Journal Article,ΤΟΜΟΣ Δ' (1871),VOLUME IV (1871),,,Δ. ῾Ραζῆ.,D. Razi.,"Razis, D.",,Περὶ τῆς ποιήσεως παρ' ᾿Ασιανοῖς.,On poetry among the Asians.,16,,"Literature, Philology",False
image_0221_right.png,Journal Article,ΤΟΜΟΣ Δ' (1871),VOLUME IV (1871),,,Dr Déthier.,Dr Déthier.,"Déthier, Dr.",,Περὶ τοῦ πορφυροῦ κίονος τοῦ Μεγ. Κωνσταντίνου.,On the porphyry column of Constantine the Great.,22,,"Archaeology, History",False
image_0221_right.png,Journal Article,ΤΟΜΟΣ Δ' (1871),VOLUME IV (1871),,,᾿Α. Καραθεοδωρῆ.,A. Karatheodori.,"Karatheodoris, A.",,Περὶ τῶν μετεωρολογικῶν τοῦ ᾿Αριστοτέλους.,On the meteorology of Aristotle.,29,,"Science, History of Science, Philosophy",False
image_0221_right.png,Journal Article,ΤΟΜΟΣ Δ' (1871),VOLUME IV (1871),,,᾿Α. Καραθεοδωρῆ.,A. Karatheodori.,"Karatheodoris, A.",,᾿Ολίγα τινὰ περὶ τοῦ ῾Ομηρικοῦ ζητήματος,A few things about the Homeric question,41,,"Philology, Literature",False
image_0221_right.png,Journal Article,ΤΟΜΟΣ Δ' (1871),VOLUME IV (1871),,,Dr. Déthier.,Dr. Déthier.,"Déthier, Dr.",,Περὶ τῆς ἱστορίας καὶ τῆς νομισματικῆς τῶν Πάρθων ᾿Αρσακιδῶν,On the history and numismatics of the Parthian Arsacids,70,,"History, Numismatics",False
image_0221_right.png,Journal Article,ΤΟΜΟΣ Δ' (1871),VOLUME IV (1871),,,Dr. Déthier.,Dr. Déthier.,"Déthier, Dr.",,Περὶ τῆς μετοκομίσεως διὰ ξηρᾶς τῶν πλοίων ὑπὸ Μωάμεθ τοῦ Β'.,On the overland transport of ships by Mehmed II.,76,,History,False
image_0221_right.png,Journal Article,ΤΟΜΟΣ Δ' (1871),VOLUME IV (1871),,,Henry Glavany.,Henry Glavany.,"Glavany, Henry",,Περὶ τῆς διὰ ξηρᾶς μεταφορᾶς τοῦ στόλου Μωάμεθ τοῦ Β',On the overland transport of the fleet of Mehmed II,81,,History,False
image_0221_right.png,Journal Article,ΤΟΜΟΣ Δ' (1871),VOLUME IV (1871),,,Dr. Déthier.,Dr. Déthier.,"Déthier, Dr.",,Περὶ τῆς πόλεως καὶ τοῦ ἔθνους τῶν Δερριόπων.,On the city and the nation of the Derriopes.,89,,"History, Geography",False
image_0221_right.png,Journal Article,ΤΟΜΟΣ Δ' (1871),VOLUME IV (1871),,,I. Millingen.,I. Millingen.,"Millingen, I.",,Περὶ τινων ἐπιγραφῶν τῆς πόλεως Τόμεως.,On some inscriptions of the city of Tomis.,105,,"Archaeology, Epigraphy",False
image_0221_right.png,Journal Article,ΤΟΜΟΣ Δ' (1871),VOLUME IV (1871),,,Dr. Abdoullah Bey.,Dr. Abdoullah Bey.,"Abdoullah Bey, Dr.",,Περὶ τῆς Φαννίδος τοῦ Δεβονείου στρώματος τοῦ Βοσπόρου.,On the Phannida of the Devonian stratum of the Bosphorus.,108,,"Geology, Science",False
image_0221_right.png,Journal Article,ΤΟΜΟΣ Δ' (1871),VOLUME IV (1871),,,I. Millingen.,I. Millingen.,"Millingen, I.",,῾Ραβδομαντείας ἀνάγλυφον ἐκ τοῦ ἱεροῦ τοῦ Οὐρίου Διὸς,Rhabdomancy relief from the sanctuary of Zeus Urius,120,,"Archaeology, History",False
image_0221_right.png,Journal Article,ΤΟΜΟΣ Δ' (1871),VOLUME IV (1871),,,᾿Ανθίμου Μητροπολίτου Βελεγράδων.,Anthimou Mitropolitou Velegradon.,"Anthimos, Metropolitan of Belgrade",,Περὶ τινων νομισμάτων καὶ ἐπιγραφῶν Μακεδονίας καὶ Θρᾴκης.,On some coins and inscriptions of Macedonia and Thrace.,124,,"Numismatics, Epigraphy, Archaeology",False
image_0221_right.png,Journal Article,ΤΟΜΟΣ Δ' (1871),VOLUME IV (1871),,,Σ. Μαυρογένους.,S. Mavrogenous.,"Mavrogenis, S.",,Περὶ ὕπνου καὶ τῶν ἐνυπνίων ὑπὸ φυσιολογικὴν ἔποψιν,On sleep and dreams from a physiological perspective,126,,"Physiology, Medicine, Psychology",False
image_0221_right.png,Journal Article,ΤΟΜΟΣ Δ' (1871),VOLUME IV (1871),,,Dr. Déthier.,Dr. Déthier.,"Déthier, Dr.",,Περὶ τινων ἐνεπιγράφων πλίνθων τοῦ Μακροχωρίου.,On some inscribed bricks of Makrochori.,161,,"Archaeology, Epigraphy",False
image_0221_right.png,Journal Article,ΤΟΜΟΣ Δ' (1871),VOLUME IV (1871),,,᾿Α. Πασπάτη.,A. Paspati.,"Paspatis, A.",,Τὸ Βυζαντινὸν παλάτιον τῶν Βλαχερνῶν,The Byzantine palace of Blachernae,169,,"Archaeology, History, Architecture",False
image_0221_right.png,Journal Article,ΤΟΜΟΣ Δ' (1871),VOLUME IV (1871),,,Σ. ᾿Αριστάρχου.,S. Aristarchou.,"Aristarchos, S.",,Περὶ Εὐσταθίου Θεσσαλονίκης,On Eustathius of Thessalonica,58,,"Biography, History, Philology",False
image_0221_right.png,Journal Article,ΤΟΜΟΣ Δ' (1871),VOLUME IV (1871),,,Κ. Καραπάνου.,K. Karapanou.,"Karapanos, K.",,Περὶ τοῦ ἐμπορίου τῶν ἀρχαίων ῾Ελλήνων,On the trade of the ancient Greeks,144,,"History, Economics",False
image_0222_left.png,Journal Article,ΤΟΜΟΣ Δ' (1871),VOLUME IV (1871),,,Ξ. Ζωγράφου.,X. Zografou.,"Zografos, X.",,Περὶ Ἑλληνισμοῦ καὶ Λατινισμοῦ.,On Hellenism and Latinism.,σ. 179,,"Linguistics, Philology",False
image_0222_left.png,Journal Article,ΤΟΜΟΣ Δ' (1871),VOLUME IV (1871),§ Περιλήψεις Ἀναγνωσμάτων.,§ Summaries of Readings.,Χ. Παπαδοπούλου.,Ch. Papadopoulou.,"Papadopoulos, Ch.",,Περὶ ἐπιγραφῶν Κων)πόλεως καὶ Παντυχίου,On inscriptions of Constantinople and Pantychion,"σ 128,188",,"Epigraphy, Archaeology",False
image_0222_left.png,Journal Article,ΤΟΜΟΣ Δ' (1871),VOLUME IV (1871),§ Περιλήψεις Ἀναγνωσμάτων.,§ Summaries of Readings.,Dr. Abdoullah Bey.,Dr. Abdoullah Bey.,"Abdoullah Bey, Dr.",,Περὶ νέου φυσιολογικοῦ συστήματος τῶν Ἰνδοευρωπαϊκῶν γλωσσῶν.,On a new physiological system of the Indo-European languages.,"σ. 189,191,191",,"Linguistics, Philology",False
image_0222_left.png,Journal Article,ΤΟΜΟΣ Δ' (1871),VOLUME IV (1871),§ Περιλήψεις Ἀναγνωσμάτων.,§ Summaries of Readings.,Μ. Παρανίκα.,M. Paranika.,"Paranikas, M.",,Περὶ Θρᾳκικῆς Χερσονήσου.,On the Thracian Chersonese.,σ. 189-190,,"Geography, History",False
image_0222_left.png,Journal Article,ΤΟΜΟΣ Δ' (1871),VOLUME IV (1871),§ Περιλήψεις Ἀναγνωσμάτων.,§ Summaries of Readings.,Μοντάνη.,Montani.,Montanis,,Περὶ τῆς κατασκευῆς τοῦ ὀφθαλμοῦ τῶν μαλακοστράκων.,On the structure of the eye of crustaceans.,σ. 192,,"Biology, Zoology",False
image_0222_left.png,Journal Article,ΤΟΜΟΣ Δ' (1871),VOLUME IV (1871),§ Περιλήψεις Ἀναγνωσμάτων.,§ Summaries of Readings.,Μ Παρανίκα.,M Paranika.,"Paranikas, M.",,Περὶ τῆς ἐν τῷ Ἑλληνικῷ ἔθνει καταστάσεως τῶν γραμμάτων ἀπὸ ἁλώσεως Κων)πόλεως μέχρι τῆς ΙΘ' ἑκατονταετηρίδος,On the state of letters in the Greek nation from the fall of Constantinople to the 19th century,"σ. 195,196",,"History, Philology",False
image_0222_left.png,Journal Article,ΤΟΜΟΣ Δ' (1871),VOLUME IV (1871),§ Περιλήψεις Ἀναγνωσμάτων.,§ Summaries of Readings.,Α. Πασπάτη.,A. Paspati.,"Paspatis, A.",,Περὶ Ἀτσιγγάνων,On Gypsies,σ. 197,,"Ethnography, Sociology",False
image_0222_left.png,Journal Article,ΤΟΜΟΣ Δ' (1871),VOLUME IV (1871),§ Περιλήψεις Ἀναγνωσμάτων.,§ Summaries of Readings.,Η Τανταλίδου.,I Tantalidou.,"Tantalidis, I.",,Βιογραφία Στεφάνου Καραθεοδωρῆ,Biography of Stefanos Karatheodoris,σ. 203,,"Biography, History",False
image_0222_left.png,Journal Article,ΤΟΜΟΣ Δ' (1871),VOLUME IV (1871),§ Περιλήψεις Ἀναγνωσμάτων.,§ Summaries of Readings.,Α. Πασπάτη.,A. Paspati.,"Paspatis, A.",,Περὶ τῶν κυριωτέρων συγγραμμάτων περὶ τῶν Ἀτσιγγάνων.,On the main writings about the Gypsies.,σ. 209,,"Bibliography, Ethnography",False
image_0222_left.png,Journal Article,ΤΟΜΟΣ Δ' (1871),VOLUME IV (1871),§ Περιλήψεις Ἀναγνωσμάτων.,§ Summaries of Readings.,Μ. Πανταζῆ.,M. Pantazi.,"Pantazis, M.",,Περὶ οἰκονομίας ἱστοριῶν Ἡροδότου,On the economy of Herodotus' histories,σ 210,,"History, Philology",False
image_0222_left.png,Journal Article,ΤΟΜΟΣ Δ' (1871),VOLUME IV (1871),§ Περιλήψεις Ἀναγνωσμάτων.,§ Summaries of Readings.,Σ. Ἀριστάρχου.,S. Aristarchou.,"Aristarchos, S.",,Περὶ τινῶν ἀρχαιοτήτων τῆς Ταυρικῆς Χερσονήσου,On some antiquities of the Tauric Chersonese,σ. 226,,"Archaeology, History",False
image_0222_left.png,Journal Article,ΤΟΜΟΣ Δ' (1871),VOLUME IV (1871),§ Περιλήψεις Ἀναγνωσμάτων.,§ Summaries of Readings.,H. Abboff.,H. Abboff.,"Abboff, H.",,Περὶ τινος αἰγυπτιακοῦ μνημείου Θεσσαλονίκης.,On an Egyptian monument of Thessaloniki.,σ. 233,,"Archaeology, History",False
image_0222_left.png,Journal Article,ΤΟΜΟΣ Δ' (1871),VOLUME IV (1871),§ Περιλήψεις Ἀναγνωσμάτων.,§ Summaries of Readings.,Μ. Πανταζῆ,M. Pantazi,"Pantazis, M.",,Ἐτυμολογικά τινα κατὰ τοὺς νεωτέρους γλωσσολόγους,Some etymologies according to modern linguists,σ. 248,,"Linguistics, Philology",False
image_0222_left.png,Journal Article,ΤΟΜΟΣ Δ' (1871),VOLUME IV (1871),§ Περιλήψεις Ἀναγνωσμάτων.,§ Summaries of Readings.,Β. Φαρσῆ.,V. Farsi.,"Farsis, V.",,Περὶ Ἑλληνισμοῦ καὶ Χριστιανισμοῦ,On Hellenism and Christianity,σ. 249,,"Theology, History",False
image_0222_left.png,Journal Article,ΤΟΜΟΣ Ε' (1872),VOLUME V (1872),,,Γ. Παπαδοπούλου.,G. Papadopoulou.,"Papadopoulos, G.",,Ἐπιγραφαὶ ἐν Πελαγωνείᾳ συλλεγεῖσαι,Inscriptions collected in Pelagonia,"σ. 1,147",,"Epigraphy, Archaeology",False
image_0222_left.png,Journal Article,ΤΟΜΟΣ Ε' (1872),VOLUME V (1872),,,Δώρας τῆς Ἰστριάδος.,Doras tis Istriados.,"Istriados, Dora",,Αἱ ἐποποιΐαι τῆς Ἰνδικῆς,The epics of India,σ. 5,,"Literature, Philology",False
image_0222_left.png,Journal Article,ΤΟΜΟΣ Ε' (1872),VOLUME V (1872),,,Α. Βερναρδάκη.,A. Vernardaki.,"Vernardakis, A.",,Ἱστορικαὶ καὶ οἰκονομικαὶ μελέται. Περὶ πρώτης χρήσεως τῶν νομισμάτων καὶ ἱστορία τῶν ὀνομάτων αὐτῶν,Historical and economic studies. On the first use of coins and the history of their names,σ. 27,,"History, Numismatics, Economics",False
image_0222_left.png,Journal Article,ΤΟΜΟΣ Ε' (1872),VOLUME V (1872),,,Ἀβραάμ.,Avraam.,Avraam,,Πραγματεία περὶ Ἀμάστριος καὶ τῶν πέριξ αὐτῆς,Treatise on Amastris and its surroundings,σ 47,,"Geography, History",False
image_0222_left.png,Journal Article,ΤΟΜΟΣ Ε' (1872),VOLUME V (1872),,,Γ. Ἀριστάρχου.,G. Aristarchou.,"Aristarchos, G.",,Ὀλίγα τινὰ περὶ ὀρυκτολογίας παρὰ τοῖς Ἄραψι,A few things about mineralogy among the Arabs,σ. 49,,"Mineralogy, History of Science",False
image_0222_left.png,Journal Article,ΤΟΜΟΣ Ε' (1872),VOLUME V (1872),,,Σ. Καραθεοδωρῆ.,S. Karatheodori.,"Karatheodoris, S.",,Περὶ ρωσσικῆς φιλολογίας.,On Russian literature.,σ. 60,,"Philology, Literature",False
image_0222_left.png,Journal Article,ΤΟΜΟΣ Ε' (1872),VOLUME V (1872),,,Κ. Καλλιάδου.,K. Kalliadou.,"Kalliadis, K.",,Ὑπατίας ἐγκώμιον,Encomium of Hypatia,σ. 110,,"Literature, Biography",False
image_0222_left.png,Journal Article,ΤΟΜΟΣ Ε' (1872),VOLUME V (1872),§ Περίληψις Ἀναγνωσμάτων.,§ Summary of Readings.,Déthier.,Déthier.,Déthier,,Περὶ τῶν ὑδραγωγείων δι' ὧν λέγεται ὅτι τὸ Βυζάντιον ἑάλω,On the aqueducts through which it is said that Byzantium was taken,σ. 147,,"History, Archaeology, Engineering",False
image_0222_left.png,Journal Article,ΤΟΜΟΣ Ε' (1872),VOLUME V (1872),§ Περίληψις Ἀναγνωσμάτων.,§ Summary of Readings.,Α. Βερναρδάκη.,A. Vernardaki.,"Vernardakis, A.",,Περὶ τῆς ποσότητος τῶν πολυτίμων μετάλλων,On the quantity of precious metals,σ. 151,,"Economics, History",False
image_0222_left.png,Journal Article,ΤΟΜΟΣ Ε' (1872),VOLUME V (1872),§ Περίληψις Ἀναγνωσμάτων.,§ Summary of Readings.,Χ. Παπαδοπούλου.,Ch. Papadopoulou.,"Papadopoulos, Ch.",,Περὶ Μυρλείας ἢ Ἀπαμείας,On Myrleia or Apamea,σ. 173,,"Geography, History",False
image_0222_left.png,Journal Article,ΤΟΜΟΣ Ϛ' (1873),VOLUME VI (1873),,,Γ. Ἀριστάρχου.,G. Aristarchou.,"Aristarchos, G.",,Περὶ τῆς κατὰ τοὺς Ἄραβας χημείας,On chemistry according to the Arabs,σ. 1,,"Chemistry, History of Science",False
image_0222_left.png,Journal Article,ΤΟΜΟΣ Ϛ' (1873),VOLUME VI (1873),,,Μ. Παρανίκα.,M. Paranika.,"Paranikas, M.",,Στοιχεῖα γλωσσολογίας,Elements of linguistics,σ. 24,,Linguistics,False
image_0222_left.png,Journal Article,ΤΟΜΟΣ Ϛ' (1873),VOLUME VI (1873),,,Α. Πασπάτη.,A. Paspati.,"Paspatis, A.",,Περὶ τῶν ἐν Κων)πόλει ἀνασκαφῶν.,On the excavations in Constantinople.,σ. 46,,Archaeology,False
image_0222_left.png,Journal Article,ΤΟΜΟΣ Ϛ' (1873),VOLUME VI (1873),,,A. Mordtmann.,A. Mordtmann.,"Mordtmann, A.",,Περὶ τῶν ἀρχαιοτάτων μνημείων τῆς Ἀρμενίας,On the most ancient monuments of Armenia,σ. 64,,"Archaeology, History",False
image_0222_left.png,Journal Article,ΤΟΜΟΣ Ϛ' (1873),VOLUME VI (1873),,,Α. Μαυρογένους,A. Mavrogenous,"Mavrogenis, A.",,Περὶ τῆς ἐν Γαλλίᾳ καὶ Γερμανίᾳ φιλοσοφίας κατὰ τὸν ΙΘ' αἰῶνα,On philosophy in France and Germany during the 19th century,σ. 78,,"Philosophy, History",False
image_0222_left.png,Journal Article,ΤΟΜΟΣ Ϛ' (1873),VOLUME VI (1873),,,Π. Καλλιβούρση.,P. Kallivoursi.,"Kallivoursis, P.",,Περὶ τῆς ἐπιρροῆς τοῦ θερμογόνου,On the influence of caloric,σ. 112,,"Physics, History of Science",False
image_0222_left.png,Journal Article,ΤΟΜΟΣ Ϛ' (1873),VOLUME VI (1873),,,Dr. Schrœder.,Dr. Schrœder.,"Schrœder, Dr.",,Περὶ τῆς Μωαβιτικῆς ἐπιγραφῆς τοῦ Μέσα,On the Moabite inscription of Mesha,σ. 120,,"Epigraphy, Archaeology, History",False
image_0222_left.png,Journal Article,ΤΟΜΟΣ Ϛ' (1873),VOLUME VI (1873),,,Α. Πασπάτη.,A. Paspati.,"Paspatis, A.",,Περὶ τοῦ ἐμπορίου τῶν Γενουηναίων ἐν Κων)πόλει.,On the trade of the Genoese in Constantinople.,σ. 138,,"History, Economics",False
image_0222_left.png,Journal Article,ΤΟΜΟΣ Ϛ' (1873),VOLUME VI (1873),,,Α. Βερναρδάκη.,A. Vernardaki.,"Vernardakis, A.",,Περὶ τοῦ χαρτονομίσματος παρὰ τοῖς ἀρχαίοις,On paper money among the ancients,σ. 165,,"Economics, History, Numismatics",False
image_0222_left.png,Journal Article,ΤΟΜΟΣ Ϛ' (1873),VOLUME VI (1873),,,Η. Βασιάδου.,I. Vasiadou.,"Vasiadis, I.",,Ἔκθεσις τῆς Φιλολ. Ἐπιτροπῆς περὶ τοῦ Ζωγραφείου διαγωνίσματος.,Report of the Philological Committee on the Zografeion competition.,,,"Philology, Education",False
image_0222_right.png,Journal Article,ΤΟΜΟΣ Ϛ' (1873),VOLUME 6 (1873),,,Ι. Ἀριστοκλέους.,I. Aristokleous.,"Aristokleous, I.",,Ἔκθεσις τῆς ἐκπαιδ. Ἐπιτροπῆς: Περὶ τῆς ἐνεστώσης καταστάσεως τῶν ἐν ταῖς ἐπαρχίαις ἡμετέρων ἐκπαιδευτηρίων,Report of the Educational Committee: On the current state of our educational institutions in the provinces,186,,"Education, History",False
image_0222_right.png,Journal Article,ΤΟΜΟΣ Ϛ' (1873),VOLUME 6 (1873),§ Περιλήψεις.,§ Summaries.,Σ. Καραθεοδωρῆ,S. Karatheodori,"Karatheodori, S.",,Βιογραφία Γ. Γρόττε,Biography of G. Grote,217,,"Biography, History",False
image_0222_right.png,Journal Article,ΤΟΜΟΣ Ϛ' (1873),VOLUME 6 (1873),§ Περιλήψεις.,§ Summaries.,Μ. Παρανίκα.,M. Paranika.,"Paranikas, M.",,Περὶ Βυζαντινῆς Μουσικῆς.,On Byzantine Music.,233,,"Musicology, History",False
image_0222_right.png,Journal Article,ΤΟΜΟΣ Ϛ' (1873),VOLUME 6 (1873),§ Περιλήψεις.,§ Summaries.,Ι. Καρολίδου.,I. Karolidou.,"Karolidis, I.",,Σύντομος ἱστορία τῆς Φυσιολογικῆς περὶ ὁράσεως θεωρίας,Brief history of the Physiological theory of vision,235,,"History of Science, Physiology",False
image_0222_right.png,Journal Article,ΤΟΜΟΣ Ϛ' (1873),VOLUME 6 (1873),§ Περιλήψεις.,§ Summaries.,A. Mordtmann.,A. Mordtmann.,"Mordtmann, A.",,Περὶ ἐπιγραφῶν καὶ ἀναγλύφων Φιλιππουπόλεως.,On inscriptions and reliefs of Philippopolis.,238,,"Archaeology, Epigraphy",False
image_0222_right.png,Journal Article,ΤΟΜΟΣ Ϛ' (1873),VOLUME 6 (1873),§ Περιλήψεις.,§ Summaries.,Ι. Καρολίδου.,I. Karolidou.,"Karolidis, I.",,Περὶ τοῦ γνωστικοῦ,On the Gnostic,260,,"Theology, Philosophy",False
image_0222_right.png,Journal Article,ΤΟΜΟΣ Ϛ' (1873),VOLUME 6 (1873),§ Περιλήψεις.,§ Summaries.,Jermingham.,Jermingham.,Jermingham,,Περὶ τοῦ μυθολογικοῦ ἐνδιαφέροντος τοῦ Βοσπόρου,On the mythological interest of the Bosphorus,278,,"Mythology, History",False
image_0222_right.png,Journal Article,ΤΟΜΟΣ Ϛ' (1873),VOLUME 6 (1873),§ Περιλήψεις.,§ Summaries.,Α. Βερναρδάκη.,A. Vernardaki.,"Vernardakis, A.",,Περὶ Κορίνθου καὶ τοῦ ἰσθμοῦ αὐτῆς.,On Corinth and its isthmus.,313,,"History, Geography",False
image_0222_right.png,Journal Article,ΤΟΜΟΣ Ϛ' (1873),VOLUME 6 (1873),§ Περιλήψεις.,§ Summaries.,Π. Καλλιβούρση.,P. Kallivoursi.,"Kallivoursis, P.",,Περὶ ἐγκεφάλου ψυχολογικῶς θεωρουμένου.,On the brain considered psychologically.,323,,"Psychology, Neuroscience",False
image_0222_right.png,Journal Article,ΤΟΜΟΣ Ϛ' (1873),VOLUME 6 (1873),§ Περιλήψεις.,§ Summaries.,Κ. Καλλιάδου.,K. Kalliadou.,"Kalliadou, K.",,Περὶ τῆς ἐννεαημέρου Βασιλίσσης Ἰωάννης,On the nine-day Queen Jane,344,,History,False
image_0222_right.png,Journal Article,ΤΟΜΟΣ Ϛ' (1873),VOLUME 6 (1873),§ Περιλήψεις.,§ Summaries.,A. Dumont.,A. Dumont.,"Dumont, A.",,Ἡ Θρᾴκη καὶ αἱ ἀρχαιότητες αὐτῆς,Thrace and its antiquities,359,,"Archaeology, History",False
image_0222_right.png,Journal Article,ΤΟΜΟΣ Ϛ' (1873),VOLUME 6 (1873),§ Περιλήψεις.,§ Summaries.,Γ. Σ. Γ. Βόξ.,G. S. G. Vox.,"Vox, G. S. G.",,Ἔκθεσις ἐπὶ τῶν ὑπὸ τοῦ κ. Γ. Χ. Κόλλεν συλλεγέντων νομισμάτων Τόμεως,Report on the coins of Tomis collected by Mr. G. Ch. Kollen,249,,"Numismatics, Archaeology",False
image_0222_right.png,Journal Article,ΤΟΜΟΣ Ζ' (1874),VOLUME 7 (1874),,,Δ. Δάμων,D. Damon,"Damon, D.",,Περὶ τῶν ἐν Σουλοῦ Σεράϊ τοῦ Πόντου ἀνακαλυφθεισῶν ἐπιγραφῶν.,On the inscriptions discovered in Soulou Serai of Pontus.,1,,"Epigraphy, Archaeology",False
image_0222_right.png,Journal Article,ΤΟΜΟΣ Ζ' (1874),VOLUME 7 (1874),,,Μ. Παρανίκα.,M. Paranika.,"Paranikas, M.",,Περὶ Ἀνδρέου τοῦ Λιβαδηνοῦ. (Συμβολὴ εἰς τὴν ἱστορίαν τῆς Τραπεζοῦντος).,On Andreas Livadinos. (Contribution to the history of Trebizond).,7,,"History, Biography",False
image_0222_right.png,Journal Article,ΤΟΜΟΣ Ζ' (1874),VOLUME 7 (1874),,,A. Mordtmann.,A. Mordtmann.,"Mordtmann, A.",,Περὶ τῶν Παλμυρηνῶν ἀρχαιοτήτων,On Palmyrene antiquities,15,,"Archaeology, History",False
image_0222_right.png,Journal Article,ΤΟΜΟΣ Ζ' (1874),VOLUME 7 (1874),,,J. Millingen.,J. Millingen.,"Millingen, J.",,Περὶ δύο ἀνεκδότων Κυζικηνῶν ψηφισμάτων.,On two unpublished decrees of Cyzicus.,23,,"Epigraphy, History",False
image_0222_right.png,Journal Article,ΤΟΜΟΣ Ζ' (1874),VOLUME 7 (1874),,,Μ. Παρανίκα.,M. Paranika.,"Paranikas, M.",,Στοιχεῖα γλωσσολογίας,Elements of linguistics,28,,Linguistics,False
image_0222_right.png,Journal Article,ΤΟΜΟΣ Ζ' (1874),VOLUME 7 (1874),,,Dr Mordtmann (υἱοῦ),Dr Mordtmann (son),"Mordtmann, Dr (son)",,Περὶ βυζαντινῶν μολυβδοβούλλων,On Byzantine lead seals,57,,"Sigillography, History",False
image_0222_right.png,Journal Article,ΤΟΜΟΣ Ζ' (1874),VOLUME 7 (1874),,,Α. Πασπάτη.,A. Paspati.,"Paspatis, A.",,Τὸ ἐμπόριον τῶν Γενουηνσίων ἐν Κ/πόλει καὶ Εὐξείνῳ Πόντῳ κατὰ τὸν Μεσαίωνα.,The trade of the Genoese in Constantinople and the Euxine Pontus during the Middle Ages.,82,,"History, Economics",False
image_0222_right.png,Journal Article,ΤΟΜΟΣ Ζ' (1874),VOLUME 7 (1874),,,Μ. Χουρμούζη.,M. Chourmouzi.,"Chourmouzis, M.",,Συνοπτικὸς παραλληλισμὸς τῶν ἠθῶν καὶ ἐθίμων ὡς καί τινων περιέργων τῶν ἐπὶ Ὁμήρου Ἀχαιῶν πρός τινα τῶν νεωτέρων Ἑλλήνων.,A brief comparison of the morals and customs as well as some curiosities of the Achaeans in Homer's time with some of the modern Greeks.,,,"Anthropology, Classics",False
image_0222_right.png,Journal Article,ΤΟΜΟΣ Ζ' (1874),VOLUME 7 (1874),,,Δ. Ραζῆ.,D. Razi.,"Razis, D.",,Περὶ τοῦ Περσικοῦ ποιήματος «Πεντναμὲϊ Ἀττὰρ»,"On the Persian poem ""Pentnamei Attar""",146,,"Literature, Philology",False
image_0222_right.png,Journal Article,ΤΟΜΟΣ Ζ' (1874),VOLUME 7 (1874),,,Γ. Σάρρου.,G. Sarrou.,"Sarros, G.",,Ἱστορικὴ Μελέτη ἐπὶ τοῦ θεσμοῦ τῆς εἰσαγγελικῆς ἀρχῆς.,Historical Study on the institution of the prosecutorial authority.,152,,"Law, History",False
image_0222_right.png,Journal Article,ΤΟΜΟΣ Ζ' (1874),VOLUME 7 (1874),,,,,,,Ἔκθεσις τῆς Ἐκπαιδ. Ἐπιτροπῆς περὶ τῆς καταστάσεως τῆς παιδείας ἐν ταῖς ἐπαρχίαις τῆς Ὀθωμ. Αὐτοκρατορίας,Report of the Educational Committee on the state of education in the provinces of the Ottoman Empire,205,,"Education, History",False
image_0222_right.png,Journal Article,ΤΟΜΟΣ Ζ' (1874),VOLUME 7 (1874),,,,,,,Ἔκθεσις τῆς Φιλολ. Ἐπιτροπῆς ἐπὶ τοῦ περὶ συλλογῆς ζώντων μνημείων ἐν τῇ γλώσσῃ τοῦ ἑλληνικοῦ λαοῦ Ζωγραφείου διαγωνίσματος,Report of the Philological Committee on the Zographeion competition for the collection of living monuments in the language of the Greek people,220,,"Philology, Linguistics",False
image_0222_right.png,Journal Article,ΤΟΜΟΣ Ζ' (1874),VOLUME 7 (1874),§ Περιλήψεις.,§ Summaries.,Μ. Παρανίκα.,M. Paranika.,"Paranikas, M.",,Γ. Χρίστ. Περὶ εἰδυλλίου,G. Christ. On the idyll,238,,"Literature, Philology",False
image_0222_right.png,Journal Article,ΤΟΜΟΣ Ζ' (1874),VOLUME 7 (1874),§ Περιλήψεις.,§ Summaries.,J. Lastic.,J. Lastic.,"Lastic, J.",,Περὶ γενέσεως ἰδεῶν.,On the genesis of ideas.,245,,"Philosophy, Psychology",False
image_0222_right.png,Journal Article,ΤΟΜΟΣ Ζ' (1874),VOLUME 7 (1874),§ Περιλήψεις.,§ Summaries.,Dr Déthier.,Dr Déthier.,"Déthier, Dr",,Περὶ τινων Γοτθικῶν καὶ Βυζαντινῶν ἐπιγραφῶν ἀνευρεθεισῶν ἐν Ἑξακιονίῳ,On some Gothic and Byzantine inscriptions discovered in Hexakionion,257,,"Epigraphy, Archaeology",False
image_0222_right.png,Journal Article,ΤΟΜΟΣ Ζ' (1874),VOLUME 7 (1874),§ Περιλήψεις.,§ Summaries.,Α. Βερναρδάκη.,A. Vernardaki.,"Vernardakis, A.",,Περὶ τροχιαστῶν ὁδῶν παρὰ τοῖς ἀρχαίοις καὶ τῆς μεταφορᾶς τοῦ στόλου Μωάμεθ τοῦ Β' εἰς τὸν Κεράτειον κόλπον,On wheeled roads among the ancients and the transfer of the fleet of Mehmed II to the Golden Horn,259,,"History, Archaeology",False
image_0222_right.png,Journal Article,ΤΟΜΟΣ Ζ' (1874),VOLUME 7 (1874),§ Περιλήψεις.,§ Summaries.,Α. Πασπάτη.,A. Paspati.,"Paspatis, A.",,Περὶ ἁλώσεως τῆς Κων)πόλεως ὑπὸ τῶν Φράγκων τῷ 1204 μ.Χ.,On the capture of Constantinople by the Franks in 1204 AD,264,,History,False
image_0222_right.png,Journal Article,ΤΟΜΟΣ Ζ' (1874),VOLUME 7 (1874),§ Περιλήψεις.,§ Summaries.,Dr. Déthier.,Dr. Déthier.,"Déthier, Dr.",,Περὶ διαφόρων θέσεων τοῦ Βυζαντίου,On various locations of Byzantium,269,,"Geography, History",False
image_0223_left.png,Journal Article,ΤΟΜΟΣ Ζ' (1874),VOLUME 7 (1874),§ Περιλήψεις.,§ Summaries.,Δεκιγάλα.,Dekigala.,Dekigala,,Περὶ Ἡφαιστείων.,On Volcanoes.,σ. 269,,Geology,False
image_0223_left.png,Journal Article,ΤΟΜΟΣ Ζ' (1874),VOLUME 7 (1874),§ Περιλήψεις.,§ Summaries.,Ι. Καρολίδου.,I. Karolidou.,"Karolidou, I.",,Περὶ γενέσεως γλώσσης,On the origin of language,σ. 276,,Linguistics,False
image_0223_left.png,Journal Article,ΤΟΜΟΣ Ζ' (1874),VOLUME 7 (1874),§ Περιλήψεις.,§ Summaries.,Α. Πασπάτη.,A. Paspati.,"Paspati, A.",,Περὶ τινων μετάλλων τῆς Ἑλλάδος,On some minerals of Greece,σ. 281,,"Geology, Mineralogy",False
image_0223_left.png,Journal Article,ΤΟΜΟΣ Ζ' (1874),VOLUME 7 (1874),§ Περιλήψεις.,§ Summaries.,G. Perrot.,G. Perrot.,"Perrot, G.",,Ὁ Δημοσθένης καὶ οἱ σύγχρονοι αὐτοῦ τραπεζῖται,Demosthenes and his contemporary bankers,σ. 343,,"History, Economics, Classics",False
image_0223_left.png,Journal Article,ΤΟΜΟΣ Η' (1874),VOLUME 8 (1874),,,Μ. Παρανίκα.,M. Paranika.,"Paranika, M.",,Στοιχεῖα γλωσσολογίας,Elements of linguistics,σ. 1,,Linguistics,False
image_0223_left.png,Journal Article,ΤΟΜΟΣ Η' (1874),VOLUME 8 (1874),,,Γ. Χασιώτου.,G. Chasiotou.,"Chasiotou, G.",,Περὶ τῆς παρ' ἡμῖν δημοτικῆς ἐκπαιδεύσεως ἀπὸ ἁλώσεως Κωνσταντινουπόλεως μέχρι σήμερον.,On our public education from the fall of Constantinople to today.,σ. 94,,"History, Education",False
image_0223_left.png,Journal Article,ΤΟΜΟΣ Η' (1874),VOLUME 8 (1874),,,Α. Ζωηροῦ.,A. Zoirou.,"Zoirou, A.",,Περὶ τινος θεμελιώδους ἐλλείψεως ἐν παρ' ἡμῖν ἀγωγῇ τῶν παίδων (ἤτοι τῆς σωμασκίας).,On a fundamental flaw in our upbringing of children (namely physical exercise).,σ. 129,,"Education, Physical Education",False
image_0223_left.png,Journal Article,ΤΟΜΟΣ Η' (1874),VOLUME 8 (1874),,,Σ. Μαυρογένους.,S. Mavrogenous.,"Mavrogenous, S.",,Φυσιολογικαὶ Μελέται,Physiological Studies,σ. 139,,"Physiology, Biology",False
image_0223_left.png,Journal Article,ΤΟΜΟΣ Η' (1874),VOLUME 8 (1874),,,Α. Πασπάτη.,A. Paspati.,"Paspati, A.",,Περὶ τοῦ ἐμπορίου τῶν Γενουηνσίων ἐν Κων)πόλει.,On the trade of the Genoese in Constantinople.,σ. 152,,"History, Economics",False
image_0223_left.png,Journal Article,ΤΟΜΟΣ Η' (1874),VOLUME 8 (1874),,,J. Millingen.,J. Millingen.,"Millingen, J.",,Συμπλήρωσις ἐπὶ τῶν δύο ἀνεκδότων Κυζικηνῶν ψηφισμάτων καὶ ἔκθεσις ἐπὶ πολλῶν ἐπιγραφῶν Θρᾴκης καὶ Κυζίκου,Supplement on the two unpublished Cyzicene decrees and report on many inscriptions of Thrace and Cyzicus,σ. 164,,"Archaeology, Epigraphy",False
image_0223_left.png,Journal Article,ΤΟΜΟΣ Η' (1874),VOLUME 8 (1874),,,Μ. Παρανίκα.,M. Paranika.,"Paranika, M.",,Περὶ τῆς Χριστιανικῆς ποιήσεως τῶν Ἑλλήνων.,On the Christian poetry of the Greeks.,σ. 174,,"Literature, Theology",False
image_0223_left.png,Journal Article,ΤΟΜΟΣ Η' (1874),VOLUME 8 (1874),,,Γ. Χασιώτου.,G. Chasiotou.,"Chasiotou, G.",,Ἔκθεσις τῆς ἐπιτροπῆς πρὸς σύνταξιν Κανονισμῶν τῶν ἐν Ἠπείρῳ Ζωγραφείων καὶ τῶν ἐν Θρᾴκῃ Ζαριφείων διδασκαλείων καὶ τῶν παραρτημάτων αὐτοῖς προτύπων δημοτικῶν σχολείων.,Report of the committee for the drafting of Regulations for the Zografeia in Epirus and the Zarifeia in Thrace teachers' colleges and their attached model public schools.,σ. 194,,"Education, Administration",False
image_0223_left.png,Journal Article,ΤΟΜΟΣ Η' (1874),VOLUME 8 (1874),,,Μ. Παρανίκα.,M. Paranika.,"Paranika, M.",,Περὶ Μέσης παιδεύσεως,On Secondary education,,,Education,False
image_0223_left.png,Journal Article,ΤΟΜΟΣ Η' (1874),VOLUME 8 (1874),,,Ἐκπ. Ἐπιτροπῆς.,Educ. Committee.,Educational Committee,,Ἔκθεσις περὶ τῆς καταστάσεως τῆς παιδείας ἐν ταῖς Ἐπαρχίαις τῆς Ὀθωμανικῆς Αὐτοκρατορίας,Report on the state of education in the Provinces of the Ottoman Empire,σ. 252,,"Education, History",False
image_0223_left.png,Journal Article,ΤΟΜΟΣ Η' (1874),VOLUME 8 (1874),,,Φιλολ. Ἐπιτροπῆς.,Philol. Committee.,Philological Committee,,Ἔκθεσις ἐπὶ τῆς συλλογῆς ζώντων μνημείων ἐν τῇ γλώσσῃ τοῦ Ἑλληνικοῦ. λαοῦ. (Ζωγράφειον διαγώνισμα).,Report on the collection of living monuments in the language of the Greek people. (Zografeion competition).,σ. 269,,"Linguistics, Folklore",False
image_0223_left.png,Journal Article,ΤΟΜΟΣ Η' (1874),VOLUME 8 (1874),,,J. Girard.,J. Girard.,"Girard, J.",,Ὁ Ἀττικισμὸς παρὰ τῷ Λυσίᾳ ἢ μελέται περὶ τῆς Ἀττικῆς εὐγλωττίας,Atticism in Lysias or studies on Attic eloquence,σ. 380,,"Classics, Linguistics, Literature",False
image_0223_left.png,Journal Article,ΤΟΜΟΣ Η' (1874),VOLUME 8 (1874),§ Ζῶντα Μνημεῖα,§ Living Monuments,Ι. Σταματέλου.,I. Stamatelou.,"Stamatelou, I.",,Λευκαδία διάλεκτος,Lefkadian dialect,σ 363,,"Linguistics, Dialectology",False
image_0223_left.png,Journal Article,ΤΟΜΟΣ Η' (1874),VOLUME 8 (1874),§ Ζῶντα Μνημεῖα,§ Living Monuments,Γ. Μαραγγοῦ.,G. Marangou.,"Marangou, G.",,Γλωσσάριον Λευκαδίας διαλέκτου.,Glossary of the Lefkadian dialect.,σ. 455,,"Linguistics, Dialectology",False
image_0223_left.png,Journal Article,ΤΟΜΟΣ Η' (1874),VOLUME 8 (1874),§ Ζῶντα Μνημεῖα,§ Living Monuments,Δ. Χαβιαρᾶ,D. Chaviaras,"Chaviaras, D.",,"Συμαϊκὴ διάλεκτος. (Γλωσσάριον, παροιμίαι. αἰνίγματα)","Symi dialect. (Glossary, proverbs, riddles)",σ. 464,,"Linguistics, Folklore",False
image_0223_left.png,Journal Article,ΤΟΜΟΣ Η' (1874),VOLUME 8 (1874),§ Ζῶντα Μνημεῖα,§ Living Monuments,Ν. Πολίτου.,N. Politou.,"Politou, N.",,"Χιακὴ διάλεκτος. (Γλωσσάριον, αἰνίγματα, συνήθειαι, ἤθη καὶ ἔθιμα ἄλλων νήσων καὶ τόπων)","Chian dialect. (Glossary, riddles, customs, mores and traditions of other islands and places)",σ. 490,,"Linguistics, Folklore",False
image_0223_left.png,Journal Article,ΤΟΜΟΣ Η' (1874),VOLUME 8 (1874),§ Ζῶντα Μνημεῖα,§ Living Monuments,Ν. Πολίτου.,N. Politou.,"Politou, N.",,"Ἀνέκδοτα δημοτικὰ ᾄσματα τῆς Ἑλλάδος, αἰνίγματα καὶ λογοπαίγνια.","Unpublished folk songs of Greece, riddles and wordplays.",σ. 496,,"Folklore, Literature",False
image_0223_left.png,Journal Article,ΤΟΜΟΣ Η' (1874),VOLUME 8 (1874),§ Ζῶντα Μνημεῖα,§ Living Monuments,Σ. Μανασσειδου.,S. Manasseidou.,"Manasseidou, S.",,"Διάλεκτος Αἴνου, Ἴμβρου καὶ Τενέδου (Λεξιλόγια, ᾄσματα, ἔθιμα καὶ μαγγανεῖαι, παιδιαί).","Dialect of Ainos, Imbros and Tenedos (Vocabularies, songs, customs and witchcraft, games).",σ. 526,,"Linguistics, Folklore",False
image_0223_left.png,Journal Article,ΤΟΜΟΣ Η' (1874),VOLUME 8 (1874),§ Ζῶντα Μνημεῖα,§ Living Monuments,Ι. Παγούνη.,I. Pagouni.,"Pagouni, I.",,"Ἠπειρωτικὴ διάλεκτος (Γλωσσάριον, ὀνόματα γυναικῶν, δημοτικὰ ᾄσματα, λογοπαίγνια).","Epirote dialect (Glossary, women's names, folk songs, wordplays).",σ. 580,,"Linguistics, Folklore",False
image_0223_left.png,Journal Article,ΤΟΜΟΣ Θ' (1875),VOLUME 9 (1875),,,Μ. Παρανίκα.,M. Paranika.,"Paranika, M.",,Στοιχεῖα γλωσσολογίας.,Elements of linguistics.,σ. 1,,Linguistics,False
image_0223_left.png,Journal Article,ΤΟΜΟΣ Θ' (1875),VOLUME 9 (1875),,,Ι. Καρολίδου.,I. Karolidou.,"Karolidou, I.",,Συνέχεια τῆς περὶ γενέσεως γλώσσης διατριβῆς,Continuation of the treatise on the origin of language,σ. 89,,Linguistics,False
image_0223_left.png,Journal Article,ΤΟΜΟΣ Θ' (1875),VOLUME 9 (1875),,,Σ. Μαυρογένους.,S. Mavrogenous.,"Mavrogenous, S.",,Φυσιολογικαὶ Μελέται.,Physiological Studies.,σ. 93,,"Physiology, Biology",False
image_0223_left.png,Journal Article,ΤΟΜΟΣ Θ' (1875),VOLUME 9 (1875),,,Ι. Καρολίδου.,I. Karolidou.,"Karolidou, I.",,Περὶ γνωστικοῦ.,On the cognitive.,σ 47,,"Philosophy, Psychology",False
image_0223_left.png,Journal Article,ΤΟΜΟΣ Θ' (1875),VOLUME 9 (1875),,,Σ. Μαυρογένους.,S. Mavrogenous.,"Mavrogenous, S.",,Περὶ ὕπνου καὶ ἐνυπνίων ὑπὸ φυσιολογικὴν ἔποψιν,On sleep and dreams from a physiological perspective,σ. 111,,"Physiology, Psychology",False
image_0223_right.png,Journal Article,ΤΟΜΟΣ Θ' (1875),VOLUME 9 (1875),,,Μ. Παρανίκα.,M. Paranika.,"Paranikas, Matthaios",,Περὶ τῆς Χριστιανικῆς ποιήσεως τῶν Ἑλλήνων.,On the Christian poetry of the Greeks.,σ. 119,,"Theology, Literature",False
image_0223_right.png,Journal Article,ΤΟΜΟΣ Θ' (1875),VOLUME 9 (1875),,,Γ. Σάρρου.,G. Sarrou.,"Sarros, Georgios",,Ἱστορικὴ μελέτη ἐπὶ τοῦ θεσμοῦ τῆς εἰσαγγελικῆς ἀρχῆς,Historical study on the institution of the prosecutorial authority,σ. 130,,"History, Law",False
image_0223_right.png,Journal Article,ΤΟΜΟΣ Θ' (1875),VOLUME 9 (1875),,,Γ. Ἀριστάρχου.,G. Aristarchou.,"Aristarchos, Georgios",,Περὶ τῆς παρὰ τοῖς Ἄραψι βοτανικῆς.,On botany among the Arabs.,σ. 176,,"Botany, History of Science",False
image_0223_right.png,Journal Article,ΤΟΜΟΣ Θ' (1875),VOLUME 9 (1875),,,Ἐκπ. Ἐπιτροπῆς.,Educ. Committee.,Educational Committee,,Περὶ τῆς καταστάσεως τῆς παιδείας ἐν ταῖς ἐπαρχίαις τοῦ Ὀθωμανικοῦ Κράτους.,On the state of education in the provinces of the Ottoman Empire.,σ. 182,,"Education, History",False
image_0223_right.png,Journal Article,ΤΟΜΟΣ Θ' (1875),VOLUME 9 (1875),,,Φιλολ. Ἐπιτροπῆς.,Philol. Committee.,Philological Committee,,Περὶ συλλογῆς ζώντων μνημείων.,On the collection of living monuments.,σ. 193,,"Philology, Folklore",False
image_0223_right.png,Journal Article,ΤΟΜΟΣ Θ' (1875),VOLUME 9 (1875),,,Φιλολ. Ἐπιτροπῆς.,Philol. Committee.,Philological Committee,,Περὶ τῆς Ζωγραφείου Ἑλληνικῆς Βιβλιοθήκης.,On the Zographeion Greek Library.,σ. 198,,"Library Science, History",False
image_0223_right.png,Journal Article,ΤΟΜΟΣ Θ' (1875),VOLUME 9 (1875),,,Ι. Σταματέλου.,I. Stamatelou.,"Stamatelos, Ioannis",,Λευκαδία διάλεκτος,Lefkadian dialect,σ. 280,,Linguistics,False
image_0223_right.png,Journal Article,ΤΟΜΟΣ Θ' (1875),VOLUME 9 (1875),,,Ν. Πολίτου.,N. Politou.,"Politis, Nikolaos",,Εὐχαὶ καὶ κατάραι παρὰ τῷ Ἑλληνικῷ λαῷ,Blessings and curses among the Greek people,σ. 321,,"Folklore, Anthropology",False
image_0223_right.png,Journal Article,ΤΟΜΟΣ Θ' (1875),VOLUME 9 (1875),,,Σ. Μανασσείδου.,S. Manasseidou.,"Manasseidis, S.",,"Ποικίλη ὕλη (γλωσσικὴ καὶ λαογραφικὴ) συλλεχθεῖσα ἐξ Αἴνου, Ἴμβρου καὶ τῶν περιχώρων.","Miscellaneous material (linguistic and folkloric) collected from Ainos, Imbros and the surrounding areas.",σ. 335,,"Linguistics, Folklore",False
image_0223_right.png,Journal Article,ΤΟΜΟΣ Θ' (1875),VOLUME 9 (1875),,,Κ. Καλλιάδου.,K. Kalliadou.,"Kalliadis, K.",,Ἐπέτειος γενικὴ ἔκθεσις.,General annual report.,σ. 265,,History,False
image_0223_right.png,Journal Article,ΤΟΜΟΣ Θ' (1875),VOLUME 9 (1875),,,Μ. Παρανίκα.,M. Paranika.,"Paranikas, Matthaios",,Περὶ Θεοδώρου Ῥεντίου Χίου (περίληψις μελέτης αὐτοῦ).,On Theodoros Rentios of Chios (summary of his study).,σ. 273,,"History, Biography",False
image_0223_right.png,Journal Article,ΤΟΜΟΣ Θ' (1875),VOLUME 9 (1875),,,Ι. Τζέτζη.,I. Tzetzi.,"Tzetzis, Ioannis",,Περὶ ἐκκλησιαστικῆς μουσικῆς (περίληψις πραγματείας).,On ecclesiastical music (summary of treatise).,σ. 223,,"Musicology, Theology",False
image_0223_right.png,Journal Article,ΤΟΜΟΣ Θ' (1875),VOLUME 9 (1875),,,Α. Πασπάτη.,A. Paspati.,"Paspatis, Alexandros",,Περὶ τῶν ἐν Κων)πόλει σωζομένων Βυζαντινῶν ἐκκλησιῶν (περίληψις πραγματείας αὐτοῦ).,On the surviving Byzantine churches in Constantinople (summary of his treatise).,σ. 236,,"Archaeology, History of Architecture",False
image_0223_right.png,Journal Article,ΤΟΜΟΣ Θ' (1875),VOLUME 9 (1875),§ Ἐν ἀρχαιολογικῷ παραρτήματι τοῦ Θ' τόμου.,§ In the archaeological appendix of Volume 9.,S. Mordtmann.,S. Mordtmann.,"Mordtmann, Andreas David",,Περί τινων ἀρχαίων ἐπιγραφῶν τῆς Προύσης.,On some ancient inscriptions of Prousa.,,,"Archaeology, Epigraphy",False
image_0223_right.png,Journal Article,ΤΟΜΟΣ Θ' (1875),VOLUME 9 (1875),§ Ἐν ἀρχαιολογικῷ παραρτήματι τοῦ Θ' τόμου.,§ In the archaeological appendix of Volume 9.,A. Mordtmann.,A. Mordtmann.,"Mordtmann, Andreas David",,Σεΐδι-Γάζι (νοτίως τοῦ Ἐσκί-Σεχίρ.,Seyitgazi (south of Eskişehir).,,,"Geography, Archaeology",False
image_0223_right.png,Journal Article,ΤΟΜΟΣ Ι' (1875),VOLUME 10 (1875),,,Μ. Παρανίκα.,M. Paranika.,"Paranikas, Matthaios",,Ὁ Δρ. Σχλίεμανν καὶ τὸ Ἴλιον.,Dr. Schliemann and Ilion.,σ. 1,,"Archaeology, History",False
image_0223_right.png,Journal Article,ΤΟΜΟΣ Ι' (1875),VOLUME 10 (1875),,,Μ. Παρανίκα.,M. Paranika.,"Paranikas, Matthaios",,Περὶ τῆς Χριστιανικῆς ποιήσεως τῶν Ἑλλήνων,On the Christian poetry of the Greeks,σ. 10,,"Theology, Literature",False
image_0223_right.png,Journal Article,ΤΟΜΟΣ Ι' (1875),VOLUME 10 (1875),,,Μ. Παρανίκα.,M. Paranika.,"Paranikas, Matthaios",,Περὶ Μαξίμου τοῦ Μαργουνίου.,On Maximos Margounios.,σ. 22,,"History, Biography",False
image_0223_right.png,Journal Article,ΤΟΜΟΣ Ι' (1875),VOLUME 10 (1875),,,Μ. Παρανίκα.,M. Paranika.,"Paranikas, Matthaios",,Περὶ τῶν ἐν τῷ νέῳ Ἰλίῳ ἀνασκαφῶν. (ὑπὸ W. Christ).,On the excavations in New Ilion. (by W. Christ).,σ. 30,,Archaeology,False
image_0223_right.png,Journal Article,ΤΟΜΟΣ Ι' (1875),VOLUME 10 (1875),,,Μ. Παρανίκα.,M. Paranika.,"Paranikas, Matthaios",,Περὶ ἀναβαπτισμοῦ κατὰ τὸν ΙΗ' αἰῶνα.,On anabaptism during the 18th century.,σ. 33,,"Theology, History",False
image_0223_right.png,Journal Article,ΤΟΜΟΣ Ι' (1875),VOLUME 10 (1875),,,Γ. Λαζοπούλου.,G. Lazopoulou.,"Lazopoulos, Georgios",,Περὶ τοῦ ἑκουσίου συνεταιρισμοῦ τῶν Ἀμπελακιωτῶν.,On the voluntary cooperative of the Ambelakiots.,σ. 41,,"Economics, History",False
image_0223_right.png,Journal Article,ΤΟΜΟΣ Ι' (1875),VOLUME 10 (1875),,,Μ. Παρανίκα.,M. Paranika.,"Paranikas, Matthaios",,Περὶ Σάμου κατὰ τὴν ΙΓ' ἑκατονταετηρίδα.,On Samos during the 13th century.,σ. 49,,History,False
image_0223_right.png,Journal Article,ΤΟΜΟΣ Ι' (1875),VOLUME 10 (1875),,,Dr Schliemann.,Dr Schliemann.,"Schliemann, Heinrich",,Περὶ τῶν ἐν Ἱσαρλίκ ἀνασκαφῶν.,On the excavations at Hisarlik.,σ. 51,,Archaeology,False
image_0223_right.png,Journal Article,ΤΟΜΟΣ Ι' (1875),VOLUME 10 (1875),,,Μ Παρανίκα.,M Paranika.,"Paranikas, Matthaios",,Περί τινων λογίων ἐκ Ραιδεστοῦ,On some scholars from Raidestos,σ. 67,,"History, Biography",False
image_0223_right.png,Journal Article,ΤΟΜΟΣ Ι' (1875),VOLUME 10 (1875),,,Ι. Καρολίδου.,I. Karolidou.,"Karolidis, Pavlos",,Ἡ περὶ ψυχῆς καθόλου διδασκαλία τοῦ Ἀριστοτέλους.,Aristotle's general teaching on the soul.,σ. 80,,Philosophy,False
image_0223_right.png,Journal Article,ΤΟΜΟΣ Ι' (1875),VOLUME 10 (1875),,,Μ. Παρανίκα.,M. Paranika.,"Paranikas, Matthaios",,Περὶ τῆς ἐν Κων)πόλει Πατριαρχικῆς Σχολῆς.,On the Patriarchal School in Constantinople.,σ. 85,,"History, Education",False
image_0223_right.png,Journal Article,ΤΟΜΟΣ Ι' (1875),VOLUME 10 (1875),,,Κ. Καλλιάδου.,K. Kalliadou.,"Kalliadis, K.",,Περὶ Ἄννης Κομνηνῆς.,On Anna Komnene.,σ. 102,,"History, Biography",False
image_0223_right.png,Journal Article,ΤΟΜΟΣ Ι' (1875),VOLUME 10 (1875),,,Dr Déthier.,Dr Déthier.,"Dethier, Philipp Anton",,Περὶ τῆς ἐν τῇ παλαιᾷ Κρήτῃ θέσεως τῶν γυναικῶν,On the position of women in ancient Crete,σ. 118,,"History, Anthropology",False
image_0223_right.png,Journal Article,ΤΟΜΟΣ Ι' (1875),VOLUME 10 (1875),,,Ν. Τσιγαρᾶ.,N. Tsigara.,"Tsigaras, N.",,Περὶ τῆς πόλεως Πασσαρῶνος,On the city of Passaron,σ. 125,,"History, Archaeology",False
image_0223_right.png,Journal Article,ΤΟΜΟΣ Ι' (1875),VOLUME 10 (1875),,,Α. Πασπάτη.,A. Paspati.,"Paspatis, Alexandros",,Ἐπέτειος γενικὴ ἔκθεσις,General annual report,σ. 181,,History,False
image_0223_right.png,Journal Article,ΤΟΜΟΣ Ι' (1875),VOLUME 10 (1875),,,Ο. Ἰαλέμου.,O. Ialemou.,"Ialemos, O.",,Ἔκθεσις περὶ τῆς ἐν ταῖς ἐπαρχίαις τοῦ Ὀθωμανικοῦ Κράτους καταστάσεως τῆς παιδείας.,Report on the state of education in the provinces of the Ottoman Empire.,σ. 180,,"Education, History",False
image_0223_right.png,Journal Article,ΤΟΜΟΣ Ι' (1875),VOLUME 10 (1875),,,Ι. Τζέτζη.,I. Tzetzi.,"Tzetzis, Ioannis",,Ἔκθεσις περὶ τοῦ περὶ συλλογῆς ζώντων μνημείων ἐν τῇ γλώσσῃ τοῦ λαοῦ Ζωγραφείου διαγωνίσματος.,Report on the Zographeion competition for the collection of living monuments in the language of the people.,σ. 200,,"Linguistics, Folklore",False
image_0223_right.png,Journal Article,ΤΟΜΟΣ ΙΑ' (1878),VOLUME 11 (1878),,,Ε. Ἰωαννίδου.,E. Ioannidou.,"Ioannidis, E.",,Περὶ ἀνατροφῆς,On upbringing,σ. 1,,"Education, Pedagogy",False
image_0223_right.png,Journal Article,ΤΟΜΟΣ ΙΑ' (1878),VOLUME 11 (1878),,,Μ. Παρανίκα.,M. Paranika.,"Paranikas, Matthaios",,Ἐκκλησιαστικά,Ecclesiastical matters,σ. 26,,"Theology, History",False
image_0223_right.png,Journal Article,ΤΟΜΟΣ ΙΑ' (1878),VOLUME 11 (1878),,,Μ. Παρανίκα.,M. Paranika.,"Paranikas, Matthaios",,Περὶ Ἰωάννου Ζυγομαλᾶ καὶ Μιχαὴλ Ἑρμοδώρου,On Ioannis Zygomalas and Michail Hermodoros,σ. 35,,"History, Biography",False
image_0224_left.png,Journal Article,ΤΟΜΟΣ ΙΑ' (1878),VOLUME 11 (1878),,,Δ. Σταματιάδου.,D. Stamatiadou.,"Stamatiadou, D.",,Ὁ ἀγὼν τῆς Ἐπιστήμης,The Struggle of Science,σ. 47,,"Philosophy, History of Science",False
image_0224_left.png,Journal Article,ΤΟΜΟΣ ΙΑ' (1878),VOLUME 11 (1878),,,Μ. Παρανίκα.,M. Paranika.,"Paranika, M.",,"Νεοελληνικά (Ἰάκωβος Βασιλικός, Ἰάκωβος Διασωρῖνος καὶ Γεώργιος Σαμαρᾶς)","Modern Greek (Iakovos Vasilikos, Iakovos Diasorinos and Georgios Samaras)",σ. 66,,"History, Literature",False
image_0224_left.png,Journal Article,ΤΟΜΟΣ ΙΑ' (1878),VOLUME 11 (1878),,,Μ. Παρανίκα.,M. Paranika.,"Paranika, M.",,Ἐκπαιδευτικά. (Συμπλήρωσις τοῦ Σχεδιάσματος αὐτοῦ περὶ τῶν μετὰ τὴν ἅλωσιν σχολείων κτλ.),Educational. (Supplement to his Draft on post-fall schools etc.),σ. 74,,"Education, History",False
image_0224_left.png,Journal Article,ΤΟΜΟΣ ΙΑ' (1878),VOLUME 11 (1878),,,Ι. Καρολίδου.,I. Karolidou.,"Karolidou, I.",,Περὶ γενέσεως γλώσσης,On the origin of language,σ. 96,,Linguistics,False
image_0224_left.png,Journal Article,ΤΟΜΟΣ ΙΑ' (1878),VOLUME 11 (1878),,,Μ. Παρανίκα.,M. Paranika.,"Paranika, M.",,Περὶ τῆς θρησκείας τῶν ἀρχαίων Ἑλλήνων,On the religion of the ancient Greeks,σ. 110,,"History, Religion",False
image_0224_left.png,Journal Article,ΤΟΜΟΣ ΙΑ' (1878),VOLUME 11 (1878),,,Γ. Σάρρου.,G. Sarrou.,"Sarrou, G.",,Περὶ ποινικῆς νομοθεσίας,On criminal legislation,σ. 119,,Law,False
image_0224_left.png,Journal Article,ΤΟΜΟΣ ΙΑ' (1878),VOLUME 11 (1878),,,Ι. Γ. Δημητριάδου.,I. G. Dimitriatou.,"Dimitriatou, I. G.",,Ἔκθεσις περὶ τῆς κιβωτοῦ μαθηματικῶν προβλημάτων.,Report on the ark of mathematical problems.,σ. 130,,"Mathematics, Education",False
image_0224_left.png,Journal Article,ΤΟΜΟΣ ΙΑ' (1878),VOLUME 11 (1878),,,Ι. Ἀριστοκλέους.,I. Aristokleous.,"Aristokleous, I.",,Ἐπέτειος γενικὴ Ἔκθεσις.,Annual general Report.,σ. 182,,History,False
image_0224_left.png,Journal Article,ΤΟΜΟΣ ΙΑ' (1878),VOLUME 11 (1878),,,Οδ. Ἰαλέμου.,Od. Ialemou.,"Ialemou, Od.",,Ἔκθεσις περὶ τῆς ἐν ταῖς ἐπαρχίαις τοῦ Ὀθωμανικοῦ κράτους καταστάσεως τῆς παιδείας,Report on the state of education in the provinces of the Ottoman state,σ. 119,,"Education, History",False
image_0224_left.png,Journal Article,ΤΟΜΟΣ ΙΑ' (1878),VOLUME 11 (1878),,,Οδ. Ἰαλέμου.,Od. Ialemou.,"Ialemou, Od.",,Ἔκθεσις περὶ τῆς ἐν ταῖς ἐπαρχίαις καταστάσεως τῆς παιδείας καὶ περὶ τῶν ἐν ἀπόροις σχολείοις καὶ σωματείοις διανεμηθεισῶν χρηματικῶν προσφορῶν.,Report on the state of education in the provinces and on the financial contributions distributed to needy schools and associations.,σ. 210,,"Education, History, Economics",False
image_0224_left.png,Journal Article,ΤΟΜΟΣ ΙΑ' (1878),VOLUME 11 (1878),,,Αἰμ. Νοννότου.,Aim. Nonnotou.,"Nonnotou, Aim.",,Ἔκθεσις ἐπὶ τοῦ περὶ συλλογῆς ζώντων μνημείων ἐν τῇ γλώσσῃ τοῦ λαοῦ Ζωγραφείου διαγωνίσματος.,Report on the Zografeion competition for the collection of living monuments in the language of the people.,,,"Linguistics, Philology",False
image_0224_left.png,Journal Article,ΤΟΜΟΣ ΙΑ' (1878),VOLUME 11 (1878),§ Ἐν Ἀρχαιολογικῷ παραρτήματι.,In the Archaeological Appendix.,A. Mortdmann.,A. Mortdmann.,"Mortdmann, A.",,Βρυνένιος Στρατηγὸς Δαλματίας.,Bryennios General of Dalmatia.,,,"History, Archaeology",False
image_0224_left.png,Journal Article,ΤΟΜΟΣ ΙΑ' (1878),VOLUME 11 (1878),§ Ἐν Ἀρχαιολογικῷ παραρτήματι.,In the Archaeological Appendix.,Paul Schroeder.,Paul Schroeder.,"Schroeder, Paul",,Περὶ τῆς Κυπριακῆς ἐπιγραφῆς.,On the Cypriot inscription.,,,"Archaeology, Epigraphy",False
image_0224_left.png,Journal Article,ΤΟΜΟΣ ΙΒ' (1876),VOLUME 12 (1876),,,Κ. Καραπάνου.,K. Karapanou.,"Karapanou, K.",,Ἡ Δωδώνη καὶ τὰ ἐρείπια αὐτῆς,Dodona and its ruins,σ. 1,,"Archaeology, History",False
image_0224_left.png,Journal Article,ΤΟΜΟΣ ΙΒ' (1876),VOLUME 12 (1876),,,Οδ. Ἰαλέμου.,Od. Ialemou.,"Ialemou, Od.",,Ἡ ἱστορία τοῦ Ἑλληνικοῦ Φιλολογικοῦ Συλλόγου,The history of the Hellenic Philological Society,σ. 6,,History,False
image_0224_left.png,Journal Article,ΤΟΜΟΣ ΙΒ' (1876),VOLUME 12 (1876),,,Φ. Τάγη.,F. Tagi.,"Tagi, F.",,Περὶ τῆς σημασίας τῶν ὀνείρων παρὰ τοῖς ἀρχαίοις,On the significance of dreams among the ancients,σ. 19,,"History, Psychology, Classics",False
image_0224_left.png,Journal Article,ΤΟΜΟΣ ΙΒ' (1876),VOLUME 12 (1876),,,Α. Πασπάτη.,A. Paspati.,"Paspati, A.",,Τὰ Θρᾳκικὰ προάστεια τοῦ Βυζαντίου,The Thracian suburbs of Byzantium,σ. 33,,"History, Geography",False
image_0224_left.png,Journal Article,ΤΟΜΟΣ ΙΒ' (1876),VOLUME 12 (1876),,,Α. Πασπάτη.,A. Paspati.,"Paspati, A.",,Τὰ ἀνατολικὰ προάστεια τοῦ Βυζαντίου,The eastern suburbs of Byzantium,σ. 43,,"History, Geography",False
image_0224_left.png,Journal Article,ΤΟΜΟΣ ΙΒ' (1876),VOLUME 12 (1876),,,Ι. Καρολίδου.,I. Karolidou.,"Karolidou, I.",,Περὶ συνθέσεως ὀνομάτων,On the composition of names,σ. 53,,"Linguistics, Philology",False
image_0224_left.png,Journal Article,ΤΟΜΟΣ ΙΒ' (1876),VOLUME 12 (1876),,,Ι. Καρολίδου.,I. Karolidou.,"Karolidou, I.",,Περὶ γλώσσης,On language,σ. 58,,Linguistics,False
image_0224_left.png,Journal Article,ΤΟΜΟΣ ΙΒ' (1876),VOLUME 12 (1876),,,Γ. Δημητριάδου.,G. Dimitriatou.,"Dimitriatou, G.",,"Ἔκθεσις ἐπὶ τῆς ἐγκολπίου ἐμπορικῆς ἀριθμητικῆς Μαγδάνη, καὶ περὶ τῆς τῶν ἀριθμῶν ἐπιστήμης καὶ τῶν ὑποδιαιρέσεων αὐτῆς","Report on Magdani's pocket commercial arithmetic, and on the science of numbers and its subdivisions",σ. 62,,"Mathematics, Economics",False
image_0224_left.png,Journal Article,ΤΟΜΟΣ ΙΒ' (1876),VOLUME 12 (1876),,,Μ. Παρανίκα.,M. Paranika.,"Paranika, M.",,Περὶ Θεοδώρου Ρεντίου,On Theodoros Rentios,σ. 75,,"History, Biography",False
image_0224_left.png,Journal Article,ΤΟΜΟΣ ΙΒ' (1876),VOLUME 12 (1876),,,Φιλ. Ἐπιτροπῆς.,Phil. Epitropis.,"Epitropis, Phil.",,Ἔκθεσις περὶ ζώντων μνημείων τῆς Ἑλληνικῆς γλώσσης,Report on living monuments of the Greek language,σ. 101,,"Linguistics, Philology",False
image_0224_left.png,Journal Article,ΤΟΜΟΣ ΙΒ' (1876),VOLUME 12 (1876),,,Ι. Ἀριστοκλέους,I. Aristokleous,"Aristokleous, I.",,Ἐπέτειος γενικὴ ἔκθεσις.,Annual general report.,σ. 131,,History,False
image_0224_left.png,Journal Article,ΤΟΜΟΣ ΙΒ' (1876),VOLUME 12 (1876),,,Μ. Παρανίκα,M. Paranika,"Paranika, M.",,Περὶ τῶν σχέσεων τῶν Πατριαρχῶν τῆς Ἀνατολῆς πρὸς ὀρθοδόξους ἡγεμόνας τῆς τε Ρωσσίας καὶ τῶν Παριστρίων Ἡγεμονιῶν,On the relations of the Patriarchs of the East with orthodox rulers of both Russia and the Danubian Principalities,σ. 143,,"History, Religion, Political Science",False
image_0224_left.png,Journal Article,ΤΟΜΟΣ ΙΒ' (1876),VOLUME 12 (1876),,,Μ. Παρανίκα,M. Paranika,"Paranika, M.",,Βιογραφικαὶ σημειώσεις περὶ Διονυσίου Παπαρρούση,Biographical notes on Dionysios Paparrousis,σ. 156,,"Biography, History",False
image_0224_left.png,Journal Article,ΤΟΜΟΣ ΙΒ' (1876),VOLUME 12 (1876),,,Μ. Παρανίκα,M. Paranika,"Paranika, M.",,Περὶ τῆς οἰκογενείας Ράλλη Καραβοκύρη,On the Rallis Karavokyris family,σ. 159,,"History, Genealogy",False
image_0224_left.png,Journal Article,ΤΟΜΟΣ ΙΒ' (1876),VOLUME 12 (1876),,,Δ. Σταματιάδου.,D. Stamatiadou.,"Stamatiadou, D.",,Περὶ τῆς κοινωνικῆς καταστάσεως τῆς γυναικὸς ἐν ἔθνεσι μαχίμοις καὶ λαοῖς ἡμιβαρβάροις,On the social status of women in martial nations and semi-barbarous peoples,σ. 161,,"Sociology, Anthropology, History",False
image_0224_left.png,Journal Article,ΤΟΜΟΣ ΙΒ' (1876),VOLUME 12 (1876),,,Δ. Σταματιάδου.,D. Stamatiadou.,"Stamatiadou, D.",,Περὶ τῆς κοινωνικῆς καταστάσεως τῶν τέκνων ἐν ἔθνεσι μαχίμοις καὶ παρὰ λαοῖς ἡμιβαρβάροις,On the social status of children in martial nations and among semi-barbarous peoples,σ. 167,,"Sociology, Anthropology, History",False
image_0224_left.png,Journal Article,ΤΟΜΟΣ ΙΓ' (1880),VOLUME 13 (1880),,,Ι. Καρολίδου.,I. Karolidou.,"Karolidou, I.",,Περὶ τῆς πρώτης τῶν ὀργανικῶν γενέσεως,On the first genesis of organic beings,σ. 1,,"Biology, Philosophy",False
image_0224_left.png,Journal Article,ΤΟΜΟΣ ΙΓ' (1880),VOLUME 13 (1880),,,Α. Πασπάτη.,A. Paspati.,"Paspati, A.",,Νεώτατα Βυζαντινὰ μελετήματα,Newest Byzantine studies,σ. 5,,"History, Byzantine Studies",False
image_0224_left.png,Journal Article,ΤΟΜΟΣ ΙΓ' (1880),VOLUME 13 (1880),,,Σ. Ἀριστάρχου.,S. Aristarchou.,"Aristarchou, S.",,Περὶ φυτῶν παρ' Ἑβραίοις,On plants among the Hebrews,σ. 21,,"Botany, History, Religion",False
image_0224_right.png,Journal Article,ΤΟΜΟΣ ΙΓ' (1880),VOLUME XIII (1880),,,Α. Πασπάτη,A. Paspati,"Paspati, A.",,Περὶ μεταναστεύσεως τῶν Ἀτσιγγάνων,On the migration of the Gypsies,σ. 35,,"Anthropology, History",False
image_0224_right.png,Journal Article,ΤΟΜΟΣ ΙΓ' (1880),VOLUME XIII (1880),,,Γ. Δημητριάδου,G. Dimitriadi,"Dimitriadi, G.",,Περὶ μέτρων καὶ σταθμῶν,On weights and measures,σ. 39,,"Metrology, History",False
image_0224_right.png,Journal Article,ΤΟΜΟΣ ΙΓ' (1880),VOLUME XIII (1880),,,Ἐκπ. Ἐπιτροπῆς,Educational Committee,Educational Committee,,Ἔκθεσις περὶ τῶν ἐν Κων)πόλει καὶ τοῖς πέριξ σχολείων,Report on the schools in Constantinople and its surroundings,σ. 56,,"Education, History",False
image_0224_right.png,Journal Article,ΤΟΜΟΣ ΙΓ' (1880),VOLUME XIII (1880),,,Σ. Ἀριστάρχου,S. Aristarchou,"Aristarchou, S.",,"Περὶ ἐπιγραφῶν Ἑλληνικῶν, Λατινικῶν καὶ Σερβικῶν τῆς ἐπαρχίας Βελεγράδων","On Greek, Latin and Serbian inscriptions of the province of Belgrade",σ. 84,,"Epigraphy, History",False
image_0224_right.png,Journal Article,ΤΟΜΟΣ ΙΓ' (1880),VOLUME XIII (1880),,,Γ. Δημητριάδου,G. Dimitriadi,"Dimitriadi, G.",,Σχέδιον ἀπογραφῆς τοῦ Ὀρθοδόξου πληθυσμοῦ Κωνσταντινουπόλεως καὶ τῶν προαστείων αὐτῆς,Plan for the census of the Orthodox population of Constantinople and its suburbs,σ. 102,,"Demography, History",False
image_0224_right.png,Journal Article,ΤΟΜΟΣ ΙΓ' (1880),VOLUME XIII (1880),,,Ἐκπ. Ἐπιτροπῆς,Educational Committee,Educational Committee,,Ἔκθεσις ἀναγνωσθεῖσα κατὰ τὴν ἐπέτειον ἑορτὴν τοῦ Συλλόγου,Report read at the anniversary celebration of the Society,σ. 122,,History,False
image_0224_right.png,Journal Article,ΤΟΜΟΣ ΙΓ' (1880),VOLUME XIII (1880),,,Καραπάνειος ἀγών,Karapaneios competition,Karapaneios competition,,Περὶ ἐκδόσεως διδακτικῶν βιβλίων πρὸς χρῆσιν τῶν δημοτικῶν σχολείων,On the publication of textbooks for the use of primary schools,σ. 128,,Education,False
image_0224_right.png,Journal Article,ΤΟΜΟΣ ΙΓ' (1880),VOLUME XIII (1880),,,Οδ. Ἰαλέμου,Od. Ialemou,"Ialemou, Od.",,Ἐπέτειος γενικὴ ἔκθεσις,Annual general report,σ. 183,,History,False
image_0224_right.png,Journal Article,ΤΟΜΟΣ ΙΓ' (1880),VOLUME XIII (1880),,,Μ. τοῦ Γένους Σχολή,Great School of the Nation,Great School of the Nation,,"Κῶδιξ περιέχων τὰς ἀντιγραφὰς τῶν ἐπιστολῶν, ψηφισμάτων, ἐπιταγμάτων, σιτημάτων, ὧν ἐπιστέλλει καὶ δέχεται τὸ ἐν Βυζαντίῳ Μέγα καὶ κοινὸν τοῦ Γένους Μουσεῖον ἐπὶ τῆς Σχολαρχίας τοῦ Κυρίου Δωροθέου Πρωΐου». (κατ' ἀντιγραφὴν τοῦ Μητροπολίτου Νικηφόρου Γλυκοῦ)","Codex containing the copies of letters, decrees, mandates, grain provisions, which the Great and Common Museum of the Nation in Byzantium sends and receives during the headmastership of Lord Dorotheos Proios. (copied by Metropolitan Nikiforos Glykos)",σ. 203,,"History, Philology",False
image_0224_right.png,Journal Article,ΤΟΜΟΣ ΙΓ' (1880),VOLUME XIII (1880),Ἐν Ἀρχαιολογικῷ παραρτήματι ΙΓ' τόμου.,In the Archaeological Appendix of Volume XIII.,Νικηφόρου μητροπολίτου Ἴμβρου,"Nikiforos, Metropolitan of Imbros","Nikiforos, Metropolitan of Imbros",,περί τινων ἀνεκδότων ἐπιγραφῶν Ἴμβρου,on some unpublished inscriptions of Imbros,σ. 1,,"Epigraphy, Archaeology",False
image_0224_right.png,Journal Article,ΤΟΜΟΣ ΙΓ' (1880),VOLUME XIII (1880),Ἐν Ἀρχαιολογικῷ παραρτήματι ΙΓ' τόμου.,In the Archaeological Appendix of Volume XIII.,Σ. Ἀριστάρχου,S. Aristarchou,"Aristarchou, S.",,Ἐπιγραφαὶ τῆς Μεσημβρινῆς Ρωσσίας,Inscriptions of Southern Russia,σ. 15,,"Epigraphy, Archaeology",False
image_0224_right.png,Journal Article,ΤΟΜΟΣ ΙΓ' (1880),VOLUME XIII (1880),Ἐν Ἀρχαιολογικῷ παραρτήματι ΙΓ' τόμου.,In the Archaeological Appendix of Volume XIII.,Mordtmann ἰατροῦ,Dr. Mordtmann,"Mordtmann, Dr.",,Διομήδης ἔπαρχος τῆς πόλεως (566—574),"Diomedes, eparch of the city (566-574)",σ. 23,,History,False
image_0224_right.png,Journal Article,ΤΟΜΟΣ ΙΓ' (1880),VOLUME XIII (1880),Ἐν Ἀρχαιολογικῷ παραρτήματι ΙΓ' τόμου.,In the Archaeological Appendix of Volume XIII.,Mordtmann πατρὸς καὶ Σ. Ἀριστάρχου,Mordtmann father and S. Aristarchou,"Mordtmann father; Aristarchou, S.",,Χρυσόβουλον Ρωμανοῦ τοῦ Λακαπηνοῦ,Chrysobull of Romanos Lekapenos,σ. 25,,"History, Diplomatics",False
image_0224_right.png,Journal Article,ΤΟΜΟΣ ΙΓ' (1880),VOLUME XIII (1880),Ἐν Ἀρχαιολογικῷ παραρτήματι ΙΓ' τόμου.,In the Archaeological Appendix of Volume XIII.,Dr Déthier,Dr Déthier,"Déthier, Dr",,Ἀνακαλύψεις Νομισματικαὶ,Numismatic discoveries,σ. 30,,"Numismatics, Archaeology",False
image_0224_right.png,Journal Article,ΤΟΜΟΣ ΙΓ' (1880),VOLUME XIII (1880),Ἐν Ἀρχαιολογικῷ παραρτήματι ΙΓ' τόμου.,In the Archaeological Appendix of Volume XIII.,Α. Πασπάτη,A. Paspati,"Paspati, A.",,Περί τινος ὑπογείου καὶ κινστέρνης,On a certain underground structure and cistern,σ. 32,,Archaeology,False
image_0224_right.png,Journal Article,ΤΟΜΟΣ ΙΓ' (1880),VOLUME XIII (1880),Ἐν Ἀρχαιολογικῷ παραρτήματι ΙΓ' τόμου.,In the Archaeological Appendix of Volume XIII.,F. Mordtmann,F. Mordtmann,"Mordtmann, F.",,Ἐπιγραφαὶ Θεσσαλονίκης,Inscriptions of Thessaloniki,σ. 34,,"Epigraphy, Archaeology",False
image_0224_right.png,Journal Article,ΤΟΜΟΣ ΙΓ' (1880),VOLUME XIII (1880),Ἐν Ἀρχαιολογικῷ παραρτήματι ΙΓ' τόμου.,In the Archaeological Appendix of Volume XIII.,Ι. Σακκελίωνος,I. Sakkelionos,"Sakkelionos, I.",,Πατμιακὰ,Patmiaca,σ. 41,,"History, Philology",False
image_0224_right.png,Journal Article,ΤΟΜΟΣ ΙΓ' (1880),VOLUME XIII (1880),Ἐν Ἀρχαιολογικῷ παραρτήματι ΙΓ' τόμου.,In the Archaeological Appendix of Volume XIII.,Mordtmann ἰατροῦ,Dr. Mordtmann,"Mordtmann, Dr.",,Μολυβδόβουλα Κομνηνοῦ,Lead seals of Komnenos,σ. 44,,"Sigillography, History",False
image_0224_right.png,Journal Article,ΤΟΜΟΣ ΙΓ' (1880),VOLUME XIII (1880),Ἐν Ἀρχαιολογικῷ παραρτήματι ΙΓ' τόμου.,In the Archaeological Appendix of Volume XIII.,Σ. Ἀριστάρχου,S. Aristarchou,"Aristarchou, S.",,Ἐπιγραφαὶ τῆς ἐπαρχίας Βελεγράδων,Inscriptions of the province of Belgrade,σ. 49,,"Epigraphy, Archaeology",False
image_0224_right.png,Journal Article,ΤΟΜΟΣ ΙΓ' (1880),VOLUME XIII (1880),Ἐν Ἀρχαιολογικῷ παραρτήματι ΙΓ' τόμου.,In the Archaeological Appendix of Volume XIII.,J. Millingen,J. Millingen,"Millingen, J.",,Δακτυλιόλιθοι,Gemstones,σ. 56,,"Archaeology, Art History",False
image_0224_right.png,Journal Article,ΤΟΜΟΣ ΙΓ' (1880),VOLUME XIII (1880),Ἐν Ἀρχαιολογικῷ παραρτήματι ΙΓ' τόμου.,In the Archaeological Appendix of Volume XIII.,I. Mordtmann,I. Mordtmann,"Mordtmann, I.",,Ἀρχαιότητες Τόμεως,Antiquities of Tomis,σ. 64,,Archaeology,False
image_0224_right.png,Journal Article,ΤΟΜΟΣ ΙΓ' (1880),VOLUME XIII (1880),Ἐν Ἀρχαιολογικῷ παραρτήματι ΙΓ' τόμου.,In the Archaeological Appendix of Volume XIII.,C. Curtis,C. Curtis,"Curtis, C.",,Ἐπιγραφὴ μωαβιτικὴ Μέσα,Moabite inscription of Mesha,σ. 71,,"Epigraphy, Archaeology",False
image_0224_right.png,Journal Article,ΤΟΜΟΣ ΙΓ' (1880),VOLUME XIII (1880),Ἐν Ἀρχαιολογικῷ παραρτήματι ΙΓ' τόμου.,In the Archaeological Appendix of Volume XIII.,Σ. Ἀριστάρχου,S. Aristarchou,"Aristarchou, S.",,Ἐπιγραφαὶ Σύμης,Inscriptions of Symi,σ. 76,,"Epigraphy, Archaeology",False
image_0224_right.png,Journal Article,ΤΟΜΟΣ ΙΓ' (1880),VOLUME XIII (1880),Ἐν Ἀρχαιολογικῷ παραρτήματι ΙΓ' τόμου.,In the Archaeological Appendix of Volume XIII.,Α. Πασπάτη,A. Paspati,"Paspati, A.",,Ἐπιτύμβιον γενουηνοίου ἰατροῦ.,Tombstone of a Genoese doctor.,σ. 83,,"Epigraphy, History",False
image_0224_right.png,Journal Article,ΤΟΜΟΣ ΙΓ' (1880),VOLUME XIII (1880),Ἐν Ἀρχαιολογικῷ παραρτήματι ΙΓ' τόμου.,In the Archaeological Appendix of Volume XIII.,Dr Mordtmann,Dr Mordtmann,"Mordtmann, Dr",,Μολυβδόβουλα τῆς Δύσεως,Lead seals of the West,σ. 84,,"Sigillography, History",False
image_0224_right.png,Journal Article,ΤΟΜΟΣ ΙΓ' (1880),VOLUME XIII (1880),Ἐν Ἀρχαιολογικῷ παραρτήματι ΙΓ' τόμου.,In the Archaeological Appendix of Volume XIII.,Dr Schroeder,Dr Schroeder,"Schroeder, Dr",,"Χάρτης τῶν ἐκστρατειῶν τοῦ Μέσα, βασιλέως Μωάβ.","Map of the campaigns of Mesha, king of Moab.",,,"Geography, History",False
image_0224_right.png,Journal Article,ΤΟΜΟΣ ΙΔ' (1884),VOLUME XIV (1884),,,Δ. Σταματιάδου,D. Stamatiadou,"Stamatiadou, D.",,Βίος Ἀλεξάνδρου Σχοινᾶ.,Life of Alexandros Schinas.,σ. 1-3,,"Biography, History",False
image_0224_right.png,Journal Article,ΤΟΜΟΣ ΙΔ' (1884),VOLUME XIV (1884),,,Ε. Μαυρογένους,E. Mavrogenous,"Mavrogenous, E.",,Βίος Κωνσταντίνου Καραθεοδωρῆ,Life of Konstantinos Karatheodori,σ. 3-27,,"Biography, History",False
image_0224_right.png,Journal Article,ΤΟΜΟΣ ΙΔ' (1884),VOLUME XIV (1884),,,Ι. Καρολίδου,I. Karolidou,"Karolidou, I.",,Τὰ ἑκατὸν ἀποφθέγματα τοῦ Ἀλῆ.,The hundred aphorisms of Ali.,"σ, 28-45",,"Literature, Philosophy",False
image_0224_right.png,Journal Article,ΤΟΜΟΣ ΙΔ' (1884),VOLUME XIV (1884),,,Μ. Παρανίκα,M. Paranika,"Paranika, M.",,Περὶ Ἐφέσου.,On Ephesus.,σ. 46-60,,"History, Archaeology",False
image_0225_left.png,Journal Article,ΤΟΜΟΣ ΙΔ' (1884),VOLUME XIV (1884),,,Δ. Σταματιάδου,D. Stamatiadou,"Stamatiadou, D.",,Περὶ γυμναστικῆς.,On gymnastics.,σ. 66-66,,"Physical Education, Education",False
image_0225_left.png,Journal Article,ΤΟΜΟΣ ΙΔ' (1884),VOLUME XIV (1884),,,Δ. Σταματιάδου,D. Stamatiadou,"Stamatiadou, D.",,Διαταράξεις ἀτμοσφαιρικαί.,Atmospheric disturbances.,σ. 66-67,,"Meteorology, Physics",False
image_0225_left.png,Journal Article,ΤΟΜΟΣ ΙΔ' (1884),VOLUME XIV (1884),,,Π. Βράϊλα,P. Vraila,"Vraila, P.",,Περὶ τῶν χαρακτήρων τῆς ἑλληνικῆς διανοίας.,On the characters of the Greek intellect.,σ. 76-79,,"Philosophy, Cultural Studies",False
image_0225_left.png,Journal Article,ΤΟΜΟΣ ΙΔ' (1884),VOLUME XIV (1884),,,Ἐκπ. Ἐπιτροπῆς,Educ. Committee,Educational Committee,,Ἔκθεσις περὶ τοῦ Καραπανείου ἀγῶνος Περὶ μεθοδικῶν διδακτικῶν βιβλίων.,Report on the Karapaneios competition On methodical teaching books.,σ. 80-87,,Education,False
image_0225_left.png,Journal Article,ΤΟΜΟΣ ΙΔ' (1884),VOLUME XIV (1884),,,,,,,Πρόγραμμα Καραπανείου ἀγῶνος (πρὸς σύνταξιν διδακτικῶν βιβλίων α.' παιδεύσεως.),Program of the Karapaneios competition (for the compilation of teaching books of primary education.),σ. 87-92,,Education,False
image_0225_left.png,Journal Article,ΤΟΜΟΣ ΙΔ' (1884),VOLUME XIV (1884),,,Ἐκπ. Ἐπιτροπῆς,Educ. Committee,Educational Committee,,Ἐκπαιδ. κίνησις ἐν ταῖς ἐπαρχίαις τοῦ Ὀθ. κράτους.,Educ. movement in the provinces of the Ott. state.,σ. 92-97,,"Education, History",False
image_0225_left.png,Journal Article,ΤΟΜΟΣ ΙΔ' (1884),VOLUME XIV (1884),,,Φιλ. Ἐπιτροπῆς,Philol. Committee,Philological Committee,,Ἔκθεσις περὶ Ζωγραφείου ἀγῶνος (ζώντων μνημείων.),Report on the Zografeios competition (of living monuments.),σ. 97-193,,"Philology, History",False
image_0225_left.png,Journal Article,ΤΟΜΟΣ ΙΔ' (1884),VOLUME XIV (1884),,,Σ. Ἀριστάρχου,S. Aristarchou,"Aristarchou, S.",,"Κατάλογος τῶν παρὰ τῶν νεωτέρων Ἑλλήνων ἀπὸ ἁλώσεως μέχρι τοῦδε συγγραφέντων βιβλίων φυσικοϊστορικῶν φυσικῶν, γεωγραφικῶν, ἰατρικῶν μαθηματικῶν καὶ νομικῶν","Catalogue of the books written by modern Greeks from the fall until now on natural history, physics, geography, medicine, mathematics and law",σ. 103-195,,"Bibliography, History of Science",False
image_0225_left.png,Journal Article,ΤΟΜΟΣ ΙΔ' (1884),VOLUME XIV (1884),,,Θ. Πουσίου,Th. Pousiou,"Pousiou, Th.",,"Συλλογὴ λέξεων, παραμυθίων, ᾀσμάτων κτλ. τοῦ ἐν Ζαγορίῳ τῆς Ἠπείρου ἑλληνικοῦ λαοῦ. Μέρος Α'. Λεξιλόγιον σ. 205—Μέρος Β'. Ὅρκοι, 248.—Εὐχαί, 248.—Κατάραι, 250.—Κύρια ὀνόματα ἀνδρῶν, 252. —Ὀνόματα γυναικῶν, 253.—Ὀνόματα τοποθεσιῶν, 254. —Μέρος Γ'. Παραμύθια, 255.—Αἰνίγματα 261.—Μέρος Δ'. Μυρολόγια, 261.—Μέρος Ε'. Δημοτικὰ ᾄσματα, 266. Δίστιχα. 273-278.","Collection of words, fairy tales, songs etc. of the Greek people in Zagori of Epirus. Part A. Vocabulary p. 205—Part B. Oaths, 248.—Wishes, 248.—Curses, 250.—Proper names of men, 252. —Names of women, 253.—Names of places, 254. —Part C. Fairy tales, 255.—Riddles 261.—Part D. Dirges, 261.—Part E. Folk songs, 266. Couplets. 273-278.",σ. 205-278,,"Folklore, Linguistics",False
image_0225_left.png,Journal Article,ΤΟΜΟΣ ΙΔ' (1884),VOLUME XIV (1884),,,Ι. Βαλαβάνη,I. Valavani,"Valavani, I.",,"Νέα συλλογὴ ζώντων μνημείων τῆς ἰδιωτικῆς τοῦ Πόντου. Λεξιλόγιον, λογοπαίγνια, μῦθοι,","New collection of living monuments of the private life of Pontus. Vocabulary, puns, myths,",σ. 278-291,,"Folklore, Linguistics",False
image_0225_left.png,Journal Article,ΤΟΜΟΣ ΙΔ' (1884),VOLUME XIV (1884),§ Ἀρχαιολογικὸν παράρτημα. ιδ' τόμου (1884),§ Archaeological appendix. of the 14th volume (1884),,,,,"Ἀρχαιολογικὸς χάρτης τῶν χερσαίων τοιχῶν Κωνσταντινουπόλεως, συγκριτικὸς κατάλογος τῶν ὀνομάτων κτλ.","Archaeological map of the land walls of Constantinople, comparative list of names etc.",σ. 3-15,,"Archaeology, Geography",False
image_0225_left.png,Journal Article,ΤΟΜΟΣ ΙΔ' (1884),VOLUME XIV (1884),§ Ἀρχαιολογικὸν παράρτημα. ιδ' τόμου (1884),§ Archaeological appendix. of the 14th volume (1884),,,,,"Χάρτης ἀρχαιολογικὸς τῶν χερσαίων τειχῶν Κωνσταντινουπόλεως, ὑπὸ τῆς ἀρχαιολογικῆς ἐπιτροπῆς.","Archaeological map of the land walls of Constantinople, by the archaeological committee.",,,"Archaeology, Geography",False
image_0225_left.png,Journal Article,ΤΟΜΟΣ ΙΕ' (1884),VOLUME XV (1884),,,Μ. Παρανίκα,M. Paranika,"Paranika, M.",,Μελέτη τῶν ὀρνίθων τοῦ Ἀριστοφάνους.,Study of the birds of Aristophanes.,σ. 1-9,,"Philology, Classics",False
image_0225_left.png,Journal Article,ΤΟΜΟΣ ΙΕ' (1884),VOLUME XV (1884),,,Κ. Κοντοπούλου,K. Kontopoulou,"Kontopoulou, K.",,Ἀθανασία τῆς ἑλληνικῆς γλώσσης ἢ ἀνεύρεσις τῆς ὁμηρικῆς γλώσσης ἐν ταῖς δημώδεσι διαλέξεσι τῆς συγχρόνου ἑλληνικῆς,Immortality of the Greek language or discovery of the Homeric language in the popular dialects of modern Greek,σ. 9-16,,"Linguistics, Philology",False
image_0225_left.png,Journal Article,ΤΟΜΟΣ ΙΕ' (1884),VOLUME XV (1884),,,Δ. Σταματιάδου,D. Stamatiadou,"Stamatiadou, D.",,Ἐπιστήμη καὶ θρησκεία ὡς σύμμαχοι.,Science and religion as allies.,σ. 16-23,,"Philosophy, Theology",False
image_0225_left.png,Journal Article,ΤΟΜΟΣ ΙΕ' (1884),VOLUME XV (1884),,,,,,,Ἔκθεσις τῆς Ἐκπ. Ἐπιτροπῆς περὶ τοῦ Καραπανείου ἀγῶνος. (Περὶ ἐκδόσεως μεθοδικῶν διδακτικῶν βιβλίων τῶν δημοτ. σχολείων),Report of the Educ. Committee on the Karapaneios competition. (On the publication of methodical teaching books for public schools),σ. 100-113,,Education,False
image_0225_left.png,Journal Article,ΤΟΜΟΣ ΙΕ' (1884),VOLUME XV (1884),,,,,,,Πρόγραμμα Καραπανείου ἀγῶνος διὰ τὸ τρίτον ἔτος (πρὸς σύνταξιν Χρηστομαθείας τῆς νέας Ἑλληνικῆς Γραμματικῆς κτλ.),Program of the Karapaneios competition for the third year (for the compilation of a Chrestomathy of modern Greek Grammar etc.),σ. 112-115,,"Education, Linguistics",False
image_0225_left.png,Journal Article,ΤΟΜΟΣ ΙΕ' (1884),VOLUME XV (1884),,,Φιλολ. Ἐπιτροπῆς,Philol. Committee,Philological Committee,,Περὶ τοῦ Ζωγραφείου ἀγῶνος (10 Μαΐου 1881),"On the Zografeios competition (May 10, 1881)",σ. 116-120,,"Philology, History",False
image_0225_left.png,Journal Article,ΤΟΜΟΣ ΙΕ' (1884),VOLUME XV (1884),,,Ἐκπ. Ἐπιτροπῆς,Educ. Committee,Educational Committee,,Ἔκθεσις περὶ τοῦ Βουτσιναίου ἀγῶνος (Περὶ συντάξεως Ὁδηγοῦ τῆς πρώτης παιδεύσεως),Report on the Voutsineos competition (On the compilation of a Guide for primary education),σ. 121-123,,Education,False
image_0225_left.png,Journal Article,ΤΟΜΟΣ ΙΕ' (1884),VOLUME XV (1884),,,Κ. Παγούνη,K. Pagouni,"Pagouni, K.",,"Προλήψεις, δεισιδαιμονίαι καὶ παιδιαὶ τῶν νεωτέρων Ἑλλήνων μετὰ παραλληλισμοῦ πρὸς τὰς τῶν ἀρχαίων.","Prejudices, superstitions and games of modern Greeks with a parallelism to those of the ancients.",σ. 124-141,,"Folklore, Anthropology",False
image_0225_right.png,Journal Article,"Παράρτημα τόμων ΙΕ', ΙΣΤ', ΙΖ', ΙΗ' (1884-1888)","Appendix to volumes 15, 16, 17, 18 (1884-1888)",Μαυρογορδάτειος Βιβλιοθήκη,Mavrogordateios Library,Α. Παπαδόπουλος Κεραμεύς,A. Papadopoulos Kerameus,"Papadopoulos Kerameus, A.",,Ἔκθεσις παλαιογραφικῆς ἐκδρομῆς εἰς τὴν νῆσον Λέσβον,Report of a palaeographical excursion to the island of Lesbos,σ. (α' - κ'),,"Palaeography, History",False
image_0225_right.png,Journal Article,"Παράρτημα τόμων ΙΕ', ΙΣΤ', ΙΖ', ΙΗ' (1884-1888)","Appendix to volumes 15, 16, 17, 18 (1884-1888)",Μαυρογορδάτειος Βιβλιοθήκη,Mavrogordateios Library,Α. Παπαδόπουλος Κεραμεύς,A. Papadopoulos Kerameus,"Papadopoulos Kerameus, A.",,Κατάλογος τῶν ἐν ταῖς βιβλιοθήκαις τῆς νήσου Λέσβου ἑλλην. χειρογράφων,Catalogue of Greek manuscripts in the libraries of the island of Lesbos,σ. 1 - 132,,"Bibliography, Palaeography",False
image_0225_right.png,Journal Article,"Παράρτημα τόμων ΙΕ', ΙΣΤ', ΙΖ', ΙΗ' (1884-1888)","Appendix to volumes 15, 16, 17, 18 (1884-1888)",Μαυρογορδάτειος Βιβλιοθήκη,Mavrogordateios Library,Α. Παπαδόπουλος Κεραμεύς,A. Papadopoulos Kerameus,"Papadopoulos Kerameus, A.",,Κατάλογος τῶν ἐν τῇ βιβλιοθήκῃ τοῦ Γυμνασίου Μιτυλήνης χειρογράφων,Catalogue of manuscripts in the library of the Gymnasium of Mytilene,σ. 132 - 145,,"Bibliography, Palaeography",False
image_0225_right.png,Journal Article,"Παράρτημα τόμων ΙΕ', ΙΣΤ', ΙΖ', ΙΗ' (1884-1888)","Appendix to volumes 15, 16, 17, 18 (1884-1888)",Μαυρογορδάτειος Βιβλιοθήκη,Mavrogordateios Library,Α. Παπαδόπουλος Κεραμεύς,A. Papadopoulos Kerameus,"Papadopoulos Kerameus, A.",,Κατάλογος τῶν ἐν τῇ (Λέσβῳ) μονῇ Ἰωάννου τοῦ Θεολόγου χειρογράφων,Catalogue of manuscripts in the monastery of John the Theologian (Lesbos),σ. 146 - 162,,"Bibliography, Palaeography",False
image_0225_right.png,Journal Article,"Παράρτημα τόμων ΙΕ', ΙΣΤ', ΙΖ', ΙΗ' (1884-1888)","Appendix to volumes 15, 16, 17, 18 (1884-1888)",Μαυρογορδάτειος Βιβλιοθήκη,Mavrogordateios Library,Α. Παπαδόπουλος Κεραμεύς,A. Papadopoulos Kerameus,"Papadopoulos Kerameus, A.",,Σημείωσις περὶ ἑτέρων Λεσβιακῶν κωδίκων,Note on other Lesbian codices,σ. 162 - 171,,"Bibliography, Palaeography",False
image_0225_right.png,Journal Article,"Παράρτημα τόμων ΙΕ', ΙΣΤ', ΙΖ', ΙΗ' (1884-1888)","Appendix to volumes 15, 16, 17, 18 (1884-1888)",Μαυρογορδάτειος Βιβλιοθήκη. Ἀνέκδοτα Ἑλληνικὰ συγγραμμάτια ἔγγραφά τε καὶ ἄλλα κείμενα,"Mavrogordateios Library. Unpublished Greek writings, documents and other texts",Α. Παπαδόπουλος Κεραμεύς,A. Papadopoulos Kerameus,"Papadopoulos Kerameus, A.",,Βίος καὶ πολιτεία τοῦ ἁγ. Γερμανοῦ Κων)πόλεως τοῦ ὁμολογητοῦ,Life and conduct of St. Germanos of Constantinople the Confessor,σ. 1 - 17,,"Theology, History",False
image_0225_right.png,Journal Article,"Παράρτημα τόμων ΙΕ', ΙΣΤ', ΙΖ', ΙΗ' (1884-1888)","Appendix to volumes 15, 16, 17, 18 (1884-1888)",Μαυρογορδάτειος Βιβλιοθήκη. Ἀνέκδοτα Ἑλληνικὰ συγγραμμάτια ἔγγραφά τε καὶ ἄλλα κείμενα,"Mavrogordateios Library. Unpublished Greek writings, documents and other texts",Α. Παπαδόπουλος Κεραμεύς,A. Papadopoulos Kerameus,"Papadopoulos Kerameus, A.",,Θεοφάνους Μηδείας καὶ Γεωργίου Ἀμηρούτση Ἐπιστολαὶ ἀμοιβαῖαι,Mutual letters of Theophanes of Medeia and Georgios Amiroutzes,σ. 18 - 29,,"History, Literature",False
image_0225_right.png,Journal Article,"Παράρτημα τόμων ΙΕ', ΙΣΤ', ΙΖ', ΙΗ' (1884-1888)","Appendix to volumes 15, 16, 17, 18 (1884-1888)",Μαυρογορδάτειος Βιβλιοθήκη. Ἀνέκδοτα Ἑλληνικὰ συγγραμμάτια ἔγγραφά τε καὶ ἄλλα κείμενα,"Mavrogordateios Library. Unpublished Greek writings, documents and other texts",Α. Παπαδόπουλος Κεραμεύς,A. Papadopoulos Kerameus,"Papadopoulos Kerameus, A.",,Θεοφάνους Μηδείας καὶ Γεωργίου Ἀμηρούτση Ἐπιστολαὶ πρὸς διαφόρους,Letters of Theophanes of Medeia and Georgios Amiroutzes to various people,σ. 29 - 35,,"History, Literature",False
image_0225_right.png,Journal Article,"Παράρτημα τόμων ΙΕ', ΙΣΤ', ΙΖ', ΙΗ' (1884-1888)","Appendix to volumes 15, 16, 17, 18 (1884-1888)",Μαυρογορδάτειος Βιβλιοθήκη. Ἀνέκδοτα Ἑλληνικὰ συγγραμμάτια ἔγγραφά τε καὶ ἄλλα κείμενα,"Mavrogordateios Library. Unpublished Greek writings, documents and other texts",Α. Παπαδόπουλος Κεραμεύς,A. Papadopoulos Kerameus,"Papadopoulos Kerameus, A.",,Ἰωάννου Εὐχαΐτων ἐγκώμιον εἰς τὸν ὅσιον Βάραν,Encomium of John of Euchaita to the holy Varan,σ. 36 - 45,,"Theology, Literature",False
image_0225_right.png,Journal Article,"Παράρτημα τόμων ΙΕ', ΙΣΤ', ΙΖ', ΙΗ' (1884-1888)","Appendix to volumes 15, 16, 17, 18 (1884-1888)",Μαυρογορδάτειος Βιβλιοθήκη. Ἀνέκδοτα Ἑλληνικὰ συγγραμμάτια ἔγγραφά τε καὶ ἄλλα κείμενα,"Mavrogordateios Library. Unpublished Greek writings, documents and other texts",Α. Παπαδόπουλος Κεραμεύς,A. Papadopoulos Kerameus,"Papadopoulos Kerameus, A.",,Φιλοθέου Σηλυβρίας λόγος εἰς τὸν ὅσιον Μακάριον τὸν ἐξ Ἑῴας,Oration of Philotheos of Selymbria to the holy Makarios from the East,σ. 46 - 63,,"Theology, Literature",False
image_0225_right.png,Journal Article,"Παράρτημα τόμων ΙΕ', ΙΣΤ', ΙΖ', ΙΗ' (1884-1888)","Appendix to volumes 15, 16, 17, 18 (1884-1888)",Μαυρογορδάτειος Βιβλιοθήκη. Ἀνέκδοτα Ἑλληνικὰ συγγραμμάτια ἔγγραφά τε καὶ ἄλλα κείμενα,"Mavrogordateios Library. Unpublished Greek writings, documents and other texts",Α. Παπαδόπουλος Κεραμεύς,A. Papadopoulos Kerameus,"Papadopoulos Kerameus, A.",,Τακτικὸν τῶν ὑποκειμένων θρόνων τῷ Πατριάρχῃ Ἀντιοχείας,Taktikon of the thrones subject to the Patriarch of Antioch,σ. 64 - 67,,"Theology, History",False
image_0225_right.png,Journal Article,"Παράρτημα τόμων ΙΕ', ΙΣΤ', ΙΖ', ΙΗ' (1884-1888)","Appendix to volumes 15, 16, 17, 18 (1884-1888)",Μαυρογορδάτειος Βιβλιοθήκη. Ἀνέκδοτα Ἑλληνικὰ συγγραμμάτια ἔγγραφά τε καὶ ἄλλα κείμενα,"Mavrogordateios Library. Unpublished Greek writings, documents and other texts",Α. Παπαδόπουλος Κεραμεύς,A. Papadopoulos Kerameus,"Papadopoulos Kerameus, A.",,Τὰ σύνορα τῆς ἐπαρχίας Ἀντιοχείας,The borders of the province of Antioch,σ. 68 - 70,,"History, Geography",False
image_0225_right.png,Journal Article,"Παράρτημα τόμων ΙΕ', ΙΣΤ', ΙΖ', ΙΗ' (1884-1888)","Appendix to volumes 15, 16, 17, 18 (1884-1888)",Μαυρογορδάτειος Βιβλιοθήκη. Ἀνέκδοτα Ἑλληνικὰ συγγραμμάτια ἔγγραφά τε καὶ ἄλλα κείμενα,"Mavrogordateios Library. Unpublished Greek writings, documents and other texts",Α. Παπαδόπουλος Κεραμεύς,A. Papadopoulos Kerameus,"Papadopoulos Kerameus, A.",,Δύο ἱστορικὰ ἔγγραφα: α) ὑπόμνημα ἀδήλου ἰατροῦ περὶ τῆς ὑπὸ Σελτζούκων αἰχμαλωσίας αὐτοῦ· β) Κανόνες μεγάλης τοπικῆς συνόδου ἐν Κων)πόλει (1593),Two historical documents: a) memorandum of an unknown physician about his captivity by the Seljuks; b) Canons of a great local synod in Constantinople (1593),σ. 71 - 75,,"History, Theology",False
image_0225_right.png,Journal Article,"Παράρτημα τόμων ΙΕ', ΙΣΤ', ΙΖ', ΙΗ' (1884-1888)","Appendix to volumes 15, 16, 17, 18 (1884-1888)",Μαυρογορδάτειος Βιβλιοθήκη. Ἀνέκδοτα Ἑλληνικὰ συγγραμμάτια ἔγγραφά τε καὶ ἄλλα κείμενα,"Mavrogordateios Library. Unpublished Greek writings, documents and other texts",Α. Παπαδόπουλος Κεραμεύς,A. Papadopoulos Kerameus,"Papadopoulos Kerameus, A.",,Ἔγγραφα ἱστορίας καὶ τοπογραφίας τῆς αὐτοκρατορίας Τραπεζοῦντος,Documents of history and topography of the Empire of Trebizond,σ. 75 - 85,,"History, Geography",False
image_0225_right.png,Journal Article,"Παράρτημα τόμων ΙΕ', ΙΣΤ', ΙΖ', ΙΗ' (1884-1888)","Appendix to volumes 15, 16, 17, 18 (1884-1888)",Μαυρογορδάτειος Βιβλιοθήκη. Ἀνέκδοτα Ἑλληνικὰ συγγραμμάτια ἔγγραφά τε καὶ ἄλλα κείμενα,"Mavrogordateios Library. Unpublished Greek writings, documents and other texts",Α. Παπαδόπουλος Κεραμεύς,A. Papadopoulos Kerameus,"Papadopoulos Kerameus, A.",,Σχόλια εἰς τὰς πέντε ὁμιλίας Ἰωάννου τοῦ Χρυσοστόμου,Scholia on the five homilies of John Chrysostom,σ. 85 - 93,,"Theology, Philology",False
image_0225_right.png,Journal Article,"Παράρτημα τόμων ΙΕ', ΙΣΤ', ΙΖ', ΙΗ' (1884-1888)","Appendix to volumes 15, 16, 17, 18 (1884-1888)",Μαυρογορδάτειος Βιβλιοθήκη. Ἀνέκδοτα Ἑλληνικὰ συγγραμμάτια ἔγγραφά τε καὶ ἄλλα κείμενα,"Mavrogordateios Library. Unpublished Greek writings, documents and other texts",Α. Παπαδόπουλος Κεραμεύς,A. Papadopoulos Kerameus,"Papadopoulos Kerameus, A.",,Μάρκου τοῦ Εὐγενικοῦ συγγράμματα διάφορα σ. 94-105 ἤτοι,Various writings of Mark Eugenikos pp. 94-105 namely,,,"Theology, Philosophy",False
image_0225_right.png,Journal Article,"Παράρτημα τόμων ΙΕ', ΙΣΤ', ΙΖ', ΙΗ' (1884-1888)","Appendix to volumes 15, 16, 17, 18 (1884-1888)",Μαυρογορδάτειος Βιβλιοθήκη. Ἀνέκδοτα Ἑλληνικὰ συγγραμμάτια ἔγγραφά τε καὶ ἄλλα κείμενα,"Mavrogordateios Library. Unpublished Greek writings, documents and other texts",Α. Παπαδόπουλος Κεραμεύς,A. Papadopoulos Kerameus,"Papadopoulos Kerameus, A.",,"Περιγραφὴ κώδικος Μάρκου τοῦ Εὐγενικοῦ, περιλαμβάνοντος πολυάριθμα συγγράμματα αὐτοῦ","Description of a codex of Mark Eugenikos, containing numerous writings of his",σ. 95,,"Bibliography, Palaeography",False
image_0225_right.png,Journal Article,"Παράρτημα τόμων ΙΕ', ΙΣΤ', ΙΖ', ΙΗ' (1884-1888)","Appendix to volumes 15, 16, 17, 18 (1884-1888)",Μαυρογορδάτειος Βιβλιοθήκη. Ἀνέκδοτα Ἑλληνικὰ συγγραμμάτια ἔγγραφά τε καὶ ἄλλα κείμενα,"Mavrogordateios Library. Unpublished Greek writings, documents and other texts",Α. Παπαδόπουλος Κεραμεύς,A. Papadopoulos Kerameus,"Papadopoulos Kerameus, A.",,Μάρκου Εὐγενικοῦ ἐπιστολὴ πρὸς τὸν αὐτοκράτορα Ἰωάννην Παλαιολόγον,Letter of Mark Eugenikos to the Emperor John Palaiologos,σ. 98,,"History, Theology",False
image_0225_right.png,Journal Article,"Παράρτημα τόμων ΙΕ', ΙΣΤ', ΙΖ', ΙΗ' (1884-1888)","Appendix to volumes 15, 16, 17, 18 (1884-1888)",Μαυρογορδάτειος Βιβλιοθήκη. Ἀνέκδοτα Ἑλληνικὰ συγγραμμάτια ἔγγραφά τε καὶ ἄλλα κείμενα,"Mavrogordateios Library. Unpublished Greek writings, documents and other texts",Α. Παπαδόπουλος Κεραμεύς,A. Papadopoulos Kerameus,"Papadopoulos Kerameus, A.",,Τοῦ αὐτοῦ συναξάριον εἰς τὴν μνήμην τοῦ ὁσ. Συμ. τοῦ μεταφραστοῦ,Synaxarion by the same to the memory of the holy Symeon the Metaphrast,σ. 100,,"Theology, History",False
image_0225_right.png,Journal Article,"Παράρτημα τόμων ΙΕ', ΙΣΤ', ΙΖ', ΙΗ' (1884-1888)","Appendix to volumes 15, 16, 17, 18 (1884-1888)",Μαυρογορδάτειος Βιβλιοθήκη. Ἀνέκδοτα Ἑλληνικὰ συγγραμμάτια ἔγγραφά τε καὶ ἄλλα κείμενα,"Mavrogordateios Library. Unpublished Greek writings, documents and other texts",Α. Παπαδόπουλος Κεραμεύς,A. Papadopoulos Kerameus,"Papadopoulos Kerameus, A.",,Μάρκου τοῦ Εὐγενικοῦ ἔμμετρά τινα,Some metrical works of Mark Eugenikos,σ. 102,,"Literature, Theology",False
image_0225_right.png,Journal Article,"Παράρτημα τόμων ΙΕ', ΙΣΤ', ΙΖ', ΙΗ' (1884-1888)","Appendix to volumes 15, 16, 17, 18 (1884-1888)",Μαυρογορδάτειος Βιβλιοθήκη. Ἀνέκδοτα Ἑλληνικὰ συγγραμμάτια ἔγγραφά τε καὶ ἄλλα κείμενα,"Mavrogordateios Library. Unpublished Greek writings, documents and other texts",Α. Παπαδόπουλος Κεραμεύς,A. Papadopoulos Kerameus,"Papadopoulos Kerameus, A.",,Σχόλια εἰς Πλοῦτον καὶ Νεφέλας Ἀριστοφάνους,Scholia on Plutus and Clouds of Aristophanes,σ. 106,,"Philology, Literature",False
image_0225_right.png,Journal Article,ΤΟΜΟΣ ΙΣΤ' (1884),VOLUME 16 (1884),,,Αθ. Παπαδόπουλος Κεραμεύς,Ath. Papadopoulos Kerameus,"Papadopoulos Kerameus, Ath.",,Περὶ γενέσεως καὶ ἀναπτύξεως τῆς ἀρμενικῆς γραμματολογίας μέχρι τέλους τῆς Ε' χριστιανικῆς ἑκατονταετηρίδος,On the genesis and development of Armenian literature until the end of the 5th Christian century,σ. 1 - 38,,"Philology, History",False
image_0225_right.png,Journal Article,ΤΟΜΟΣ ΙΣΤ' (1884),VOLUME 16 (1884),,,Κ. Καλλιάδης,K. Kalliadis,"Kalliadis, K.",,Περὶ τοῦ Συλλόγου τοῦ διεθνοῦς δικαίου,On the Association of International Law,σ. 39 - 64,,"Law, Political Science",False
image_0225_right.png,Journal Article,ΤΟΜΟΣ ΙΣΤ' (1884),VOLUME 16 (1884),,,Δ. Σταμανιάδης,D. Stamaniadis,"Stamaniadis, D.",,Βιογραφία τοῦ ὀστρέου,Biography of the oyster,σ. 64 - 68,,"Biology, Zoology",False
image_0225_right.png,Journal Article,ΤΟΜΟΣ ΙΣΤ' (1884),VOLUME 16 (1884),,,Μ. Παρανίκας,M. Paranikas,"Paranikas, M.",,Ὁμηρικαὶ μελέται. Περὶ τῆς καθ' Ὅμηρον ἠθικῆς,Homeric studies. On Homeric ethics,σ. 68 - 78,,"Philology, Literature, Philosophy",False
image_0225_right.png,Journal Article,ΤΟΜΟΣ ΙΣΤ' (1884),VOLUME 16 (1884),,,Μ. Παρανίκας,M. Paranikas,"Paranikas, M.",,Ὁμηρικαὶ μελέται Ἰλιακά,Homeric studies Iliad,σ. 78 - 87,,"Philology, Literature",False
image_0226_left.png,Journal Article,ΤΟΜΟΣ ΙΣΤ' (1884),VOLUME 16 (1884),,,Ἡρ. Βασιάδου,Ir. Vasiadou,"Vasiadou, Iraklis",,Εἰσαγωγὴ εἰς τὴν ἱστορίαν τοῦ ἑλληνικοῦ πολιτισμοῦ καὶ ἰδίᾳ τῆς ἑλληνικῆς παιδείας,Introduction to the history of Greek civilization and specifically of Greek education,88-90,,"History, Education",False
image_0226_left.png,Journal Article,ΤΟΜΟΣ ΙΣΤ' (1884),VOLUME 16 (1884),,,Εἰδικῆς Ἐπιτροπῆς,Special Committee,Special Committee,,Κρίσις ἐπὶ τοῦ συγγράμματος τοῦ Σαῒτ βέη «Περὶ ἠθικῶν ἀρετῶν καὶ ἐπιστημονικῶν τελειοτήτων»,"Judgment on the book of Sait Bey ""On moral virtues and scientific perfections""",303-309,,"Philosophy, Ethics",False
image_0226_left.png,Journal Article,ΤΟΜΟΣ ΙΣΤ' (1884),VOLUME 16 (1884),,,Φιλολ. Ἐπιτροπῆς,Philological Committee,Philological Committee,,Ἔκθεσις περὶ τοῦ Ζωγραφείου ἀγῶνος,Report on the Zografeios competition,310-320,,"Philology, Education",False
image_0226_left.png,Journal Article,ΤΟΜΟΣ ΙΣΤ' (1884),VOLUME 16 (1884),,,Καραπανείου ἀγῶνος,Karapaneios competition,Karapaneios competition,,Γενικὸν πρόγραμμα περὶ ἐκδόσεως μεθοδικῶν βιβλίων πρὸς χρῆσιν τῶν δημοτικῶν σχολείων,General program for the publication of methodical books for the use of primary schools,301,,Education,False
image_0226_left.png,Journal Article,ΤΟΜΟΣ ΙΣΤ' (1884),VOLUME 16 (1884),,,Καραπανείου ἀγῶνος,Karapaneios competition,Karapaneios competition,,Εἰδικὸν πρόγραμμα πρὸς σύνταξιν Γεωγραφίας,Special program for the compilation of Geography,322-323,,"Geography, Education",False
image_0226_left.png,Journal Article,ΤΟΜΟΣ ΙΣΤ' (1884),VOLUME 16 (1884),,,Καραπανείου ἀγῶνας,Karapaneios competition,Karapaneios competition,,Εἰδικὸν πρόγραμμα πρὸς σύνταξιν Φυσ. Ἱστορίας,Special program for the compilation of Natural History,323-324,,"Natural History, Education",False
image_0226_left.png,Journal Article,ΤΟΜΟΣ ΙΣΤ' (1884),VOLUME 16 (1884),,,Ἀλ. Μαυρογένους,Al. Mavrogenous,"Mavrogenis, Alexandros",,Περὶ Βολταίρου καὶ ἰδίᾳ περὶ τῆς φιλανθρωπίας αὐτοῦ,On Voltaire and specifically on his philanthropy,326-327,,"Philosophy, History",False
image_0226_left.png,Journal Article,ΤΟΜΟΣ ΙΣΤ' (1884),VOLUME 16 (1884),,,Τ. Καραθεοδωρῆ,T. Karatheodori,"Karatheodoris, Tilemachos",,Περὶ ἐφαρμογῆς τοῦ ἠλεκτρισμοῦ εἰς τὸν δημόσιον φωτισμόν,On the application of electricity to public lighting,331,,"Physics, Engineering",False
image_0226_left.png,Journal Article,ΤΟΜΟΣ ΙΣΤ' (1884),VOLUME 16 (1884),,,Σπ. Μαυρογένους,Sp. Mavrogenous,"Mavrogenis, Spyridon",,Περὶ ὕπνου καὶ ὑπνοβατίας κατὰ τὸν Regnaud,On sleep and somnambulism according to Regnaud,336,,"Medicine, Psychology",False
image_0226_left.png,Journal Article,ΤΟΜΟΣ ΙΣΤ' (1884),VOLUME 16 (1884),,,Ἀλ. Καραθεοδωρῆ,Al. Karatheodori,"Karatheodoris, Alexandros",,Περὶ Ἡρωνικῶν (Ἐθνολογ.),On the Heronians (Ethnology),336-340,,Ethnology,False
image_0226_left.png,Journal Article,ΤΟΜΟΣ ΙΣΤ' (1884),VOLUME 16 (1884),,,Κ. Ξανθοπούλου,K. Xanthopoulou,"Xanthopoulos, K.",,Περὶ τῶν ἠθικῶν Νικομαχείων τοῦ Ἀριστοτέλους,On the Nicomachean Ethics of Aristotle,348-349,,"Philosophy, Classics",False
image_0226_left.png,Journal Article,ΤΟΜΟΣ ΙΣΤ' (1884),VOLUME 16 (1884),,,Α. Γ. Πασπάτη,A. G. Paspati,"Paspatis, Alexandros G.",,Περὶ τῶν Βυζαντινῶν Ἀνακτόρων καὶ τῶν πέριξ αὐτῶν ἱδρυμάτων,On the Byzantine Palaces and the institutions around them,"350-351, 359, 366",,"History, Archaeology, Byzantine Studies",False
image_0226_left.png,Journal Article,ΤΟΜΟΣ ΙΣΤ' (1884),VOLUME 16 (1884),,,Σπ. Μαυρογένους,Sp. Mavrogenous,"Mavrogenis, Spyridon",,Ὁποῖον ἄρα τὸ τῷ πολιτισμῷ προσφορώτερον κλίμα,Which climate is therefore more conducive to civilization,352,,"Geography, Sociology",False
image_0226_left.png,Journal Article,ΤΟΜΟΣ ΙΣΤ' (1884),VOLUME 16 (1884),,,Ἀθ. Πετρίδου,Ath. Petridou,"Petridis, Athanasios",,Γλωσσολογικαὶ παρατηρήσεις ἐπὶ τοῦ συγγράμματος τοῦ Α. Γ. Πασπάτη περὶ μεταναστεύσεως τῶν Ἀτσιγγάνων,Linguistic observations on the book of A. G. Paspatis on the migration of the Gypsies,360-361,,"Linguistics, Ethnology",False
image_0226_left.png,Journal Article,ΤΟΜΟΣ ΙΣΤ' (1884),VOLUME 16 (1884),,,Γ. Κατσελίδου,G. Katselidou,"Katselidis, Georgios",,Περὶ ἀποίκων καὶ ἐποίκων παρ' Ἕλλησιν ἐν τοῖς καθ' ἡμᾶς χρόνοις,On colonists and settlers among Greeks in our times,362,,"History, Sociology",False
image_0226_left.png,Journal Article,ΤΟΜΟΣ ΙΣΤ' (1884),VOLUME 16 (1884),,,Ἡρ. Βασιάδου,Ir. Vasiadou,"Vasiadou, Iraklis",,Περὶ τῆς ἰδέας τῆς προόδου κατὰ τοὺς ἀρχαίους,On the idea of progress according to the ancients,369,,"Philosophy, Classics",False
image_0226_left.png,Journal Article,ΤΟΜΟΣ ΙΣΤ' (1885),VOLUME 16 (1885),§ Ἀρχαιολογικὸν παράρτημα ΙΣΤ' τόμου 1885,§ Archaeological appendix of volume 16 1885,G. G. Curtius - Σ. Ἀριστάρχου,G. G. Curtius - S. Aristarchou,"Curtius, G. G.; Aristarchos, S.",,Ἀνέκδοτοι ἐπιγραφαὶ Βυζαντίου μετὰ Ε' πινάκων,Unpublished inscriptions of Byzantium with 5 plates,142,,"Archaeology, Epigraphy, Byzantine Studies",False
image_0226_left.png,Journal Article,ΤΟΜΟΣ ΙΣΤ' (1885),VOLUME 16 (1885),§ Παράρτημα ΙΣΤ' τόμου (1885). Παλαιογραφικὸν δελτίον.,§ Appendix of volume 16 (1885). Paleographical bulletin.,Α. Παπαδοπούλου Κεραμέως,A. Papadopoulou Kerameos,"Papadopoulos-Kerameus, Athanasios",,Συνοπτικὴ ἔκθεσις παλαιογραφικῶν ἐρευνῶν ἔν τε Κ)πόλει καὶ ἐν ταῖς χώραις τοῦ Πόντου,Brief report of paleographical research in Constantinople and in the regions of Pontus,3,,"Paleography, History",False
image_0226_left.png,Journal Article,ΤΟΜΟΣ ΙΣΤ' (1885),VOLUME 16 (1885),§ Παράρτημα ΙΣΤ' τόμου (1885). Παλαιογραφικὸν δελτίον.,§ Appendix of volume 16 (1885). Paleographical bulletin.,Α. Παπαδοπούλου Κεραμέως,A. Papadopoulou Kerameos,"Papadopoulos-Kerameus, Athanasios",,Ἰουλιανοῦ αὐτοκράτορος ἐπιστολαὶ ἀνέκδοτοι μετὰ προλεγομένων καὶ κριτικῶν σημειωμάτων,Unpublished letters of Emperor Julian with prolegomena and critical notes,9-35,,"Paleography, History, Classics",False
image_0226_left.png,Journal Article,ΤΟΜΟΣ ΙΣΤ' (1885),VOLUME 16 (1885),§ Παράρτημα ΙΣΤ' τόμου (1885). Παλαιογραφικὸν δελτίον.,§ Appendix of volume 16 (1885). Paleographical bulletin.,Α. Παπαδοπούλου Κεραμέως,A. Papadopoulou Kerameos,"Papadopoulos-Kerameus, Athanasios",,"Λιβανίου ἐπιστολαί, αἰσώπειοι (καὶ ἰγνατιακοὶ) μῦθοι καὶ αὐτόγραφοι ἐπιστολαὶ Νικολάου Καβάσιλα ἐν τρισὶ κεφαλαίοις, οἷς προσήρτηνται πίνακες ἀναφερόμενοι εἰς τὸ περιεχόμενον τοῦ 167 ἀναμίκτου κώδικος τῆς ἐν Χάλκῃ μονῆς τῆς Θεοτόκου","Letters of Libanius, Aesopic (and Ignatian) fables and autograph letters of Nikolaos Kavasilas in three chapters, to which are attached tables referring to the content of the 167 miscellaneous codex of the monastery of the Theotokos in Halki","36, 64",,"Paleography, Literature, History",False
image_0226_left.png,Journal Article,ΤΟΜΟΣ ΙΣΤ' (1885),VOLUME 16 (1885),§ Παράρτημα ΙΣΤ' τόμου (1885). Παλαιογραφικὸν δελτίον.,§ Appendix of volume 16 (1885). Paleographical bulletin.,Α. Παπαδοπούλου Κεραμέως,A. Papadopoulou Kerameos,"Papadopoulos-Kerameus, Athanasios",,Ἀντιβολὴ τοῦ ὑπὸ W. Vagner ἐκδοθέντος Πουλουλόγου πρὸς λεσβιακόν τινα κώδικα,Collation of Pouloulogos published by W. Vagner against a Lesbian codex,65-68,,"Paleography, Literature",False
image_0226_left.png,Journal Article,ΤΟΜΟΣ ΙΣΤ' (1885),VOLUME 16 (1885),§ Παράρτημα ΙΣΤ' τόμου (1885). Παλαιογραφικὸν δελτίον.,§ Appendix of volume 16 (1885). Paleographical bulletin.,Α. Παπαδοπούλου Κεραμέως,A. Papadopoulou Kerameos,"Papadopoulos-Kerameus, Athanasios",,Σχόλια εἰς Αἰσχίνην,Scholia on Aeschines,69-70,,"Classics, Paleography",False
image_0226_left.png,Journal Article,ΤΟΜΟΣ ΙΖ' (1886),VOLUME 17 (1886),,,Κ. Ξανθοπούλου,K. Xanthopoulou,"Xanthopoulos, K.",,Τὰ ἠθικὰ Νικομάχεια τοῦ Ἀριστοτέλους,The Nicomachean Ethics of Aristotle,1-36,,"Philosophy, Classics",False
image_0226_left.png,Journal Article,ΤΟΜΟΣ ΙΖ' (1886),VOLUME 17 (1886),,,Ι. Καρολίδου,I. Karolidou,"Karolidis, Pavlos",,Περὶ τῆς τῶν νεωτέρων καὶ ἰδίᾳ τῆς Σοπεναυέρου ἀπαισιοδοξίας,On the pessimism of the moderns and specifically of Schopenhauer,37-49,,Philosophy,False
image_0226_left.png,Journal Article,ΤΟΜΟΣ ΙΖ' (1886),VOLUME 17 (1886),,,Α. Παπαδ. Κεραμέως,A. Papad. Kerameos,"Papadopoulos-Kerameus, Athanasios",,Συμβολαὶ εἰς τὴν ἱστορίαν τῆς νεοελληνικῆς Φιλολογίας,Contributions to the history of Modern Greek Philology,50-93,,"Philology, History",False
image_0226_right.png,Journal Article,ΤΟΜΟΣ ΙΖ' (1886),VOLUME 17 (1886),,,Α. Παπαδ. Κεραμέως,A. Papad. Kerameos,A. Papadopoulos-Kerameus,,"(Επιστολαὶ Μανουὴλ Κορινθίου, Ἰωάννου Κορέσση, Διονυσίου Ἱερομονάχου, Γεωργίου τοῦ Αἰτωλοῦ, Δαμασκηνοῦ Στουδίτου, Μαξίμου Μαργουνίου, Μελετίου τοῦ Πηγᾶ, Διονυσίου Ἡρακλείας, Νεοφύτου Ροδινοῦ, Λαυρεντίου τοῦ Καββάκου, Γεωργίου Μοσχετίου, Παϊσίου Λιγαρίδου, Νεκταρίου Ἱεροσολύμων, Βησσαρίωνος Μακρῆ, Σωφρονίου Δαρακίου μετὰ βιογραφικῶν σημειώσεων)","(Letters of Manuel of Corinth, John Koressis, Dionysius the Hieromonk, George of Aetolia, Damaskenos the Studite, Maximus Margunius, Meletius Pegas, Dionysius of Heraclea, Neophytus Rodinos, Laurentius Kabbakos, George Moschetios, Paisius Ligarides, Nectarius of Jerusalem, Bessarion Makres, Sophronius Darakios with biographical notes)",91-116,,"History, Theology, Biography",False
image_0226_right.png,Journal Article,ΤΟΜΟΣ ΙΖ' (1886),VOLUME 17 (1886),,,Κ. Μακρῆ,K. Makre,K. Makris,,Περὶ τοῦ μεταξοσκώληκος καὶ τῶν ἀσθενειῶν αὐτοῦ,On the silkworm and its diseases,117-130,,"Biology, Agriculture",False
image_0226_right.png,Journal Article,ΤΟΜΟΣ ΙΖ' (1886),VOLUME 17 (1886),,,Φιλολ. Ἐπιτροπῆς,Philol. Epitropes,Philological Committee,,Ἔκθεσις περὶ τοῦ Ζωγραφείου ἀγῶνος,Report on the Zographeion competition,131-138,,"Education, Literature",False
image_0226_right.png,Journal Article,ΤΟΜΟΣ ΙΖ' (1886),VOLUME 17 (1886),,,Ἐκπ. Ἐπιτροπῆς,Ekp. Epitropes,Educational Committee,,Ἔκθεσις περὶ τοῦ Καραπανείου ἀγῶνος,Report on the Karapaneion competition,138-139,,Education,False
image_0226_right.png,Journal Article,ΤΟΜΟΣ ΙΖ' (1886),VOLUME 17 (1886),,,Καραπ. ἀγῶνος,Karap. agonos,Karapaneion Competition,,Γενικὸν πρόγραμμα περὶ ἐκδόσεως μεθοδικῶν βιβλίων πρὸς χρῆσιν τῶν δημοτικῶν βιβλίων,General program for the publication of methodical books for the use of primary schools,139-144,,"Education, Publishing",False
image_0226_right.png,Journal Article,ΤΟΜΟΣ ΙΖ' (1886),VOLUME 17 (1886),,,Καραπ. ἀγῶνος,Karap. agonos,Karapaneion Competition,,Εἰδικὸν πρόγραμμα πρὸς σύνταξιν γραμματικῆς,Special program for the compilation of a grammar,146-146,,"Education, Linguistics",False
image_0226_right.png,Journal Article,ΤΟΜΟΣ ΙΖ' (1886),VOLUME 17 (1886),,,Ἀθ. Πετρίδου,Ath. Petridou,Ath. Petridis,,"Περὶ τῆς ἀνακαλύψεως τῆς ἀρχαίας πόλεως Μοραιᾶς τῶν, Μοραιοτάδας καὶ περὶ τοῦ ὀνόματος τοῦ Μωρέως","On the discovery of the ancient city of Moraias of the, Moraiotadas and on the name of Moreas",148-149,,"Archaeology, History, Toponymy",False
image_0226_right.png,Journal Article,ΤΟΜΟΣ ΙΖ' (1886),VOLUME 17 (1886),,,Στ. Ἀριστάρχου,St. Aristarchou,St. Aristarchos,,Περί τινος ἀνεκδότου νεαρᾶς τοῦ Φωκᾶ,On an unpublished novel of Phocas,153,,"History, Law",False
image_0226_right.png,Journal Article,ΤΟΜΟΣ ΙΖ' (1886),VOLUME 17 (1886),,,Μ. Παρανίκα,M. Paranika,M. Paranikas,,Περὶ τοῦ Δέρκων Διονυσίου τοῦ Σαμουρκάση (1773),"On Dionysius of Derkoi, Samourkasis (1773)","154-155, 158",,"History, Biography",False
image_0226_right.png,Journal Article,ΤΟΜΟΣ ΙΖ' (1886),VOLUME 17 (1886),,,Φ. Τάγη,Ph. Tage,Ph. Tagis,,Περὶ τῆς σημασίας τῶν ὀνείρων παρὰ τοῖς ἀρχαίοις,On the meaning of dreams among the ancients,156-157,,"History, Psychology, Classics",False
image_0226_right.png,Journal Article,ΤΟΜΟΣ ΙΖ' (1886),VOLUME 17 (1886),,,Κ. Κοντοπούλου,K. Kontopoulou,K. Kontopoulos,,Περὶ ζώντων μνημείων τῆς ὁμηρικῆς γλώσσης,On living monuments of the Homeric language,174-157,,"Linguistics, Classics",True
image_0226_right.png,Journal Article,ΤΟΜΟΣ ΙΖ' (1886),VOLUME 17 (1886),,,Ἡρ. Βασιάδου,Her. Basiadou,Her. Vasiadis,,Περὶ τοῦ Λαοκόοντος τοῦ Λεσίγγίου,On Lessing's Laocoon,189-203,,"Art History, Literature, Aesthetics",False
image_0226_right.png,Journal Article,ΤΟΜΟΣ ΙΖ' (1886),VOLUME 17 (1886),,,Ἡρ. Βασιάδου,Her. Basiadou,Her. Vasiadis,,Περὶ τοῦ Φιλοκτήτου τοῦ Σοφοκλέους,On Sophocles' Philoctetes,,,"Literature, Classics",False
image_0226_right.png,Journal Article,ΤΟΜΟΣ ΙΖ' (1886),VOLUME 17 (1886),§ Ἀρχαιολογικὸν Παράρτημα ΙΖ' τόμου (1886).,§ Archaeological Appendix of Volume 17 (1886).,Α. Π. Κεραμέως,A. P. Kerameos,A. Papadopoulos-Kerameus,,Ἔκθεσις παλαιογραφικῶν καὶ φιλολογικῶν ἐρευνῶν ἐν Θράκῃ καὶ Μακεδονίᾳ,Report on paleographical and philological research in Thrace and Macedonia,3-64,,"Paleography, Philology, History",False
image_0226_right.png,Journal Article,ΤΟΜΟΣ ΙΖ' (1886),VOLUME 17 (1886),§ Ἀρχαιολογικὸν Παράρτημα ΙΖ' τόμου (1886).,§ Archaeological Appendix of Volume 17 (1886).,Α. Π. Κεραμέως,A. P. Kerameos,A. Papadopoulos-Kerameus,,Ἀρχαιότητες καὶ ἐπιγραφαὶ τῆς Θρᾴκης,Antiquities and inscriptions of Thrace,65,,"Archaeology, Epigraphy",False
image_0226_right.png,Journal Article,ΤΟΜΟΣ ΙΖ' (1886),VOLUME 17 (1886),§ Ἀρχαιολογικὸν Παράρτημα ΙΖ' τόμου (1886).,§ Archaeological Appendix of Volume 17 (1886).,Α. Π. Κεραμέως,A. P. Kerameos,A. Papadopoulos-Kerameus,,Διαλεκτικὴ ἐπιγραφὴ Τραπεζοῦντος,Dialectical inscription of Trebizond,114,,"Epigraphy, Linguistics",False
image_0226_right.png,Journal Article,ΤΟΜΟΣ ΙΖ' (1886),VOLUME 17 (1886),§ Ἀρχαιολογικὸν Παράρτημα ΙΖ' τόμου (1886).,§ Archaeological Appendix of Volume 17 (1886).,Κ. Περδικίδου,K. Perdikidou,K. Perdikidis,,Περὶ τῶν ἐν Συρίᾳ Ἀγβατάνων (Ἐκβατάνων),On the Agbatana (Ecbatana) in Syria,117,,"History, Geography",False
image_0226_right.png,Journal Article,ΤΟΜΟΣ ΙΖ' (1886),VOLUME 17 (1886),§ Ἀρχαιολογικὸν Παράρτημα ΙΖ' τόμου (1886).,§ Archaeological Appendix of Volume 17 (1886).,Ξ. Α. Σιδεροπούλου,X. A. Sideropoulou,X. A. Sideropoulos,,Ναὸς ἱερομάρτυρος Αὐτονόμου,Church of the hieromartyr Autonomus,122,,"Archaeology, Theology, History",False
image_0226_right.png,Journal Article,ΤΟΜΟΣ ΙΖ' (1886),VOLUME 17 (1886),§ Ἀρχαιολογικὸν Παράρτημα ΙΖ' τόμου (1886).,§ Archaeological Appendix of Volume 17 (1886).,Ξ. Α. Σιδεροπούλου,X. A. Sideropoulou,X. A. Sideropoulos,,Περὶ Δαματρύος τῶν Βυζαντινῶν (τοῦ νῦν Ἀλὲμ τάγ),On Damatrys of the Byzantines (now Alem Dagh),126,,"History, Geography",False
image_0226_right.png,Journal Article,ΤΟΜΟΣ ΙΖ' (1886),VOLUME 17 (1886),§ Ἀρχαιολογικὸν Παράρτημα ΙΖ' τόμου (1886).,§ Archaeological Appendix of Volume 17 (1886).,A. Mordtmann Dr.,A. Mordtmann Dr.,A. Mordtmann,,Μολυβδόβουλα Βυζαντινὰ ἐπαρχιῶν Εὐρώπης,Byzantine lead seals of European provinces,144,,"Sigillography, History",False
image_0226_right.png,Journal Article,ΤΟΜΟΣ ΙΖ' (1886),VOLUME 17 (1886),§ Ἀρχαιολογικὸν Παράρτημα ΙΖ' τόμου (1886).,§ Archaeological Appendix of Volume 17 (1886).,C. G. Curtis,C. G. Curtis,C. G. Curtis,,Ἐπιγραφαὶ ἐν Μακεδονίᾳ συλλεγεῖσαι,Inscriptions collected in Macedonia,153,,"Epigraphy, Archaeology",False
image_0226_right.png,Journal Article,ΤΟΜΟΣ ΙΖ' (1886),VOLUME 17 (1886),§ Ἀρχαιολογικὸν Παράρτημα ΙΖ' τόμου (1886).,§ Archaeological Appendix of Volume 17 (1886).,Σάββα Ν. Διαμαντίδου,Sabba N. Diamantidou,Savvas N. Diamantidis,,Ἐπιγραφαὶ Ἰκονίου,Inscriptions of Iconium,169,,"Epigraphy, Archaeology",False
image_0226_right.png,Journal Article,ΤΟΜΟΣ ΙΖ' (1886),VOLUME 17 (1886),§ Ἀρχαιολογικὸν Παράρτημα ΙΖ' τόμου (1886).,§ Archaeological Appendix of Volume 17 (1886).,Βελεγράδων Ἀνθίμου,Belegradon Anthimou,Anthimos of Belgrade,,Ἐπιγραφαὶ Πελαγονείας,Inscriptions of Pelagonia,182,,"Epigraphy, Archaeology",False
image_0226_right.png,Journal Article,ΤΟΜΟΣ ΙΖ' (1886),VOLUME 17 (1886),§ Ἀρχαιολογικὸν Παράρτημα ΙΖ' τόμου (1886).,§ Archaeological Appendix of Volume 17 (1886).,Albert L. Long,Albert L. Long,Albert L. Long,,Ἐπιγραφαὶ ἐν Μπαλτᾶ λιμάν τοῦ Βοσπόρου,Inscriptions in Balta Liman of the Bosphorus,188,,"Epigraphy, Archaeology",False
image_0226_right.png,Journal Article,ΤΟΜΟΣ ΙΗ' (1888),VOLUME 18 (1888),,,Ι. Καρολίδου,I. Karolidou,I. Karolidis,,Δαμαϊντία καὶ Νάλος,Damaintia and Nalos,1-13,,"History, Literature",False
image_0226_right.png,Journal Article,ΤΟΜΟΣ ΙΗ' (1888),VOLUME 18 (1888),,,Ι. Καρολίδου,I. Karolidou,I. Karolidis,,Περὶ τῶν ὁμηρικῶν παραβολῶν,On Homeric similes,14-17,,"Literature, Classics",False
image_0226_right.png,Journal Article,ΤΟΜΟΣ ΙΗ' (1888),VOLUME 18 (1888),,,Ι. Καρολίδου,I. Karolidou,I. Karolidis,,Περὶ τῆς Ρωμαίων τύχης,On the fortune of the Romans,17-22,,"History, Classics",False
image_0226_right.png,Journal Article,ΤΟΜΟΣ ΙΗ' (1888),VOLUME 18 (1888),,,Ι. Καρολίδου,I. Karolidou,I. Karolidis,,Περὶ ἐνυπνίων,On dreams,22-24,,"Psychology, History",False
image_0226_right.png,Journal Article,ΤΟΜΟΣ ΙΗ' (1888),VOLUME 18 (1888),,,Κ. Μακρῆ,K. Makre,K. Makris,,Περὶ τῶν ἐρειπίων τῆς Κυζίκου,On the ruins of Cyzicus,25-33,,"Archaeology, History",False
image_0226_right.png,Journal Article,ΤΟΜΟΣ ΙΗ' (1888),VOLUME 18 (1888),,,Ἔκθεσις τῆς Ἐκπεδ. Ἐπιτροπῆς,Ekthesis tes Ekped. Epitropes,Educational Committee,,Περὶ τοῦ Καραπανείου ἀγῶνος,On the Karapaneion competition,102-102,,Education,False
image_0226_right.png,Journal Article,ΤΟΜΟΣ ΙΗ' (1888),VOLUME 18 (1888),,,Ἔκθεσις τῆς Ἐκπεδ. Ἐπιτροπῆς,Ekthesis tes Ekped. Epitropes,Educational Committee,,"Καραπ. ἀγῶνος πρόγραμμα περὶ ἐκδόσεως μεθοδικῶν βιβλίων πρὸς χρῆσιν τῶν δημοτ. σχολείων σ. 108-109 καὶ εἰδικὰ πρὸς ἔκδοσιν γραμματικῆς, Ἑλλ. Ἱστορίας καὶ Χρηστομαθείας","Karapaneion competition program for the publication of methodical books for the use of primary schools p. 108-109 and specifically for the publication of grammar, Greek History and Chrestomathy","109-113, 113-115, 116-117",,"Education, Publishing",False
image_0227_left.png,Journal Article,ΤΟΜΟΣ ΙΗ' (1888),Volume 18 (1888),,,Ἀ. Παπαδοπούλου,A. Papadopoulos,Ἀ. Παπαδόπουλος,,Τοπογραφικὸν καὶ ἱστορικὸν ὑπόμνημα περὶ τοῦ ἐν Λυδίᾳ Νυμφαίου,Topographical and historical memorandum on the Nymphaeum in Lydia,σ. 35,,"Archaeology, History, Geography",False
image_0227_left.png,Journal Article,ΤΟΜΟΣ ΙΗ' (1888),Volume 18 (1888),,,Δ. Σταματιάδου,D. Stamatiadis,Δ. Σταματιάδης,,Περὶ τῆς ἐκτιμήσεως τῶν Ἑλλην. γραμμάτων ἐν Ἀμερικῇ,On the appreciation of Greek letters in America,σ. 43,,"Philology, Education",False
image_0227_left.png,Journal Article,ΤΟΜΟΣ ΙΗ' (1888),Volume 18 (1888),,,Ἡρ. Βασιάδου,Ir. Vasiadis,Ἡρ. Βασιάδης,,Περὶ τοῦ Λαοκόντος καὶ Λεσιγγίου,On Laocoon and Lessing,σ. 49-62,,"Art History, Philology",False
image_0227_left.png,Journal Article,ΤΟΜΟΣ ΙΗ' (1888),Volume 18 (1888),,,Ἐκπ. Ἐπιτροπῆς,Educational Committee,Ἐκπαιδευτικὴ Ἐπιτροπή,,Κρίσις περὶ ἀναγνωστικῶν βιβλίων,Judgment on reading books,σ. 56-58,,"Education, Literature",False
image_0227_left.png,Journal Article,ΤΟΜΟΣ ΙΗ' (1888),Volume 18 (1888),,,Ι. Παρχαρίδου,I. Parcharidis,Ι. Παρχαρίδης,,Συλλογὴ ζώντων μνημείων τῆς ἀρχαίας Ἑλληνικῆς ἐν Ὄφει. Οὐσιαστικά,Collection of living monuments of ancient Greek in Ophis. Nouns,σ. 120-178,,"Linguistics, Philology",False
image_0227_left.png,Journal Article,ΤΟΜΟΣ ΙΗ' (1888),Volume 18 (1888),,,Γ. Ζηκίδου,G. Zikidis,Γ. Ζηκίδης,,"Νεοελληνικὰ Ἠπειρωτικὰ ἀνάλεκτα (Παροιμίαι, δεισιδαιμονίαι καὶ προλήψεις, μυριολόγια, αἰνίγματα, ἔθιμα)","Modern Greek Epirote analecta (Proverbs, superstitions and prejudices, dirges, riddles, customs)",σ. 179-227,,"Folklore, Anthropology",False
image_0227_left.png,Journal Article,ΤΟΜΟΣ ΙΘ' (1888),Volume 19 (1888),,,Μ. Παρανίκα,M. Paranikas,Μ. Παρανίκας,,Περὶ τῆς ἐν Κων)πόλει πατριαρχικῆς σχολῆς,On the patriarchal school in Constantinople,σ. 1-19,,"History, Education",False
image_0227_left.png,Journal Article,ΤΟΜΟΣ ΙΘ' (1888),Volume 19 (1888),,,Ἀθ. Πετρίδου,Ath. Petridis,Ἀθ. Πετρίδης,,Περὶ τῆς ἀρχαίας πόλεως Κυπαρισσίας ἐν Πελοπονήσῳ,On the ancient city of Kyparissia in the Peloponnese,σ. 20-34,,"Archaeology, History, Geography",False
image_0227_left.png,Journal Article,ΤΟΜΟΣ ΙΘ' (1888),Volume 19 (1888),,,Χρ. Σαμαρτζίδου,Chr. Samartzidis,Χρ. Σαμαρτζίδης,,Περὶ τοῦ ἐπιφανέντος Κων)τίνῳ τῷ Μεγάλῳ σημείου καὶ τοῦ ἐτύμου τῆς λέξεως Λάβαρον,On the sign that appeared to Constantine the Great and the etymology of the word Labarum,σ. 35-47,,"History, Linguistics, Theology",False
image_0227_left.png,Journal Article,ΤΟΜΟΣ ΙΘ' (1888),Volume 19 (1888),,,J. G. Calvert,J. G. Calvert,J. G. Calvert,,Εἰδήσεις περὶ τῆς τοπογραφίας τῆς ὁμηρικῆς Ἰλίου,News about the topography of Homeric Troy,σ. 48-57,,"Archaeology, Geography, Classics",False
image_0227_left.png,Journal Article,ΤΟΜΟΣ ΙΘ' (1888),Volume 19 (1888),,,Ἀ. Π. Κεραμέως,A. P. Kerameus,Ἀ. Π. Κεραμεύς,,Ἔκθεσις εἰσηγητικὴ φιλολ. ἐπιτροπῆς περὶ τῶν συλλογῶν ζώντων μνημείων ἐν τῇ γλώσσῃ τοῦ λαοῦ τῶν ἀποσταλεισῶν εἰς τὸ Ζωγράφειον διαγώνισμα,Introductory report of the philological committee on the collections of living monuments in the language of the people sent to the Zographeion competition,σ. 135-159,,"Philology, Linguistics, Folklore",False
image_0227_left.png,Journal Article,ΤΟΜΟΣ ΙΘ' (1888),Volume 19 (1888),,,,,,,Κρίσις τῆς ὑποβληθείσης εἰς τὸν Καραπάνειον ἀγῶνα Φυσικῆς ἱστορίας.,Judgment of the Natural History submitted to the Karapaneion competition.,,,"History of Science, Natural History",False
image_0227_left.png,Journal Article,ΤΟΜΟΣ ΙΘ' (1888),Volume 19 (1888),,,Ἀ. Παπαδοπούλου Κεραμέως,A. Papadopoulos Kerameus,Ἀ. Παπαδόπουλος Κεραμεύς,,Περὶ τῶν ἐργασιῶν τοῦ ρωσικοῦ ἀρχαιολογικοῦ συνεδρίου Ὀδησσοῦ τῷ 1884,On the works of the Russian archaeological congress of Odessa in 1884,σ. 173-178,,"Archaeology, History",False
image_0227_left.png,Journal Article,ΤΟΜΟΣ ΙΘ' (1888),Volume 19 (1888),,,,,,,Συλλογὴ ζώντων μνημείων τῆς ἀρχαίας Ἑλλην. γλώσσης ἐν τῇ γλώσσῃ τοῦ λαοῦ,Collection of living monuments of the ancient Greek language in the language of the people,σ. 188-189,,"Linguistics, Philology",False
image_0227_left.png,Journal Article,ΤΟΜΟΣ ΙΘ' (1888),Volume 19 (1888),,,Γεωργίου Παπαδοπούλου Νισυρίου,Georgios Papadopoulos Nisyrios,Γεώργιος Παπαδόπουλος Νισύριος,,Συλλογὴ λέξεων καὶ ᾀσμάτων τῆς Νισύρου,Collection of words and songs of Nisyros,σ. 190-208,,"Folklore, Linguistics",False
image_0227_left.png,Journal Article,ΤΟΜΟΣ ΙΘ' (1888),Volume 19 (1888),,,Δημοσθένους Χαβιαρᾶ,Dimosthenis Chaviaras,Δημοσθένης Χαβιαρᾶς,,Δημοτικὴ ποίησις Σύμης,Folk poetry of Symi,σ. 208,,"Folklore, Literature",False
image_0227_left.png,Journal Article,ΤΟΜΟΣ ΙΘ' (1888),Volume 19 (1888),Ἀρχαιολογικὸν παράρτημα ΙΘ'. τόμ. (1891),Archaeological Appendix Vol. 19 (1891),A. Mordtmann,A. Mordtmann,A. Mordtmann,,"Βογδὰν Σεράϊ, ἤτοι ἡ Μονὴ τοῦ ἐνδόξου Προφήτου Προδρόμου ἡ ἐπικεκλημένη τῆς Παλαιᾶς Πέτρας","Bogdan Serai, or the Monastery of the glorious Prophet Forerunner invoked of the Old Rock",σ. 3,,"Archaeology, History, Theology",False
image_0227_left.png,Journal Article,ΤΟΜΟΣ ΙΘ' (1888),Volume 19 (1888),Ἀρχαιολογικὸν παράρτημα ΙΘ'. τόμ. (1891),Archaeological Appendix Vol. 19 (1891),A. Mordtmann,A. Mordtmann,A. Mordtmann,,Τοπογραφία Κων/πόλεως,Topography of Constantinople,σ. 4,,"Geography, History, Archaeology",False
image_0227_left.png,Journal Article,ΤΟΜΟΣ ΙΘ' (1888),Volume 19 (1888),Ἀρχαιολογικὸν παράρτημα ΙΘ'. τόμ. (1891),Archaeological Appendix Vol. 19 (1891),Ξ. Α. Σιδεροπούλου,X. A. Sideropoulos,Ξ. Α. Σιδερόπουλος,,Περὶ Δαματρύος τῶν Βυζαντινῶν (τανῦν Ἀλὲμ τάγ),On Damatrys of the Byzantines (now Alem Dag),σ. 15,,"History, Geography, Archaeology",False
image_0227_left.png,Journal Article,ΤΟΜΟΣ ΙΘ' (1888),Volume 19 (1888),Ἀρχαιολογικὸν παράρτημα ΙΘ'. τόμ. (1891),Archaeological Appendix Vol. 19 (1891),Ξ. Α. Σιδεροπούλου,X. A. Sideropoulos,Ξ. Α. Σιδερόπουλος,,Βυζαντιναὶ ἐπιγραφαί.,Byzantine inscriptions.,σ. 24,,"Epigraphy, Archaeology, History",False
image_0227_left.png,Journal Article,ΤΟΜΟΣ ΙΘ' (1888),Volume 19 (1888),Ἀρχαιολογικὸν παράρτημα ΙΘ'. τόμ. (1891),Archaeological Appendix Vol. 19 (1891),A. Mordtmann,A. Mordtmann,A. Mordtmann,,Ἐπιγραφὴ Θεσσαλονίκης,Inscription of Thessaloniki,σ. 28,,"Epigraphy, Archaeology",False
image_0227_left.png,Journal Article,ΤΟΜΟΣ ΙΘ' (1888),Volume 19 (1888),Ἀρχαιολογικὸν παράρτημα ΙΘ'. τόμ. (1891),Archaeological Appendix Vol. 19 (1891),Albert L. Long,Albert L. Long,Albert L. Long,,Ἐπιγραφὴ Κυζίκου.,Inscription of Cyzicus.,σ. 29,,"Epigraphy, Archaeology",False
image_0227_left.png,Journal Article,ΤΟΜΟΣ ΙΘ' (1888),Volume 19 (1888),Ἀρχαιολογικὸν παράρτημα ΙΘ'. τόμ. (1891),Archaeological Appendix Vol. 19 (1891),Ἀρχαιολογ. Ἐπιτρ.,Archaeological Committee,Ἀρχαιολογικὴ Ἐπιτροπή,,Ἐπίγραμμα Ἀμισοῦ.,Epigram of Amisos.,σ. 32,,"Epigraphy, Archaeology",False
image_0227_left.png,Journal Article,ΤΟΜΟΣ ΙΘ' (1888),Volume 19 (1888),Ἀρχαιολογικὸν παράρτημα ΙΘ'. τόμ. (1891),Archaeological Appendix Vol. 19 (1891),A Leval,A. Leval,A. Leval,,Τρεῖς ἐπιγραφαὶ χριστιανικαὶ τοῦ Ε' αἰῶνος ἐκ τοῦ μονύστου τῶν Συρακουσῶν,Three Christian inscriptions of the 5th century from the monystos of Syracuse,σ. 33,,"Epigraphy, Archaeology, History",False
image_0227_left.png,Journal Article,ΤΟΜΟΣ ΙΘ' (1888),Volume 19 (1888),Ἀρχαιολογικὸν παράρτημα ΙΘ'. τόμ. (1891),Archaeological Appendix Vol. 19 (1891),Π. Δ. Κούππα,P. D. Kouppas,Π. Δ. Κούππας,,Ἀρχαιολογικαὶ σημειώσεις,Archaeological notes,σ. 35,,Archaeology,False
image_0227_left.png,Journal Article,ΤΟΜΟΣ ΙΘ' (1888),Volume 19 (1888),Ἀρχαιολογικὸν παράρτημα ΙΘ'. τόμ. (1891),Archaeological Appendix Vol. 19 (1891),"A. Mordtmann, πατρός","A. Mordtmann, father","A. Mordtmann, πατήρ",,Ἔκθεσις περί τινος στατῆρος,Report on a stater,σ. 41,,"Numismatics, Archaeology",False
image_0227_left.png,Journal Article,ΤΟΜΟΣ Κ' (1891),Volume 20 (1891),,,Φιλολ. Ἐπιτροπῆς,Philological Committee,Φιλολογικὴ Ἐπιτροπή,,Ἔκθεσις περὶ τοῦ Ζωγραφείου ἀγῶνος ὑπὸ τοῦ εἰσηγητοῦ Χ. Χατζηχρήστου,Report on the Zographeion competition by the rapporteur Ch. Chatzichristou,σ. 81,,"Philology, History",False
image_0227_right.png,Journal Article,ΤΟΜΟΣ Κ' (1891),VOLUME 20 (1891),,,Ἐκπ. Ἐπιτροπῆς,Ekp. Epitropis,Ἐκπαιδευτικὴ Ἐπιτροπή,,Ἔκθεσις περὶ τοῦ Καραπ. ἀγῶνος ὑπὸ τοῦ εἰσ. Θ. Σαλτέλη,Report on the Karapanos competition by the rapporteur Th. Saltelis,σ. 83,,"Education, History",False
image_0227_right.png,Journal Article,ΤΟΜΟΣ Κ' (1891),VOLUME 20 (1891),,,Ἐκπ. Ἐπιτροπῆς,Ekp. Epitropis,Ἐκπαιδευτικὴ Ἐπιτροπή,,Ἔκθεσις περὶ τῆς πνευματικῆς καὶ οἰκονομικῆς καταστάσεως τῶν ἐν Κων)πόλει καὶ τοῖς προαστείοις Ἑλλην. ἐκπαιδευτηρίων ὑπὸ τοῦ εἰσηγητοῦ Π. Παπαρρούση (1885).,Report on the spiritual and economic situation of the Greek educational institutions in Constantinople and its suburbs by the rapporteur P. Paparrousis (1885).,σ. 99,,"Education, Economics, History",False
image_0227_right.png,Journal Article,ΤΟΜΟΣ Κ' (1891),VOLUME 20 (1891),,,Μ. Παρανίκα,M. Paranika,Μ. Παρανίκας,,Νικηφόρος ὁ Θεοτόκης καὶ ἡ ἐν Ἑνετίᾳ ἑλλην. ἐκκλησία,Nikiforos Theotokis and the Greek church in Venice,σ. 109,,"History, Theology",False
image_0227_right.png,Journal Article,ΤΟΜΟΣ Κ' (1891),VOLUME 20 (1891),,,Κ. Ξανθοπούλου,K. Xanthopoulou,Κ. Ξανθόπουλος,,Συμπέρασμα τῆς μελέτης τῶν ἠθικῶν Νικομαχείων τοῦ Ἀριστοτέλους,Conclusion of the study of Aristotle's Nicomachean Ethics,σ. 127,,Philosophy,False
image_0227_right.png,Journal Article,ΤΟΜΟΣ Κ' (1891),VOLUME 20 (1891),,,Μ. Παρανίκα,M. Paranika,Μ. Παρανίκας,,Ὁμηρικαὶ μελέται,Homeric studies,σ. 132,,"Philology, Literature",False
image_0227_right.png,Journal Article,ΤΟΜΟΣ Κ' (1891),VOLUME 20 (1891),,,Ι. Γ. Βαλαβάνη,I. G. Valavani,Ι. Γ. Βαλαβάνης,,Τίς ἡ τοῦ Ξενοφῶντος Κερασοῦς;,Which is Xenophon's Kerasous?,σ. 168,,"History, Geography, Philology",False
image_0227_right.png,Journal Article,ΤΟΜΟΣ ΚΑ' (1891),VOLUME 21 (1891),,,Κ. Περδικίδου,K. Perdikidou,Κ. Περδικίδης,,Κριτικὴ μελέτη περί τινος σημιτικῆς ἐπιγραφῆς ἐν Χαλεπίῳ πρό τινος σωζομένης τανῦν δὲ ἀπολεσθείσης καὶ περὶ τοῦ 59 ψαλμοῦ καὶ τῆς ἐπ' αὐτοῦ ἐπιγραφῆς μετὰ παρεμπιπτούσης κριτικῆς ἐξηγήσεως τοῦ 107 ψαλμοῦ,"Critical study of a Semitic inscription in Aleppo preserved until recently but now lost, and of the 59th Psalm and its inscription, with an incidental critical explanation of the 107th Psalm",σ. 1,,"Epigraphy, Theology, Philology",False
image_0227_right.png,Journal Article,ΤΟΜΟΣ ΚΑ' (1891),VOLUME 21 (1891),,,Π. Κούππα,P. Kouppa,Π. Κούππας,,Περὶ τυπογραφίας τῆς ἀρχαίας μητροπόλεως τοῦ Πόντου Τόμεως,"On the typography of the ancient metropolis of Pontus, Tomis",σ. 36,,"History, Geography",False
image_0227_right.png,Journal Article,ΤΟΜΟΣ ΚΑ' (1891),VOLUME 21 (1891),,,Μ. Γεδεών,M. Gedeon,Μ. Γεδεών,,Αἱ κατὰ τῆς πολυτελείας καὶ τῶν προικῶν ἐθνικαὶ ἐνέργειαι κατὰ τοὺς τελευταίους τέσσαρας αἰῶνας,National actions against luxury and dowries during the last four centuries,σ. 49,,"History, Sociology",False
image_0227_right.png,Journal Article,ΤΟΜΟΣ ΚΑ' (1891),VOLUME 21 (1891),,,Μ. Γεδεών,M. Gedeon,Μ. Γεδεών,,Περὶ τῆς Φαναριωτικῆς κοινωνίας μέχρι τῶν ἀρχῶν τῆς ἐνεστώσης ἑκατονταετηρίδος,On Phanariot society up to the beginning of the current century,σ. 55,,"History, Sociology",False
image_0227_right.png,Journal Article,ΤΟΜΟΣ ΚΑ' (1891),VOLUME 21 (1891),,,Μ. Γεδεών,M. Gedeon,Μ. Γεδεών,,Χρονογράφου συμπεράσματα ἐπὶ τῶν μετὰ τὴν ἅλωσιν,Chronicler's conclusions on the events after the Fall,σ. 72,,History,False
image_0227_right.png,Journal Article,ΤΟΜΟΣ ΚΑ' (1891),VOLUME 21 (1891),,,Μ. Γεδεών,M. Gedeon,Μ. Γεδεών,,Περί φιλοπτώχων καὶ φιλανθρώπων διατάξεων παρ' ἡμῖν κατὰ τοὺς τέσσαρας τελευταίους αἰῶνας,On charitable and philanthropic provisions among us during the last four centuries,σ. 79,,"History, Sociology",False
image_0227_right.png,Journal Article,ΤΟΜΟΣ ΚΑ' (1891),VOLUME 21 (1891),,,Ἀνωνύμου,Anonymou,Ἀνώνυμος,,Περὶ τῆς καθ' ἡμᾶς ἐθνικῆς καὶ ἐκκλησιαστικῆς μουσικῆς,On our national and ecclesiastical music,σ. 84,,"Musicology, Theology",False
image_0227_right.png,Journal Article,ΤΟΜΟΣ ΚΑ' (1891),VOLUME 21 (1891),,,Μ. Παρανίκα,M. Paranika,Μ. Παρανίκας,,Περὶ ἀθανασίας τῆς ψυχῆς κατὰ Πλάτωνα.,On the immortality of the soul according to Plato.,σ. 88,,Philosophy,False
image_0227_right.png,Journal Article,ΤΟΜΟΣ ΚΑ' (1891),VOLUME 21 (1891),,,Μ. Παρανίκα,M. Paranika,Μ. Παρανίκας,,Διονύσιος Δέρκων ὁ Σαμουρκάσης (1772).,"Dionysios of Derkoi, Samourkasis (1772).",σ. 100,,"History, Biography",False
image_0227_right.png,Journal Article,ΤΟΜΟΣ ΚΑ' (1891),VOLUME 21 (1891),,,Κ. Ι. Ἰωαννίδου ἰατροῦ,K. I. Ioannidou iatrou,Κ. Ι. Ἰωαννίδης,,"Περὶ τοῦ βίου, τῶν θεωριῶν, καὶ τῶν ἀνακαλύψεων τοῦ Pasteur","On the life, theories, and discoveries of Pasteur",σ. 110,,"Medicine, History of Science, Biography",False
image_0227_right.png,Journal Article,ΤΟΜΟΣ ΚΑ' (1891),VOLUME 21 (1891),,,Μ. Παρανίκα,M. Paranika,Μ. Παρανίκας,,Μελέτη ἐπὶ τοῦ Αἴαντος μαστιγοφόρου τοῦ Σοφοκλέους,Study on Sophocles' Ajax the Whip-Bearer,σ. 156,,"Philology, Literature",False
image_0227_right.png,Journal Article,ΤΟΜΟΣ ΚΑ' (1891),VOLUME 21 (1891),,,Κ. Περδικίδου,K. Perdikidou,Κ. Περδικίδης,,Περὶ Λιλὶθ καὶ Μαροὺτ (Σημιτικῶν δαιμόνων),On Lilith and Marut (Semitic demons),σ. 160,,"Theology, Mythology",False
image_0227_right.png,Journal Article,ΤΟΜΟΣ ΚΑ' (1891),VOLUME 21 (1891),,,Μ. Παρανίκα,M. Paranika,Μ. Παρανίκας,,Τὸ παλαιὸν σύστημα τῆς ἐκκλησιαστικῆς μουσικῆς,The old system of ecclesiastical music,σ. 164,,"Musicology, Theology, History",False
image_0227_right.png,Journal Article,ΤΟΜΟΣ ΚΑ' (1891),VOLUME 21 (1891),,,Ι. Ἀριστοκλέους,I. Aristokleous,Ι. Ἀριστοκλῆς,,Περὶ τῆς ἐν τῇ ποικιλίᾳ τοῦ σύμπαντος δεσποζούσης ἑνότητος,On the unity dominating the variety of the universe,σ. 225,,"Philosophy, Cosmology",False
image_0227_right.png,Journal Article,ΤΟΜΟΣ ΚΑ' (1891),VOLUME 21 (1891),,,Ἐκπ. Ἐπιτροπῆς,Ekp. Epitropis,Ἐκπαιδευτικὴ Ἐπιτροπή,,Κρίσις τῆς εἰς τὸν Καραπάνειον ἀγῶνα ὑποβληθείσης γραμματικῆς (1889),Judgment of the grammar submitted to the Karapanos competition (1889),σ. 262,,"Linguistics, Philology",False
image_0227_right.png,Journal Article,ΤΟΜΟΣ ΚΑ' (1891),VOLUME 21 (1891),,,Φ. Τάγη,F. Tagi,Φ. Τάγης,,Περὶ τῶν εἰς τὸν Ζωγράφειον ἀγῶνα ὑποβληθέντων ζώντων μνημείων τῆς ἑλλ. γλώσσης (1889),On the living monuments of the Greek language submitted to the Zographeion competition (1889),σ. 265,,"Linguistics, Philology",False
image_0227_right.png,Journal Article,ΤΟΜΟΣ ΚΑ' (1891),VOLUME 21 (1891),,,Ν. Φωτιάδου,N. Fotiadou,Ν. Φωτιάδης,,Περὶ ἀναπτύξεως καὶ προόδου τοῦ ἀνθρωπίνου νοῦ ἐν Ἑλλάδι ἀπὸ τῶν ἀρχαίων χρόνων μέχρι τοῦ Ἀριστοτέλους,On the development and progress of the human mind in Greece from ancient times to Aristotle,σ. 290,,"History, Philosophy",False
image_0227_right.png,Journal Article,ΤΟΜΟΣ ΚΑ' (1891),VOLUME 21 (1891),,,Ἀχιλλέως Διαμαντάρα,Achilleos Diamantara,Ἀχιλλεὺς Διαμαντάρας,,"Γλωσσικὴ ὕλη τῆς νήσου Μεγίστης (Καστελλορίζου) [Παροιμίαι, κανατσίσματα ἢ χορέματα, νανουρίσματα, τραγούδια τῆς σαντακλείδας (αἰώρας), μυριολόγια, ᾄσματα γάμου καὶ ᾄσματα διηγηματικά, αἰνίγματα]","Linguistic material of the island of Megisti (Kastellorizo) [Proverbs, kanatsismata or choremata, lullabies, songs of the santakleida (swing), myriologia, wedding songs and narrative songs, riddles]",σ. 315 - 365,,"Linguistics, Folklore",False
image_0227_right.png,Journal Article,ΤΟΜΟΣ ΚΒ' (1891),VOLUME 22 (1891),,,Κ. Μακρῆ,K. Makri,Κ. Μακρῆς,,Βιογραφία Ἡρ. Βασιάδου,Biography of Ir. Vasiadis,σ. 20,,"Biography, History",False
image_0227_right.png,Journal Article,ΤΟΜΟΣ ΚΒ' (1891),VOLUME 22 (1891),,,Θ. Σαλτέλη,Th. Salteli,Θ. Σαλτέλης,,Ἔκθεσις περὶ τῶν εἰς τὸν Ζωγράφειον ἀγῶνα ὑποβληθέντων συλλογῶν ζώντων μνημείων ἐν τῇ γλώσσῃ τοῦ λαοῦ (τῷ 1890),Report on the collections of living monuments in the language of the people submitted to the Zographeion competition (in 1890),σ. 52,,"Linguistics, Folklore",False
image_0228_left.png,Journal Article,ΤΟΜΟΣ ΚΒ' (1891),VOLUME 22 (1891),,,Μ. Αὐθεντοπούλου,M. Afthentopoulou,"Afthentopoulou, M.",,Ἔκθεσις περὶ τῶν εἰς τὸν Ζωγράφειον ἀγῶνα ὑποβληθέντων συλλογῶν ζώντων μνημείων (τῷ 1891),Report on the collections of living monuments submitted to the Zografeion competition (in 1891),122,,"History, Cultural Studies",False
image_0228_left.png,Journal Article,ΤΟΜΟΣ ΚΒ' (1891),VOLUME 22 (1891),,,Α. Χρηστίδου ἰατροῦ,A. Christidou iatrou,"Christidou, A.",,Περὶ τοῦ ὀζονίου ἐν τῷ ἀτμοσφαιρικῷ ἀέρι,On ozone in the atmospheric air,141,,"Chemistry, Environmental Science",False
image_0228_left.png,Journal Article,ΤΟΜΟΣ ΚΒ' (1891),VOLUME 22 (1891),,,Α. Νεοφύτου,A. Neofytou,"Neofytou, A.",,Περὶ τῶν ἐν Κερασοῦντι δεισιδαιμονιῶν καὶ προλήψεων,On superstitions and prejudices in Giresun,147,,"Folklore, Anthropology",False
image_0228_left.png,Journal Article,ΤΟΜΟΣ ΚΒ' (1891),VOLUME 22 (1891),,,Δ. Οἰκονομίδου,D. Oikonomidou,"Oikonomidou, D.",,Ἐπίκρισις τοῦ ὑπὸ τοῦ Ι. Σταματέλου ἐν τῷ Δ' τόμῳ τοῦ περιοδικοῦ «Παρνασσοῦ» δημοσιευθέντος λεξιλογίου τῆς διαλέκτου τοῦ Πόντου,"Critique of the glossary of the Pontic dialect published by I. Stamatelos in the 4th volume of the journal ""Parnassos""",152,,"Linguistics, Philology",False
image_0228_left.png,Journal Article,ΤΟΜΟΣ ΚΒ' (1891),VOLUME 22 (1891),,,Θ. Βικέλα,Th. Vikela,"Vikela, Th.",,Περὶ ἀγωγῆς,On education,160,,Education,False
image_0228_left.png,Journal Article,ΤΟΜΟΣ ΚΒ' (1891),VOLUME 22 (1891),,,Θ. Ρενάκ,Th. Renak,"Renak, Th.",,Ἡ νομισματολογία καὶ ἡ ἱστορία,Numismatics and history,168,,"Numismatics, History",False
image_0228_left.png,Journal Article,ΤΟΜΟΣ ΚΒ' (1891),VOLUME 22 (1891),,,Θ. Βεγλερῆ,Th. Vegleri,"Vegleri, Th.",,Ἡ ἀγωγὴ ἐν σχέσει πρὸς τὴν κοινωνικὴν ἠθικήν,Education in relation to social morality,176,,"Education, Sociology",False
image_0228_left.png,Journal Article,ΤΟΜΟΣ ΚΒ' (1891),VOLUME 22 (1891),,,Α. Χρηστίδου,A. Christidou,"Christidou, A.",,Νοσολογικὴ καὶ κοινωνικὴ σημασία τοῦ λοιμοῦ τῶν Ἀθηνῶν κατὰ τὸν Πελοποννησιακὸν πόλεμον,Nosological and social significance of the plague of Athens during the Peloponnesian War,181,,"History of Medicine, History",False
image_0228_left.png,Journal Article,ΤΟΜΟΣ ΚΒ' (1891),VOLUME 22 (1891),,,Μ. Παρανίκα,M. Paranika,"Paranika, M.",,Ἀνάλυσις τῆς Δ' ᾠδῆς τῶν πυθίων τοῦ Πινδάρου,Analysis of the 4th Pythian Ode of Pindar,190,,"Philology, Literature",False
image_0228_left.png,Journal Article,ΤΟΜΟΣ ΚΒ' (1891),VOLUME 22 (1891),,,Α. Χρηστίδου,A. Christidou,"Christidou, A.",,"Περὶ ὑγείας, ὑγιεινῆς καὶ τῆς σπουδαιότητος αὐτῆς ἱστορικῶς καὶ κοινωνικῶς","On health, hygiene and its importance historically and socially",196,,"Medicine, History of Medicine, Sociology",False
image_0228_left.png,Journal Article,ΤΟΜΟΣ ΚΒ' (1891),VOLUME 22 (1891),,,Θ. Βεγλερῆ,Th. Vegleri,"Vegleri, Th.",,Ποία ἡ ἔννοια τοῦ δικαίου ὑπὸ κοινωνιολογικὴν ἔποψιν,What is the concept of law from a sociological point of view,202,,"Law, Sociology",False
image_0228_left.png,Journal Article,ΤΟΜΟΣ ΚΒ' (1891),VOLUME 22 (1891),,,Μ. Καρλότη,M. Karloti,"Karloti, M.",,Περὶ Ἡροδότου,On Herodotus,211,,"History, Classics",False
image_0228_left.png,Journal Article,ΤΟΜΟΣ ΚΒ' (1891),VOLUME 22 (1891),,,Pinéyro καὶ Vilavicencio,Pinéyro and Vilavicencio,Pinéyro and Vilavicencio,,Ἡ Ἀνατολὴ καὶ ἡ ἐν Μαδρίτῃ ἔκθεσις τοῦ 1892,The East and the exhibition in Madrid in 1892,221,,"History, Art History",False
image_0228_left.png,Journal Article,ΤΟΜΟΣ ΚΒ' (1891),VOLUME 22 (1891),,,Κ. Περδικίδου,K. Perdikidou,"Perdikidou, K.",,"Περὶ τῶν ὀνομάτων τῆς Αἰγύπτου ἐν γένει, ἰδίως δὲ περὶ τοῦ Μὶσρ καὶ Μισραίμ","On the names of Egypt in general, and especially on Misr and Misraim",228,,"Linguistics, History",False
image_0228_left.png,Journal Article,ΤΟΜΟΣ ΚΒ' (1891),VOLUME 22 (1891),,,Δ. Οἰκονομίδου,D. Oikonomidou,"Oikonomidou, D.",,Περὶ τινων τύπων τῆς νέας ἑλληνικῆς συνήθως ἐσφαλμένως τονουμένων,On some forms of modern Greek usually incorrectly accented,236,,"Linguistics, Philology",False
image_0228_left.png,Journal Article,ΤΟΜΟΣ ΚΒ' (1891),VOLUME 22 (1891),,,Εὐγ. Γ. Ζαλοκώστα,Evg. G. Zalokosta,"Zalokosta, Evg. G.",,Ποίησις καὶ κριτική,Poetry and criticism,252,,"Literature, Literary Criticism",False
image_0228_left.png,Journal Article,ΤΟΜΟΣ ΚΒ' (1891),VOLUME 22 (1891),§ Ἀρχαιολογικὸν παράρτημα τοῦ Κ'—ΚΒ' τόμου.,§ Archaeological appendix of the 20th-22nd volume.,Α. Κοπάση,A. Kopasi,"Kopasi, A.",,"Αἱ περὶ τοποθεσίας τῆς Ἀπτέρας, τοῦ ἐπινείου αὐτῆς Κισάμου καὶ τῆς Πολυρρήνης ἀμφιβολίαι","The doubts about the location of Aptera, its port Kisamos and Polyrrhenia",3,,"Archaeology, Geography",False
image_0228_left.png,Journal Article,ΤΟΜΟΣ ΚΒ' (1891),VOLUME 22 (1891),§ Ἀρχαιολογικὸν παράρτημα τοῦ Κ'—ΚΒ' τόμου.,§ Archaeological appendix of the 20th-22nd volume.,Διαφόρων,Various,Various,,"Ἐπιγραφικαὶ καὶ ἀρχαιολογικαὶ ἀνακοινώσεις (F. Calvert Ἐπιγραφαὶ Δαρδανελλίων, Dr A. Mordtmann Ἐπιγραφὴ Προικονήσου, A. Long Ἐπιγραφὴ αὐτοκρατορικοῦ μουσείου, Ξ. Α. Σιδερίδου α) μονόγραμμα Βυζαντίου, β) ἐπιγραφὴ Χρυσῆς Πύλης, γ) νόμισμα Βυζαντίνων","Epigraphic and archaeological announcements (F. Calvert Inscriptions of the Dardanelles, Dr A. Mordtmann Inscription of Proconnesus, A. Long Inscription of the imperial museum, X. A. Sideridou a) monogram of Byzantium, b) inscription of the Golden Gate, c) coin of the Byzantines",13-18,,"Archaeology, Epigraphy, Numismatics",False
image_0228_left.png,Journal Article,ΤΟΜΟΣ ΚΒ' (1891),VOLUME 22 (1891),§ Ἀρχαιολογικὸν παράρτημα τοῦ Κ'—ΚΒ' τόμου.,§ Archaeological appendix of the 20th-22nd volume.,Ξ. Α. Σιδερίδου,X. A. Sideridou,"Sideridou, X. A.",,Περὶ τῆς ἐν Κων)πόλει μονῆς τῆς Παμμακαρίστου καὶ τῶν κτιτόρων αὐτῆς,On the monastery of Pammakaristos in Constantinople and its founders,19,,"History, Archaeology",False
image_0228_left.png,Journal Article,ΤΟΜΟΣ ΚΒ' (1891),VOLUME 22 (1891),§ Ἀρχαιολογικὸν παράρτημα τοῦ Κ'—ΚΒ' τόμου.,§ Archaeological appendix of the 20th-22nd volume.,Alex. von Milingen,Alex. von Milingen,"Milingen, Alex. von",,Ἡ ἀληθὴς θέσις τοῦ ἑβδόμου,The true position of the seventh,33-53,,"Archaeology, History",False
image_0228_left.png,Journal Article,ΤΟΜΟΣ ΚΒ' (1891),VOLUME 22 (1891),§ Ἀρχαιολογικὸν παράρτημα τοῦ Κ'—ΚΒ' τόμου.,§ Archaeological appendix of the 20th-22nd volume.,Α. Κούππα,A. Kouppa,"Kouppa, A.",,Περὶ οἰκοδομῆς Βυζαντινῶν ναῶν καὶ δεξαμενῶν,On the construction of Byzantine churches and cisterns,47,,"Architecture, Archaeology",False
image_0228_left.png,Journal Article,ΤΟΜΟΣ ΚΒ' (1891),VOLUME 22 (1891),§ Ἀρχαιολογικὸν παράρτημα τοῦ Κ'—ΚΒ' τόμου.,§ Archaeological appendix of the 20th-22nd volume.,A. Mordtmann,A. Mordtmann,"Mordtmann, A.",,Οἱ Ἄβαροι καὶ οἱ Πέρσαι πρὸ τῆς Κων/πόλεως,The Avars and the Persians before Constantinople,54,,History,False
image_0228_left.png,Journal Article,ΤΟΜΟΣ ΚΒ' (1891),VOLUME 22 (1891),§ Ἀρχαιολογικὸν παράρτημα τοῦ Κ'—ΚΒ' τόμου.,§ Archaeological appendix of the 20th-22nd volume.,A. Mordtmann,A. Mordtmann,"Mordtmann, A.",,Ἱστορικὰ ἔγγραφα περὶ τοῦ Ἄθω,Historical documents about Athos,61,,History,False
image_0228_left.png,Journal Article,ΤΟΜΟΣ ΚΒ' (1891),VOLUME 22 (1891),§ Ἀρχαιολογικὸν παράρτημα τοῦ Κ'—ΚΒ' τόμου.,§ Archaeological appendix of the 20th-22nd volume.,Ch. G. Curtis,Ch. G. Curtis,"Curtis, Ch. G.",,"Εἰκασίαι τινὲς περὶ τῆς ἐν τῷ Αὐτοκρ. Μουσείῳ τοῦ Τσινιλὶ-κιὸσκ σαρκοφάγου, ἥτις ἐπονομάζεται ἡ τοῦ Μεγάλου Ἀλεξάνδρου","Some conjectures about the sarcophagus in the Imperial Museum of Tsinili-kiosk, which is called that of Alexander the Great",73,,"Archaeology, Art History",False
image_0228_left.png,Journal Article,ΤΟΜΟΣ ΚΒ' (1891),VOLUME 22 (1891),§ Ἀρχαιολογικὸν παράρτημα τοῦ Κ'—ΚΒ' τόμου.,§ Archaeological appendix of the 20th-22nd volume.,Α. Π. Κεραμέως,A. P. Kerameos,"Kerameos, A. P.",,Κατάλογος τῶν ἐν τῷ Ἑλληνικῷ Φιλολογικῷ Συλλόγῳ χειρογράφων βιβλίων. Μέρος πρῶτον (Κωδ. ἀρ. 1—43),Catalogue of the manuscript books in the Hellenic Philological Society. Part one (Cod. no. 1-43),76-130,,"Philology, Bibliography",False
image_0228_left.png,Journal Article,ΤΟΜΟΣ ΚΓ' (1893),VOLUME 23 (1893),,,Ε. Ἰωαννίδου,E. Ioannidou,"Ioannidou, E.",,"Μελέται περὶ ποινικῶν φυλακῶν καὶ σωφρονιστικῶν συστημάτων, ἰδίᾳ δὲ περὶ τῶν ἐν Ἑλβετίᾳ λειτουργούντων","Studies on penal prisons and penitentiary systems, and especially on those operating in Switzerland",1,,"Law, Criminology",False
image_0228_left.png,Journal Article,ΤΟΜΟΣ ΚΓ' (1893),VOLUME 23 (1893),,,Dr A. Mordtmann,Dr A. Mordtmann,"Mordtmann, Dr A.",,Βίος Ἀλεξάνδρου Πασπάτη,Life of Alexandros Paspati,13,,"Biography, History",False
image_0228_right.png,Journal Article,ΤΟΜΟΣ ΚΓ' (1893),Volume 23 (1893),,,Τερνώ βέη,Terno Bey,Terno Bey,,Περὶ τῆς χρήσεως τοῦ ὕδατος ἐν τῇ ἀρχαιότητι καὶ ἐπὶ τῶν ἡμερῶν ἡμῶν.,On the use of water in antiquity and in our days.,σ. 19,,"History, Public Health",False
image_0228_right.png,Journal Article,ΤΟΜΟΣ ΚΓ' (1893),Volume 23 (1893),,,Α. Νεοφύτου,A. Neophytou,"Neophytou, A.",,Τοπογραφικαὶ καὶ ἱστορικαὶ σημειώσεις περὶ Κερασοῦντος,Topographical and historical notes on Kerasounta,σ. 30,,"Geography, History",False
image_0228_right.png,Journal Article,ΤΟΜΟΣ ΚΓ' (1893),Volume 23 (1893),,,Μ. Γεδεών,M. Gedeon,"Gedeon, M.",,Περιληπτικὴ σημείωσις περὶ τῶν ἐν Κωνσταντινουπόλει σωζομένων κατὰ τὸν ΙΖ' αἰῶνα βυζαντινῶν ναῶν,Summary note on the Byzantine churches surviving in Constantinople during the 17th century,σ. 39,,"History, Architecture, Theology",False
image_0228_right.png,Journal Article,ΤΟΜΟΣ ΚΓ' (1893),Volume 23 (1893),,,Δ. Οἰκονομίδου,D. Oikonomidou,"Oikonomidou, D.",,Γλωσσικὰ ἐκ Πόντου,Linguistic notes from Pontus,σ. 102,,Linguistics,False
image_0228_right.png,Journal Article,ΤΟΜΟΣ ΚΓ' (1893),Volume 23 (1893),,,Α. Χρηστίδου,A. Christidou,"Christidou, A.",,Λόγος ἐναρκτήριος «Περὶ τῆς κλήσεως καὶ τοῦ προορισμοῦ τῆς γυναικὸς ἐν τῇ κοινωνίᾳ»,"Inaugural speech ""On the calling and destiny of woman in society""",σ. 96,,"Sociology, Philosophy",False
image_0228_right.png,Journal Article,ΤΟΜΟΣ ΚΓ' (1893),Volume 23 (1893),,,Δ. Οἰκονομίδου,D. Oikonomidou,"Oikonomidou, D.",εἰσηγητοῦ,Ἔκθεσις περὶ τοῦ Ζωγραφ. διαγωνίσματος (1892),Report on the Zographeion competition (1892),σ. 77,,"Education, Literature",False
image_0228_right.png,Journal Article,ΤΟΜΟΣ ΚΓ' (1893),Volume 23 (1893),,,Κ. Καλλιάδου,K. Kalliadou,"Kalliadou, K.",προέδρου,Λογοδοσία τῶν κατὰ ΔΑ' ἔτος πεπραγμένων,Report of the proceedings of the 31st year,σ. 84-96,,"Administration, History",False
image_0228_right.png,Journal Article,ΤΟΜΟΣ ΚΔ' (1895),Volume 24 (1895),,,Γ. Ι. Λαμπουσιάδου,G. I. Lampousiadou,"Lampousiadou, G. I.",,Περὶ Δεβελτοῦ (τῆς Θρᾴκης),On Develtos (of Thrace),σ. 3,,"History, Geography",False
image_0228_right.png,Journal Article,ΤΟΜΟΣ ΚΔ' (1895),Volume 24 (1895),,,Ἀχ. Σ. Διαμαντάρα,Ach. S. Diamantara,"Diamantara, Ach. S.",,Ἡ νῆσος Μεγίστη (Καστελλόριζον),The island of Megisti (Kastellorizo),σ. 11,,"Geography, History",False
image_0228_right.png,Journal Article,ΤΟΜΟΣ ΚΔ' (1895),Volume 24 (1895),,,Μ. Παρανίκα,M. Paranika,"Paranika, M.",,Βίος Ἡλ. Τανταλίδου καὶ σχετικαὶ παρατηρήσεις πρὸς τὸν βίον,Life of El. Tantalidis and related observations on his life,σ. 15-72,,"Biography, History",False
image_0228_right.png,Journal Article,ΤΟΜΟΣ ΚΔ' (1895),Volume 24 (1895),,,Ἀχ. Σ. Διαμαντάρα,Ach. S. Diamantara,"Diamantara, Ach. S.",,Μία σελὶς τῆς Λυκιακῆς Ἱστορίας (Ξάνθος καὶ Πάταρα),A page of Lycian History (Xanthos and Patara),σ. 27,,"History, Archaeology",False
image_0228_right.png,Journal Article,ΤΟΜΟΣ ΚΔ' (1895),Volume 24 (1895),,,Α. Χρηστίδου,A. Christidou,"Christidou, A.",,Περὶ τῆς ἐπιστημον. μεθόδου ἔν τε τῇ ἀρχαίᾳ καὶ νέᾳ ἰατρικῇ,On the scientific method in both ancient and modern medicine,σ. 30,,"Medicine, History of Science",False
image_0228_right.png,Journal Article,ΤΟΜΟΣ ΚΔ' (1895),Volume 24 (1895),,,Μ. Ι. Γεδεών,M. I. Gedeon,"Gedeon, M. I.",,Ἡ ἀλληλογραφία Ματθαίου Πατριάρχου Ἀλεξανδρείας,"The correspondence of Matthew, Patriarch of Alexandria",σ. 35-65,,"Theology, History",False
image_0228_right.png,Journal Article,ΤΟΜΟΣ ΚΔ' (1895),Volume 24 (1895),,,Μ. Αὐθεντοπούλου,M. Aythentopoulou,"Aythentopoulou, M.",εἰσηγητοῦ,Κρίσις ἐπὶ τῶν ὑποβληθέντων εἰς τὸν Ζωγράφειον ἀγῶνα ζώντων μνημείων (1893),Judgment on the submissions to the Zographeion competition of living monuments (1893),σ. 86,,"Education, Literature",False
image_0228_right.png,Journal Article,ΤΟΜΟΣ ΚΔ' (1895),Volume 24 (1895),,,Δ. Οἰκονομίδου,D. Oikonomidou,"Oikonomidou, D.",εἰσηγητοῦ,Κρίσις ἐπὶ τῶν ὑποβληθέντων εἰς τὸν Καραπάνειον ἀγῶνα ἀναγνωστικῶν τῆς δημοτ. σχολῆς (1893),Judgment on the submissions to the Karapaneion competition of reading books for the primary school (1893),σ. 92,,"Education, Literature",False
image_0228_right.png,Journal Article,ΤΟΜΟΣ ΚΔ' (1895),Volume 24 (1895),,,Δ. Μαλιάδου,D. Maliadou,"Maliadou, D.",,Ἐπίδρασις τῆς Στωϊκῆς φιλοσοφίας εἰς τὴν μόρφωσιν τοῦ δικαίου τῶν Ρωμαίων,Influence of Stoic philosophy on the formation of Roman law,σ. 110,,"Philosophy, Law, History",False
image_0228_right.png,Journal Article,ΤΟΜΟΣ ΚΔ' (1895),Volume 24 (1895),,,Μ. Γεδεών,M. Gedeon,"Gedeon, M.",,Βυζαντινὸν ἑορτολόγιον.,Byzantine calendar of feasts.,σ. 121-160,,"Theology, History",False
image_0228_right.png,Journal Article,ΤΟΜΟΣ ΚΕ'. (1895),Volume 25 (1895),,,Κ. Περδικίδου,K. Perdikidou,"Perdikidou, K.",,"Παραγωγὴ καὶ ἐξήγησις ἑβραϊκῶν τινων λέξεων, ἃς ὁ Ἐρνέστος Ρενὰν ἐξέλαβεν ἑλληνικάς.","Derivation and explanation of some Hebrew words, which Ernest Renan mistook for Greek.",σ. 3,,"Linguistics, Theology",False
image_0228_right.png,Journal Article,ΤΟΜΟΣ ΚΕ'. (1895),Volume 25 (1895),,,Κ. Περδικίδου,K. Perdikidou,"Perdikidou, K.",,"Κριτικὴ μελέτη περὶ τῆς εἰς Συρίαν ἐκστρατείας τοῦ Φαραὼ Νεχαώ, ἢ Νεκὼ καθ' Ἡρόδοτον","Critical study on the expedition to Syria of Pharaoh Necho, or Neco according to Herodotus",σ. 8,,"History, Archaeology",False
image_0228_right.png,Journal Article,ΤΟΜΟΣ ΚΕ'. (1895),Volume 25 (1895),,,Α. Χρηστίδου,A. Christidou,"Christidou, A.",,Ἡ περὶ γενέσεως θεωρία,The theory of generation,σ. 39,,"Biology, Philosophy",False
image_0228_right.png,Journal Article,ΤΟΜΟΣ ΚΕ'. (1895),Volume 25 (1895),,,Ἐμμ. Ἰωαννίδου,Emm. Ioannidou,"Ioannidou, Emm.",,Βιβλιακά: Περὶ τινων ἐκδόσεων μὴ ἀναφερομένων ἐν τῷ καταλόγῳ Ἀνδρέου Παπαδοπούλου Βρετοῦ,Bibliographical: On some editions not mentioned in the catalogue of Andreas Papadopoulos Vretos,σ. 145,,"Bibliography, Literature",False
image_0228_right.png,Journal Article,ΤΟΜΟΣ ΚΕ'. (1895),Volume 25 (1895),,,Μ. Παρανίκα,M. Paranika,"Paranika, M.",,Περὶ τῆς ἐν Κων/πόλει Πατριαρχικῆς Σχολῆς (1621-1671),On the Patriarchal School in Constantinople (1621-1671),σ. 49,,"History, Education, Theology",False
image_0228_right.png,Journal Article,ΤΟΜΟΣ ΚΕ'. (1895),Volume 25 (1895),,,Μ. Γεδεών,M. Gedeon,"Gedeon, M.",,Πατριαρχικὴ ἀκαδημία Κωνσταντινουπόλεως,Patriarchal Academy of Constantinople,σ. 56,,"History, Education, Theology",False
image_0228_right.png,Journal Article,ΤΟΜΟΣ ΚΕ'. (1895),Volume 25 (1895),,,Μ. Παρανίκα,M. Paranika,"Paranika, M.",,Περὶ τῆς ἐν Κων)πόλει Πατριαρχικῆς Σχολῆς (1453-1621),On the Patriarchal School in Constantinople (1453-1621),σ. 61,,"History, Education, Theology",False
image_0228_right.png,Journal Article,ΤΟΜΟΣ ΚΕ'. (1895),Volume 25 (1895),,,Μ. Παρανίκα,M. Paranika,"Paranika, M.",,Περὶ τοῦ ἀκαθίστου ὕμνου. Μέρος πρῶτον,On the Akathist Hymn. Part One,σ. 136,,"Theology, Literature",False
image_0228_right.png,Journal Article,ΤΟΜΟΣ ΚΕ'. (1895),Volume 25 (1895),,,Ι. Βαλαβάνη,I. Valavani,"Valavani, I.",,Περὶ Δανιὴλ Φόη καὶ τοῦ «Ροβινσῶνος» αὐτοῦ,"On Daniel Defoe and his ""Robinson""",σ. 150,,"Literature, Biography",False
image_0228_right.png,Journal Article,ΤΟΜΟΣ ΚΕ'. (1895),Volume 25 (1895),,,Δημοσθ. Χαβιαρᾶ,Dimosth. Chaviara,"Chaviara, Dimosth.",,Ἡ ὀρθόδοξος Κοινότης τῆς νήσου Σύμης,The Orthodox Community of the island of Symi,σ. 155,,"History, Sociology, Theology",False
image_0228_right.png,Journal Article,ΤΟΜΟΣ ΚΕ'. (1895),Volume 25 (1895),,,Ἀλεξ. Εὐμ. Λαριώτου,Alex. Eum. Lariotou,"Lariotou, Alex. Eum.",,Ἐπίσημα Βυζαντινὰ γράμματα (ἀπογραφὴ τῶν ἐν τῇ Λήμνῳ καὶ τῇ Χαλκιδικῇ κτημάτων τῆς μονῆς Λαύρας),Official Byzantine letters (inventory of the properties of the Lavra monastery in Lemnos and Chalkidiki),σ. 161,,"History, Law",False
image_0228_right.png,Journal Article,ΤΟΜΟΣ ΚΕ'. (1895),Volume 25 (1895),,,Δ. Μοστράτου,D. Mostratou,"Mostratou, D.",εἰσηγητοῦ,Κρίσις ἐπὶ τῶν ὑποβληθεισῶν εἰς τὸν Ζωγράφειον ἀγῶνα συλλογῶν γλωσσικῆς ὕλης (1894),Judgment on the collections of linguistic material submitted to the Zographeion competition (1894),σ. 102,,"Linguistics, Education",False
image_0228_right.png,Journal Article,ΤΟΜΟΣ ΚΕ'. (1895),Volume 25 (1895),,,Χ. Πανταζίδου,Ch. Pantazidou,"Pantazidou, Ch.",,Κρίσις ἐπὶ τῶν ὑποβληθέντων εἰς τὸν Καραπάνειον ἀγῶνα ἀναγνωστικῶν «Ροβινσῶνος καὶ Ἡροδότου»,"Judgment on the reading books ""Robinson and Herodotus"" submitted to the Karapaneion competition",σ. 109,,"Education, Literature",False
image_0229_left.png,Journal Article,ΤΟΜΟΣ ΚΕ'. (1895),VOLUME 25 (1895),,,Σ. Βραχάμη,S. Vrachamis,Σ. Βραχάμης,,Κρίσις ἐπὶ τῶν ὑποβληθεισῶν εἰς τὸν Καραπάνειον ἀγῶνα διδακτικῶν Φυσικῆς καὶ Χημείας,Judgment on the physics and chemistry teaching materials submitted to the Karapaneios competition,σ. 109,,"Physics, Chemistry, Education",False
image_0229_left.png,Journal Article,ΤΟΜΟΣ ΚΕ'. (1895),VOLUME 25 (1895),,,Δ. Μοστράτου,D. Mostratos,Δ. Μοστράτος,,Κρίσις ἐπὶ τῶν ὑποβληθέντων εἰς τὸν Βουτσιναῖον ἀγῶνα ὁδηγῶν τῆς πρώτης παιδεύσεως (1894),Judgment on the primary education guides submitted to the Voutsinaian competition (1894),σ. 169,,Education,False
image_0229_left.png,Journal Article,ΤΟΜΟΣ ΚΕ'. (1895),VOLUME 25 (1895),,,Μ. Κεφάλα,M. Kefalas,Μ. Κεφάλας,,Ξενισμοὶ ἐν τῇ Ἁγίᾳ γραφῇ,Foreign words in the Holy Scripture,σ. 131,,"Theology, Linguistics",False
image_0229_left.png,Journal Article,ΤΟΜΟΣ Κς' (1896),VOLUME 26 (1896),,,Μ. Παρανίκα,M. Paranikas,Μ. Παρανίκας,,"Αἱ σχολαὶ τῶν Ἀγράφων κατὰ τὴν ΙΖ' - ΙΗ' ἑκατονταετηρίδα καὶ οἱ διδάσκαλοι αὐτῶν Ἰωαννούλιος, Γόρδιος καὶ Θεοφάνης.","The schools of Agrafa during the 17th - 18th century and their teachers Ioannoulios, Gordios and Theophanes.",σ. 3,,"History, Education",False
image_0229_left.png,Journal Article,ΤΟΜΟΣ Κς' (1896),VOLUME 26 (1896),,,Μ. Παρανίκα,M. Paranikas,Μ. Παρανίκας,,Ἡ ἐν Θετταλίᾳ Τρίκκη κατὰ τὸν ΙΖ' αἰῶνα,Trikki in Thessaly during the 17th century,σ. 7,,History,False
image_0229_left.png,Journal Article,ΤΟΜΟΣ Κς' (1896),VOLUME 26 (1896),,,Ι. Καρολίδου,I. Karolidis,Ι. Καρολίδης,,Περὶ ἐνυπνίων,On dreams,σ. 9,,"Psychology, Philosophy",False
image_0229_left.png,Journal Article,ΤΟΜΟΣ Κς' (1896),VOLUME 26 (1896),,,Κλ. Χ. Κοκκολάτου,Kl. Ch. Kokkolatos,Κλ. Χ. Κοκκολάτος,,Βίος Θεοδώρου Ἀφεντούλη,Life of Theodoros Afentoulis,σ. 19,,"Biography, History",False
image_0229_left.png,Journal Article,ΤΟΜΟΣ Κς' (1896),VOLUME 26 (1896),,,Δ. Α. Παναγιωτίδου,D. A. Panagiotidis,Δ. Α. Παναγιωτίδης,,Ἡ Φωτικὴ ἐν Παραμυθίᾳ,Fotiki in Paramythia,σ. 26,,"Geography, History",False
image_0229_left.png,Journal Article,ΤΟΜΟΣ Κς' (1896),VOLUME 26 (1896),,,Α. Π. Κεραμέως,A. P. Kerameus,Α. Π. Κεραμεύς,,Νικήτας ἐπίσκοπος Χαλκηδόνος,"Nikitas, Bishop of Chalcedon",σ. 38,,"History, Theology",False
image_0229_left.png,Journal Article,ΤΟΜΟΣ Κς' (1896),VOLUME 26 (1896),,,Δ. Χρηστίδου,D. Christidis,Δ. Χρηστίδης,,Ὑπόμνημα περὶ τοῦ προγράμματος καὶ τῆς ἐκδόσεως τῆς Ζωγραφείου Ἑλλην. Βιβλιοθήκης,Memorandum on the program and publication of the Zografeios Greek Library,σ. 43,,"Literature, Education",False
image_0229_left.png,Journal Article,ΤΟΜΟΣ Κς' (1896),VOLUME 26 (1896),,,Φ. Τάγη,F. Tagis,Φ. Τάγης,,Γνώμη Φιλ. Ἐπιτροπῆς ἐπὶ τοῦ ἀνωτέρου ὑπομνήματος,Opinion of the Philological Committee on the above memorandum,σ. 50,,"Literature, Education",False
image_0229_left.png,Journal Article,ΤΟΜΟΣ Κς' (1896),VOLUME 26 (1896),,,Δ. Χρηστίδου,D. Christidis,Δ. Χρηστίδης,,Παρατηρήσεις εἰς τὴν γνώμην τοῦ ὑπομνήματος,Observations on the opinion of the memorandum,σ. 60,,"Literature, Education",False
image_0229_left.png,Journal Article,ΤΟΜΟΣ Κς' (1896),VOLUME 26 (1896),,,Δ. Χρηστίδου,D. Christidis,Δ. Χρηστίδης,,Συμπληρωματικαὶ παρατηρήσεις,Supplementary observations,σ. 66,,"Literature, Education",False
image_0229_left.png,Journal Article,ΤΟΜΟΣ Κς' (1896),VOLUME 26 (1896),,,Δ. Χρηστίδου,D. Christidis,Δ. Χρηστίδης,,Συζητήσεις ἐπὶ τοῦ ἀνωτέρω ὑπομνήματος,Discussions on the above memorandum,σ. 98,,"Literature, Education",False
image_0229_left.png,Journal Article,ΤΟΜΟΣ Κς' (1896),VOLUME 26 (1896),,,Χ. Πανταζίδου,Ch. Pantazidis,Χ. Πανταζίδης,,Κρίσις ἐπὶ τῶν ὑποβληθεισῶν εἰς τὸν Καραπάνειον ἀγῶνα Φυσικῶν πειραματικῶν (1895),Judgment on the experimental physics submitted to the Karapaneios competition (1895),σ. 109,,"Physics, Education",False
image_0229_left.png,Journal Article,ΤΟΜΟΣ Κς' (1896),VOLUME 26 (1896),,,Δ. Οἰκονομίδου,D. Oikonomidis,Δ. Οἰκονομίδης,,Κρίσις ἐπὶ τῶν ὑποβληθεισῶν εἰς τὸν Ζωγράφειον ἀγῶνα συλλογῶν γλωσσικῆς ὕλης (1895),Judgment on the collections of linguistic material submitted to the Zografeios competition (1895),σ. 112,,"Linguistics, Education",False
image_0229_left.png,Journal Article,ΤΟΜΟΣ Κς' (1896),VOLUME 26 (1896),,,Δ. Χρηστίδου,D. Christidis,Δ. Χρηστίδης,,Περὶ τῆς ἀναγεννήσεως τῶν γραμμάτων ἐν Ἰταλίᾳ κατὰ τὸν ΙΕ' αἰῶνα,On the renaissance of letters in Italy during the 15th century,σ. 130,,"History, Literature",False
image_0229_left.png,Journal Article,ΤΟΜΟΣ Κς' (1896),VOLUME 26 (1896),,,Γ. Λαμπουσιάδου,G. Lampousiadis,Γ. Λαμπουσιάδης,,Περὶ Ἐβρυζέλμιδος Θρᾳκῶν βασιλέως,"On Ebryzelmis, king of the Thracians",σ. 140,,"History, Archaeology",False
image_0229_left.png,Journal Article,ΤΟΜΟΣ Κς' (1896),VOLUME 26 (1896),,,Μ. Γεδεών,M. Gedeon,Μ. Γεδεών,,Βυζαντινὸν ἑορτολόγιον (συνέχεια ΚΔ' τόμου.),Byzantine festal calendar (continuation from volume 24),,,"History, Theology",False
image_0229_left.png,Journal Article,ΤΟΜΟΣ ΚΖ' (1900),VOLUME 27 (1900),,,Η. Βαλσαμάκη,I. Valsamakis,Η. Βαλσαμάκης,,Κρίσις ἐπὶ τοῦ Καραπανείου ἀγῶνος (1896) (Φυσικὴ πειραματικὴ),Judgment on the Karapaneios competition (1896) (Experimental physics),σ. 71,,"Physics, Education",False
image_0229_left.png,Journal Article,ΤΟΜΟΣ ΚΖ' (1900),VOLUME 27 (1900),,,Δ. Μοστράτου,D. Mostratos,Δ. Μοστράτος,,Κρίσις ἐπὶ τοῦ Καραπανείου ἀγῶνος (1898) (Ἐγχειρίδια φυσικῆς),Judgment on the Karapaneios competition (1898) (Physics manuals),σ. 138,,"Physics, Education",False
image_0229_left.png,Journal Article,ΤΟΜΟΣ ΚΖ' (1900),VOLUME 27 (1900),,,Γ. Γεωργιάδου Προκοπιέως,G. Georgiadis Prokpieus,Γ. Γεωργιάδης Προκοπιεύς,,Κρίσις περὶ τοῦ Ζωγραφείου ἀγῶνος (1898) (Συλλογαὶ γλωσσικῆς ὕλης),Judgment on the Zografeios competition (1898) (Collections of linguistic material),σ. 145,,"Linguistics, Education",False
image_0229_left.png,Journal Article,ΤΟΜΟΣ ΚΖ' (1900),VOLUME 27 (1900),,,Π. Δ. Νικολοπούλου,P. D. Nikolopoulos,Π. Δ. Νικολόπουλος,,Περὶ τῆς διδασκαλίας τοῦ δικαίου ἐν Ρώμῃ πρὸ τοῦ Ἰουστινιανοῦ,On the teaching of law in Rome before Justinian,σ. 229,,"Law, History",False
image_0229_left.png,Journal Article,ΤΟΜΟΣ ΚΖ' (1900),VOLUME 27 (1900),,,Μ. Ψαλίδα,M. Psalidas,Μ. Ψαλίδας,,Περὶ χειρός.,On the hand.,σ. 217,,Medicine,False
image_0229_left.png,Journal Article,ΤΟΜΟΣ ΚΖ' (1900),VOLUME 27 (1900),,,Μ. Κέπετζη,M. Kepetzis,Μ. Κέπετζης,,Περὶ τῆς Ἀκαδημίας τοῦ διεθνοῦς δικαίου,On the Academy of International Law,σ. 234,,"Law, Education",False
image_0229_left.png,Journal Article,ΤΟΜΟΣ ΚΖ' (1900),VOLUME 27 (1900),,,Μ. Παρανίκα,M. Paranikas,Μ. Παρανίκας,,"Ἡ μετρικὴ τῶν Βυζαντινῶν, καὶ ἰδίᾳ τῶν ὑμνογράφων τῆς ἡμετέρας Ἐκκλησίας","The metrics of the Byzantines, and especially of the hymnographers of our Church",σ. 246,,"Literature, Theology",False
image_0229_left.png,Journal Article,ΤΟΜΟΣ ΚΖ' (1900),VOLUME 27 (1900),,,Α. Ἀλεξούδη,A. Alexoudis,Α. Ἀλεξούδης,,Περιγραφὴ ἀγάλματος εὑρεθέντος ἐν «Ἁγίᾳ Παρασκευῇ» Σινώπης,"Description of a statue found in ""Agia Paraskevi"" of Sinope",σ. 263,,"Archaeology, History",False
image_0229_left.png,Journal Article,ΤΟΜΟΣ ΚΖ' (1900),VOLUME 27 (1900),,,Ξ. Σιδερίδου,X. Sideridis,Ξ. Σιδερίδης,,"Λίβυσσα, Δακίβιζα, Γκέπουζα, τὰ Βουτίου, ἀπόσπασμα ἀσταχηνῶν τοπογραφικῶν μελετῶν","Libyssa, Dakiviza, Gepouza, ta Voutiou, excerpt from Astacene topographical studies",σ. 264,,"Geography, History",False
image_0229_right.png,Journal Article,ΤΟΜΟΣ ΚΖ' (1900),VOLUME 27 (1900),,,Α. Λαυριώτου.,A. Lavriotou.,,,Νεοφύτου μητροπολίτου Κρήτης τοῦ Πατελάρου πρὸς Κωνσταντῖνον Καντακουζηνὸν ἐγκώμιον,"Encomium of Neophytos, Metropolitan of Crete, the Patelaros, to Constantine Kantakouzenos",σ. 287,,"History, Theology",False
image_0229_right.png,Journal Article,ΤΟΜΟΣ ΚΖ' (1900),VOLUME 27 (1900),,,Λ. Ζώη.,L. Zoi.,,,Ὁ Σακεσπεῖρος καὶ ἡ κατὰ τοὺς χρόνους αὐτοῦ σκηνή,Shakespeare and the stage of his time,σ. 294,,"Literature, Theatre Studies",False
image_0229_right.png,Journal Article,ΤΟΜΟΣ ΚΖ' (1900),VOLUME 27 (1900),,,Ι. Καρολίδου.,I. Karolidou.,,,Περὶ καλοῦ καὶ ἔπους,On the beautiful and the epic,σ. 302,,"Philosophy, Literature",False
image_0229_right.png,Journal Article,ΤΟΜΟΣ ΚΖ' (1900),VOLUME 27 (1900),,,Δ. Παναγιωτίδου.,D. Panagiotidou.,,,Κῶδιξ τοῦ ΙΗ' αἰῶνος κατὰ προικοδοσιῶν ἐν τῇ ἱερᾷ μητροπόλει Παραμυθίας καὶ ἱστορικαί τινες ἐξ αὐτοῦ σημειώσεις,18th-century codex of dowries in the holy metropolis of Paramythia and some historical notes from it,σ. 367,,"History, Law, Theology",False
image_0229_right.png,Journal Article,ΤΟΜΟΣ ΚΖ' (1900),VOLUME 27 (1900),,,Μ. Παρανίκα.,M. Paranika.,,,Περὶ τῆς ἐν Κων)πόλει πατριαρχικῆς (Μ. τοῦ Γ) Σχολῆς,On the Patriarchal (Great School of the Nation) School in Constantinople,σ. 313,,"History, Education, Theology",False
image_0229_right.png,Journal Article,ΤΟΜΟΣ ΚΖ' (1900),VOLUME 27 (1900),,,Ε. Κυριακίδου.,E. Kyriakidou.,,,Ἡ ἀλληλογραφία τοῦ Οὐγγροβλαχίας Φιλαρέτου,The correspondence of Philaretos of Hungro-Wallachia,σ. 317,,"History, Theology",False
image_0229_right.png,Journal Article,ΤΟΜΟΣ ΚΖ' (1900),VOLUME 27 (1900),,,Δ. Παναγιωτίδου.,D. Panagiotidou.,,,Πολυζώης ὁ Λαμπανιτσιώτης καὶ αἱ ἐκδόσεις αὐτοῦ,Polyzois the Lampanitsiotis and his publications,σ. 235,,"History, Literature",False
image_0229_right.png,Journal Article,ΤΟΜΟΣ ΚΖ' (1900),VOLUME 27 (1900),,,Albert Thumb.,Albert Thumb.,,,Περὶ τῆς καταγωγῆς τῶν σημερινῶν Ἑλλήνων,On the origin of modern Greeks,σ. 329,,"History, Anthropology",False
image_0229_right.png,Journal Article,ΤΟΜΟΣ ΚΖ' (1900),VOLUME 27 (1900),,,Μ. Αὐθεντοπούλου.,M. Afthentopoulou.,,,Λόγος ἐπιμνημόσυνος εἰς Χρηστάκην Ζωγράφον,Memorial speech for Christakis Zografos,σ. 338,,"History, Literature",False
image_0229_right.png,Journal Article,ΤΟΜΟΣ ΚΖ' (1900),VOLUME 27 (1900),,,Ν. Γεωργίτση.,N. Georgitsi.,,,Κοινὰ νόμιμα ἢ τὸ παρ' ἀρχαίοις Ἕλλησι διεθνὲς δίκαιον,Common laws or international law among the ancient Greeks,σ. 334,,"Law, History",False
image_0229_right.png,Journal Article,ΤΟΜΟΣ ΚΖ' (1900),VOLUME 27 (1900),,,Μ. Παρανίκα.,M. Paranika.,,,Ὁ Παφλαγονικὸς διάκοσμος καθ' Ὅμηρον καὶ Στράβωνα,The Paphlagonian decoration according to Homer and Strabo,σ. 355,,"Philology, Geography, History",False
image_0229_right.png,Journal Article,ΤΟΜΟΣ ΚΖ' (1900),VOLUME 27 (1900),,,Ε. Κυριακίδου.,E. Kyriakidou.,,,Περὶ τῆς παρὰ τὴν Τραπεζοῦντα Μονῆς τοῦ Προδρόμου καὶ Βαπτιστοῦ Ἰωάννου τοῦ Βαζελῶνος,On the Monastery of the Forerunner and John the Baptist of Vazelon near Trebizond,σ. 358,,"History, Theology",False
image_0229_right.png,Journal Article,ΤΟΜΟΣ ΚΖ' (1900),VOLUME 27 (1900),,,Β. Μυστακίδου.,V. Mystakidou.,,,"Διάφορα περὶ Θεσσαλονίκης σημειώματα. Ἡ μονὴ τῶν Βλαταίων καὶ τὰ ἐν αὐτῇ ἔγγραφα. Μητροπολῖται Θεσσαλονίκης, ἐπισκοπαὶ κ τ. λ.","Various notes on Thessaloniki. The monastery of the Vlataioi and the documents in it. Metropolitans of Thessaloniki, bishoprics, etc.",σ. 369,,"History, Theology",False
image_0229_right.png,Journal Article,ΤΟΜΟΣ ΚΖ' (1900),VOLUME 27 (1900),,,Β. Μυστακίδου.,V. Mystakidou.,,,Πανομοιότυπα διαφόρων ὑπογραφῶν,Facsimiles of various signatures,σ. 380-381,,"History, Palaeography",False
image_0229_right.png,Journal Article,ΤΟΜΟΣ ΚΖ' (1900),VOLUME 27 (1900),,,Μ. Παρανίκα.,M. Paranika.,,,Ἐπιγραφαὶ τῆς ἐν Θρᾴκῃ Ἀδριανουπόλεως,Inscriptions of Adrianople in Thrace,σ. 389,,"Epigraphy, History",False
image_0229_right.png,Journal Article,ΤΟΜΟΣ ΚΖ' (1900),VOLUME 27 (1900),,,Χ. Πανταζίδου.,Ch. Pantazidou.,,,Παρατηρήσεις εἰς τὴν περὶ τοῦ Παφλαγονικοῦ διακόσμου ἀνακοίνωσιν τοῦ Μ. Παρανίκα,Observations on the communication of M. Paranikas regarding the Paphlagonian decoration,σ. 394,,"Philology, Geography",False
image_0229_right.png,Journal Article,ΤΟΜΟΣ ΚΖ' (1900),VOLUME 27 (1900),Παράρτημα τοῦ ΚΖ' τόμου. Βιολογικῆς Ἐπιτροπῆς ἐργασία τῶν ἐτῶν 1896-1898.,Appendix to Volume 27. Work of the Biological Committee for the years 1896-1898.,Φ. Φωτιάδου καὶ Ἀ. Τράντα.,F. Fotiadou and A. Tranta.,,,Χειρουργικὴ ἐπέμβασις ἐν τῇ ῥινικῇ κοιλίᾳ καὶ ὀφθαλμικαὶ ἐπιπλοκαί,Surgical intervention in the nasal cavity and ocular complications,σ. 4,,Medicine,False
image_0229_right.png,Journal Article,ΤΟΜΟΣ ΚΖ' (1900),VOLUME 27 (1900),Παράρτημα τοῦ ΚΖ' τόμου. Βιολογικῆς Ἐπιτροπῆς ἐργασία τῶν ἐτῶν 1896-1898.,Appendix to Volume 27. Work of the Biological Committee for the years 1896-1898.,Π. Ἀπέργη.,P. Apergi.,,,Μαλάβαθρος (Bétel) καὶ κάρυα ἀρέκαρ κατεχού,Malabathrum (Betel) and areca catechu nuts,σ. 8,,"Medicine, Botany",False
image_0229_right.png,Journal Article,ΤΟΜΟΣ ΚΖ' (1900),VOLUME 27 (1900),Παράρτημα τοῦ ΚΖ' τόμου. Βιολογικῆς Ἐπιτροπῆς ἐργασία τῶν ἐτῶν 1896-1898.,Appendix to Volume 27. Work of the Biological Committee for the years 1896-1898.,Π. Ἀπέργη.,P. Apergi.,,,Ἀμβλυωπία ἐκ καταχρήσεως καπνοῦ καὶ οἰνοπνεύματος,Amblyopia from abuse of tobacco and alcohol,"σ. 22, 52",,Medicine,False
image_0229_right.png,Journal Article,ΤΟΜΟΣ ΚΖ' (1900),VOLUME 27 (1900),Παράρτημα τοῦ ΚΖ' τόμου. Βιολογικῆς Ἐπιτροπῆς ἐργασία τῶν ἐτῶν 1896-1898.,Appendix to Volume 27. Work of the Biological Committee for the years 1896-1898.,Α. Γαβριηλίδου.,A. Gavriilidou.,,,Βλεφαρικὸν κέρας. Περὶ τριχοκεφάλου,Palpebral horn. On trichocephalus,σ. 23,,Medicine,False
image_0229_right.png,Journal Article,ΤΟΜΟΣ ΚΖ' (1900),VOLUME 27 (1900),Παράρτημα τοῦ ΚΖ' τόμου. Βιολογικῆς Ἐπιτροπῆς ἐργασία τῶν ἐτῶν 1896-1898.,Appendix to Volume 27. Work of the Biological Committee for the years 1896-1898.,Α. Χρηστίδου.,A. Christidou.,,,Ἀποτιτάνωσις παλαιῶν πνευμονικῶν φυματιωδῶν ἑστιῶν ἐν νεκροκρυψίᾳ φυματιῶντος,Calcification of old pulmonary tubercular foci in the autopsy of a tubercular patient,σ. 30,,Medicine,False
image_0229_right.png,Journal Article,ΤΟΜΟΣ ΚΖ' (1900),VOLUME 27 (1900),Παράρτημα τοῦ ΚΖ' τόμου. Βιολογικῆς Ἐπιτροπῆς ἐργασία τῶν ἐτῶν 1896-1898.,Appendix to Volume 27. Work of the Biological Committee for the years 1896-1898.,Π. Κελαϊδίτου. καὶ Φ. Φωτιάδου.,P. Kelaiditou. and F. Fotiadou.,,,Δηλητηρίασις ἐξ ἰωδιούχου ἐλαίου τοῦ ὀνίσκου καὶ ἐξ ἀκονιτίνης,Poisoning from iodized oil of woodlouse and from aconitine,σ. 34,,"Medicine, Toxicology",False
image_0229_right.png,Journal Article,ΤΟΜΟΣ ΚΖ' (1900),VOLUME 27 (1900),Παράρτημα τοῦ ΚΖ' τόμου. Βιολογικῆς Ἐπιτροπῆς ἐργασία τῶν ἐτῶν 1896-1898.,Appendix to Volume 27. Work of the Biological Committee for the years 1896-1898.,Π. Ἰατροπούλου.,P. Iatropoulou.,,,Ὀφθαλμοτομία ἐπὶ αἱμορραγικοῦ γλαυκώματος,Ophthalmotomy on hemorrhagic glaucoma,σ. 36,,Medicine,False
image_0229_right.png,Journal Article,ΤΟΜΟΣ ΚΖ' (1900),VOLUME 27 (1900),Παράρτημα τοῦ ΚΖ' τόμου. Βιολογικῆς Ἐπιτροπῆς ἐργασία τῶν ἐτῶν 1896-1898.,Appendix to Volume 27. Work of the Biological Committee for the years 1896-1898.,Α. Γαβριηλίδου.,A. Gavriilidou.,,,Σακχαρώδης διαβήτης μετὰ ὀφθαλμικῶν ἐπιπλοκῶν,Diabetes mellitus with ocular complications,σ. 43,,Medicine,False
image_0229_right.png,Journal Article,ΤΟΜΟΣ ΚΖ' (1900),VOLUME 27 (1900),Παράρτημα τοῦ ΚΖ' τόμου. Βιολογικῆς Ἐπιτροπῆς ἐργασία τῶν ἐτῶν 1896-1898.,Appendix to Volume 27. Work of the Biological Committee for the years 1896-1898.,Α. Τράντα.,A. Tranta.,,,Σακχαρώδης διαβήτης,Diabetes mellitus,σ. 49,,Medicine,False
image_0229_right.png,Journal Article,ΤΟΜΟΣ ΚΖ' (1900),VOLUME 27 (1900),Παράρτημα τοῦ ΚΖ' τόμου. Βιολογικῆς Ἐπιτροπῆς ἐργασία τῶν ἐτῶν 1896-1898.,Appendix to Volume 27. Work of the Biological Committee for the years 1896-1898.,Μ. Ψαλίδα.,M. Psalida.,,,Χειλοειδὴς κύστις τοῦ μεσεντερίου,Chylous cyst of the mesentery,σ. 50,,Medicine,False
image_0229_right.png,Journal Article,ΤΟΜΟΣ ΚΖ' (1900),VOLUME 27 (1900),Παράρτημα τοῦ ΚΖ' τόμου. Βιολογικῆς Ἐπιτροπῆς ἐργασία τῶν ἐτῶν 1896-1898.,Appendix to Volume 27. Work of the Biological Committee for the years 1896-1898.,Α. Γαβριηλίδου.,A. Gavriilidou.,,,Ἡμιοψία ὁμοκτική,Homonymous hemianopsia,σ. 62,,Medicine,True
image_0229_right.png,Journal Article,ΤΟΜΟΣ ΚΖ' (1900),VOLUME 27 (1900),Παράρτημα τοῦ ΚΖ' τόμου. Βιολογικῆς Ἐπιτροπῆς ἐργασία τῶν ἐτῶν 1896-1898.,Appendix to Volume 27. Work of the Biological Committee for the years 1896-1898.,Π. Ἰατροπούλου.,P. Iatropoulou.,,,Τραυματισμὸς τοῦ ὀφθαλμοῦ μετ' ἐξολισθήσεως τοῦ φακοῦ ὑπὸ τὸν ἐπιπεφυκότα,Trauma of the eye with dislocation of the lens under the conjunctiva,σ. 78,,Medicine,False
image_0229_right.png,Journal Article,ΤΟΜΟΣ ΚΖ' (1900),VOLUME 27 (1900),Παράρτημα τοῦ ΚΖ' τόμου. Βιολογικῆς Ἐπιτροπῆς ἐργασία τῶν ἐτῶν 1896-1898.,Appendix to Volume 27. Work of the Biological Committee for the years 1896-1898.,Π. Ἰατροπούλου.,P. Iatropoulou.,,,Ψευδομεγαλοβλέφαρον,Pseudomegaloblepharon,σ. 80,,Medicine,False
image_0229_right.png,Journal Article,ΤΟΜΟΣ ΚΗ' (1904),VOLUME 28 (1904),,,Γ. Ἀποστολίδου.,G. Apostolidou.,,,Ὁ Γοργίας τοῦ Πλάτωνος καὶ ἡ περὶ ποινῆς θεωρία,Plato's Gorgias and the theory of punishment,σ. 87,,"Philosophy, Literature",False
image_0229_right.png,Journal Article,ΤΟΜΟΣ ΚΗ' (1904),VOLUME 28 (1904),,,Ξ. Σιδερίδου.,X. Sideridou.,,,Ἐπανόρθωσις ἀφηγήσεων γεγονότων τινῶν ἐπὶ αὐτοκράτο-,Correction of narratives of certain events under emperor-,,,History,True
image_0230_left.png,Journal Article,ΤΟΜΟΣ ΚΗ' (1904),VOLUME 28 (1904),,,Ξ. Σιδερίδου.,X. Sideridou.,"Sideridou, X.",,ρος Ἡρακλείου τοῦ Α΄.,ros of Heraclius I.,σ. 88,,History,True
image_0230_left.png,Journal Article,ΤΟΜΟΣ ΚΗ' (1904),VOLUME 28 (1904),,,Α. Κεραμέως.,A. Kerameos.,"Kerameos, A.",,Ναοὶ τῆς Κων/πόλεως κατὰ τὸ 1593 καὶ 1604,Churches of Constantinople in 1593 and 1604,σ. 188,,"History, Religion",False
image_0230_left.png,Journal Article,ΤΟΜΟΣ ΚΗ' (1904),VOLUME 28 (1904),,,Ξ. Σιδερίδου.,X. Sideridou.,"Sideridou, X.",,Παρατηρήσεις εἰς τὴν προηγουμένην ἀνακοίνωσιν,Observations on the previous communication,σ. 126,,History,False
image_0230_left.png,Journal Article,ΤΟΜΟΣ ΚΗ' (1904),VOLUME 28 (1904),,,Μ. Παρανίκα.,M. Paranika.,"Paranika, M.",,Αἱ φιλοσοφικαὶ ἰδέαι τοῦ Πινδάρου.,The philosophical ideas of Pindar.,σ. 145,,"Philosophy, Literature",False
image_0230_left.png,Journal Article,ΤΟΜΟΣ ΚΗ' (1904),VOLUME 28 (1904),,,Χρ. Πανταζίδου.,Chr. Pantazidou.,"Pantazidou, Chr.",,Τὰ περὶ γυναικὸς παρὰ Πλάτωνι φιλοσοφούμενα,Philosophical views on women in Plato,σ. 159,,"Philosophy, Gender Studies",False
image_0230_left.png,Journal Article,ΤΟΜΟΣ ΚΗ' (1904),VOLUME 28 (1904),,,Γ. Ἀποστολίδου.,G. Apostolidou.,"Apostolidou, G.",,Λυσίου ὁ πρῶτος δικανικὸς λόγος. Ὑπὲρ τοῦ Ἐρατοσθένους φόνου ἀπολογία.,Lysias' first forensic speech. Defense for the murder of Eratosthenes.,σ. 175,,"Law, Literature",False
image_0230_left.png,Journal Article,ΤΟΜΟΣ ΚΗ' (1904),VOLUME 28 (1904),,,Γ. Λαμπουσιάδου.,G. Lampousiadou.,"Lampousiadou, G.",,"Νίκαια, Μικρὰ Νίκαια ἢ Νίκιτσα","Nicaea, Little Nicaea or Nikitsa",σ. 199,,"Geography, History",False
image_0230_left.png,Journal Article,ΤΟΜΟΣ ΚΗ' (1904),VOLUME 28 (1904),,,Α. Χρηστίδου.,A. Christidou.,"Christidou, A.",,Περὶ τῆς εἰς Ρώμην δι' Ἑλλήνων ἰατρῶν εἰσόδου τῆς ἐπιστημονικῆς ἰατρικῆς.,On the introduction of scientific medicine to Rome by Greek doctors.,σ. 202,,"History of Medicine, Classics",False
image_0230_left.png,Journal Article,ΤΟΜΟΣ ΚΗ' (1904),VOLUME 28 (1904),,,Δ. Βύρχνερ.,D. Vyrchner.,"Vyrchner, D.",,Βυζαντινὴ ἐν Σάμῳ ἐπιγραφή.,Byzantine inscription in Samos.,σ. 214,,"Archaeology, History",False
image_0230_left.png,Journal Article,ΤΟΜΟΣ ΚΗ' (1904),VOLUME 28 (1904),,,Β. Μυστακίδου.,V. Mystakidou.,"Mystakidou, V.",,Διάφορα σημειώματα. (Μητρόπολις Παροναξίας. Σιγγίλλιον Ἰωαννικίου τοῦ Β΄ κατὰ τὸ 1653. Ἐπιγραφικά),Various notes. (Metropolis of Paronaxia. Sigillion of Joannicius II in 1653. Epigraphical),σ. 218,,"History, Archaeology",False
image_0230_left.png,Journal Article,ΤΟΜΟΣ ΚΗ' (1904),VOLUME 28 (1904),,,Δ. Λαυριώτου.,D. Lavriotou.,"Lavriotou, D.",,Τὸ Μυλοπόταμον.,Mylopotamon.,σ. 227,,"Geography, History",False
image_0230_left.png,Journal Article,ΤΟΜΟΣ ΚΗ' (1904),VOLUME 28 (1904),§ Παράρτημα ΚΗ΄ τόμου. Βιολογικῆς Ἐπιτροπῆς ἐγασίαι τῶν ἐτῶν 1889-1902,§ Appendix to Volume 28. Works of the Biological Committee for the years 1889-1902,Κ. Ἐλευθεριάδου.,K. Eleftheriadou.,"Eleftheriadou, K.",,Ὀπισθιοϊριδικὴ σκληροτομὴ ἐπὶ γλαυκώματος αἱμορραγικοῦ,Posterior iridic sclerotomy in hemorrhagic glaucoma,σ. 11,,Medicine,False
image_0230_left.png,Journal Article,ΤΟΜΟΣ ΚΗ' (1904),VOLUME 28 (1904),§ Παράρτημα ΚΗ΄ τόμου. Βιολογικῆς Ἐπιτροπῆς ἐγασίαι τῶν ἐτῶν 1889-1902,§ Appendix to Volume 28. Works of the Biological Committee for the years 1889-1902,Π. Ἰατροπούλου,P. Iatropoulou,"Iatropoulou, P.",,Τὸ χρόνιον γλαύκωμα καὶ ἡ τραχηλικὴ γαγγλιεκτομὴ,Chronic glaucoma and cervical ganglionectomy,σ. 7,,Medicine,False
image_0230_left.png,Journal Article,ΤΟΜΟΣ ΚΗ' (1904),VOLUME 28 (1904),§ Παράρτημα ΚΗ΄ τόμου. Βιολογικῆς Ἐπιτροπῆς ἐγασίαι τῶν ἐτῶν 1889-1902,§ Appendix to Volume 28. Works of the Biological Committee for the years 1889-1902,Α. Τράντα.,A. Tranta.,"Tranta, A.",,Ἰριδερημία,Irideremia,σ. 14,,Medicine,False
image_0230_left.png,Journal Article,ΤΟΜΟΣ ΚΗ' (1904),VOLUME 28 (1904),§ Παράρτημα ΚΗ΄ τόμου. Βιολογικῆς Ἐπιτροπῆς ἐγασίαι τῶν ἐτῶν 1889-1902,§ Appendix to Volume 28. Works of the Biological Committee for the years 1889-1902,Ρ. Τσοπάνογλου.,R. Tsopanoglou.,"Tsopanoglou, R.",,Νεφρορραγία περιοδικὴ νευρικῆς ἀρχῆς,Periodic nephrorrhagia of nervous origin,σ. 15,,Medicine,False
image_0230_left.png,Journal Article,ΤΟΜΟΣ ΚΗ' (1904),VOLUME 28 (1904),§ Παράρτημα ΚΗ΄ τόμου. Βιολογικῆς Ἐπιτροπῆς ἐγασίαι τῶν ἐτῶν 1889-1902,§ Appendix to Volume 28. Works of the Biological Committee for the years 1889-1902,Α. Χρηστίδου καὶ Γ. Πασχαλίδου.,A. Christidou and G. Paschalidou.,"Christidou, A.; Paschalidou, G.",,Ἀζωτουρικὸς διαβήτης,Azoturic diabetes,"σ. 17, 34",,Medicine,False
image_0230_left.png,Journal Article,ΤΟΜΟΣ ΚΗ' (1904),VOLUME 28 (1904),§ Παράρτημα ΚΗ΄ τόμου. Βιολογικῆς Ἐπιτροπῆς ἐγασίαι τῶν ἐτῶν 1889-1902,§ Appendix to Volume 28. Works of the Biological Committee for the years 1889-1902,Π. Ἰατροπούλου.,P. Iatropoulou.,"Iatropoulou, P.",,Ὀπισθιοϊριδικὴ σκληροτομὴ ἐπὶ δευτερογενοῦς γλαυκώματος,Posterior iridic sclerotomy in secondary glaucoma,σ. 18,,Medicine,False
image_0230_left.png,Journal Article,ΤΟΜΟΣ ΚΗ' (1904),VOLUME 28 (1904),§ Παράρτημα ΚΗ΄ τόμου. Βιολογικῆς Ἐπιτροπῆς ἐγασίαι τῶν ἐτῶν 1889-1902,§ Appendix to Volume 28. Works of the Biological Committee for the years 1889-1902,Μ. Ψαλίδα.,M. Psalida.,"Psalida, M.",,Περὶ παρωνυχίας,On paronychia,σ. 19,,Medicine,False
image_0230_left.png,Journal Article,ΤΟΜΟΣ ΚΗ' (1904),VOLUME 28 (1904),§ Παράρτημα ΚΗ΄ τόμου. Βιολογικῆς Ἐπιτροπῆς ἐγασίαι τῶν ἐτῶν 1889-1902,§ Appendix to Volume 28. Works of the Biological Committee for the years 1889-1902,Δ. Μανουηλίδου.,D. Manouilidou.,"Manouilidou, D.",,Θεραπεία τῆς μαστίτιδος.,Treatment of mastitis.,σ. 20,,Medicine,False
image_0230_left.png,Journal Article,ΤΟΜΟΣ ΚΗ' (1904),VOLUME 28 (1904),§ Παράρτημα ΚΗ΄ τόμου. Βιολογικῆς Ἐπιτροπῆς ἐγασίαι τῶν ἐτῶν 1889-1902,§ Appendix to Volume 28. Works of the Biological Committee for the years 1889-1902,Π. Ἰατροπούλου.,P. Iatropoulou.,"Iatropoulou, P.",,Ἰριδερημία,Irideremia,σ. 22,,Medicine,False
image_0230_left.png,Journal Article,ΤΟΜΟΣ ΚΗ' (1904),VOLUME 28 (1904),§ Παράρτημα ΚΗ΄ τόμου. Βιολογικῆς Ἐπιτροπῆς ἐγασίαι τῶν ἐτῶν 1889-1902,§ Appendix to Volume 28. Works of the Biological Committee for the years 1889-1902,Α. Ἀπέργη.,A. Apergi.,"Apergi, A.",,Νέος τρόπος ἀπολυμάνσεως τοῦ κύτους τῶν ἀτμοπλοίων,New method of disinfecting the hull of steamships,σ. 24,,"Medicine, Public Health",False
image_0230_left.png,Journal Article,ΤΟΜΟΣ ΚΗ' (1904),VOLUME 28 (1904),§ Παράρτημα ΚΗ΄ τόμου. Βιολογικῆς Ἐπιτροπῆς ἐγασίαι τῶν ἐτῶν 1889-1902,§ Appendix to Volume 28. Works of the Biological Committee for the years 1889-1902,Μ. Ψαλίδα.,M. Psalida.,"Psalida, M.",,Κάταγμα τῆς κνήμης θανατηφόρον,Fatal fracture of the tibia,σ. 29,,Medicine,False
image_0230_left.png,Journal Article,ΤΟΜΟΣ ΚΗ' (1904),VOLUME 28 (1904),§ Παράρτημα ΚΗ΄ τόμου. Βιολογικῆς Ἐπιτροπῆς ἐγασίαι τῶν ἐτῶν 1889-1902,§ Appendix to Volume 28. Works of the Biological Committee for the years 1889-1902,Λ. Λιμαράκη,L. Limaraki,"Limaraki, L.",,Ἡ διφθερῖτις παρ' ἐνήλιξι,Diphtheria in adults,σ. 30,,Medicine,False
image_0230_left.png,Journal Article,ΤΟΜΟΣ ΚΗ' (1904),VOLUME 28 (1904),§ Παράρτημα ΚΗ΄ τόμου. Βιολογικῆς Ἐπιτροπῆς ἐγασίαι τῶν ἐτῶν 1889-1902,§ Appendix to Volume 28. Works of the Biological Committee for the years 1889-1902,Π. Παπανικολάου.,P. Papanikolaou.,"Papanikolaou, P.",,Θεραπεία τῆς νυκτερινῆς ἐνουρήσεως τῶν παίδων διὰ ρινικῆς ἐπεμβάσεως,Treatment of nocturnal enuresis in children by nasal intervention,σ. 30,,Medicine,False
image_0230_left.png,Journal Article,ΤΟΜΟΣ ΚΗ' (1904),VOLUME 28 (1904),§ Παράρτημα ΚΗ΄ τόμου. Βιολογικῆς Ἐπιτροπῆς ἐγασίαι τῶν ἐτῶν 1889-1902,§ Appendix to Volume 28. Works of the Biological Committee for the years 1889-1902,Δ. Μανουηλίδου.,D. Manouilidou.,"Manouilidou, D.",,Ἡπατοσπληνικὴ κίρρωσις ἑλώδης τῶν παίδων,Malarial hepatosplenic cirrhosis in children,σ. 31,,Medicine,False
image_0230_left.png,Journal Article,ΤΟΜΟΣ ΚΗ' (1904),VOLUME 28 (1904),§ Παράρτημα ΚΗ΄ τόμου. Βιολογικῆς Ἐπιτροπῆς ἐγασίαι τῶν ἐτῶν 1889-1902,§ Appendix to Volume 28. Works of the Biological Committee for the years 1889-1902,Π. Παπανικολάου.,P. Papanikolaou.,"Papanikolaou, P.",,Ἀτρησία τῆς ρινός,Nasal atresia,σ. 40,,Medicine,False
image_0230_left.png,Journal Article,ΤΟΜΟΣ ΚΗ' (1904),VOLUME 28 (1904),§ Παράρτημα ΚΗ΄ τόμου. Βιολογικῆς Ἐπιτροπῆς ἐγασίαι τῶν ἐτῶν 1889-1902,§ Appendix to Volume 28. Works of the Biological Committee for the years 1889-1902,Τ. Σγουρδαίου.,T. Sgourdaiou.,"Sgourdaiou, T.",,Τραυματισμὸς τῆς κεφαλῆς διὰ πυροβόλου ὅπλου,Gunshot wound to the head,σ. 40,,Medicine,False
image_0230_left.png,Journal Article,ΤΟΜΟΣ ΚΗ' (1904),VOLUME 28 (1904),§ Παράρτημα ΚΗ΄ τόμου. Βιολογικῆς Ἐπιτροπῆς ἐγασίαι τῶν ἐτῶν 1889-1902,§ Appendix to Volume 28. Works of the Biological Committee for the years 1889-1902,Ἀν. Γαβριηλίδου.,An. Gavriilidou.,"Gavriilidou, An.",,Ἡ ἀναπλαστικὴ καὶ νέον μικρόβιον κακοήθους φλυκταίνης,Plastic surgery and a new microbe of malignant phlyctenule,σ. 45,,Medicine,False
image_0230_left.png,Journal Article,ΤΟΜΟΣ ΚΗ' (1904),VOLUME 28 (1904),§ Παράρτημα ΚΗ΄ τόμου. Βιολογικῆς Ἐπιτροπῆς ἐγασίαι τῶν ἐτῶν 1889-1902,§ Appendix to Volume 28. Works of the Biological Committee for the years 1889-1902,Π. Ἰατροπούλου.,P. Iatropoulou.,"Iatropoulou, P.",,Περίπτωσις βλεφαροπλαστικῆς ἐγχειρήσεως,A case of blepharoplastic surgery,σ. 48,,Medicine,False
image_0230_left.png,Journal Article,ΤΟΜΟΣ ΚΗ' (1904),VOLUME 28 (1904),§ Παράρτημα ΚΗ΄ τόμου. Βιολογικῆς Ἐπιτροπῆς ἐγασίαι τῶν ἐτῶν 1889-1902,§ Appendix to Volume 28. Works of the Biological Committee for the years 1889-1902,Α. Ἀντίπα.,A. Antipa.,"Antipa, A.",,Περίπτωσις ἀναπλαστικῆς ἐγχειρήσεως,A case of plastic surgery,σ. 49,,Medicine,False
image_0230_left.png,Journal Article,ΤΟΜΟΣ ΚΗ' (1904),VOLUME 28 (1904),§ Παράρτημα ΚΗ΄ τόμου. Βιολογικῆς Ἐπιτροπῆς ἐγασίαι τῶν ἐτῶν 1889-1902,§ Appendix to Volume 28. Works of the Biological Committee for the years 1889-1902,Ἀν. Χρηστίδου.,An. Christidou.,"Christidou, An.",,Οὐσία καὶ παθογένεια τοῦ ἀζωτορικοῦ διαβήτου,Substance and pathogenesis of azoturic diabetes,σ. 50,,Medicine,False
image_0230_left.png,Journal Article,ΤΟΜΟΣ ΚΗ' (1904),VOLUME 28 (1904),§ Παράρτημα ΚΗ΄ τόμου. Βιολογικῆς Ἐπιτροπῆς ἐγασίαι τῶν ἐτῶν 1889-1902,§ Appendix to Volume 28. Works of the Biological Committee for the years 1889-1902,,,,,Ὑγιεινὴ ἐν ταῖς σχολαῖς (συζήτησις),Hygiene in schools (discussion),σ. 51,,"Medicine, Education",False
image_0230_left.png,Journal Article,ΤΟΜΟΣ ΚΗ' (1904),VOLUME 28 (1904),§ Παράρτημα ΚΗ΄ τόμου. Βιολογικῆς Ἐπιτροπῆς ἐγασίαι τῶν ἐτῶν 1889-1902,§ Appendix to Volume 28. Works of the Biological Committee for the years 1889-1902,Ἀν. Γαβριηλίδου.,An. Gavriilidou.,"Gavriilidou, An.",,Ἐνέσεις δυσιωδιούχου ὑδραργύρου κατὰ συφιλιδικῶν ἐκδηλώσεων τοῦ ὀφθαλμοῦ,Injections of biniodide of mercury for syphilitic manifestations of the eye,σ. 53,,Medicine,False
image_0230_left.png,Journal Article,ΤΟΜΟΣ ΚΗ' (1904),VOLUME 28 (1904),§ Παράρτημα ΚΗ΄ τόμου. Βιολογικῆς Ἐπιτροπῆς ἐγασίαι τῶν ἐτῶν 1889-1902,§ Appendix to Volume 28. Works of the Biological Committee for the years 1889-1902,Ρ. Τσοπάνογλου.,R. Tsopanoglou.,"Tsopanoglou, R.",,Περίπτωσις τῆς νόσου τοῦ Gill de la Tourette,A case of Gilles de la Tourette's disease,σ. 55,,Medicine,False
image_0230_left.png,Journal Article,ΤΟΜΟΣ ΚΗ' (1904),VOLUME 28 (1904),§ Παράρτημα ΚΗ΄ τόμου. Βιολογικῆς Ἐπιτροπῆς ἐγασίαι τῶν ἐτῶν 1889-1902,§ Appendix to Volume 28. Works of the Biological Committee for the years 1889-1902,Δ. Μανουηλίδου.,D. Manouilidou.,"Manouilidou, D.",,Περίπτωσις σκληρώσεως κατὰ πλάκας μετὰ παραισθήσεων,A case of multiple sclerosis with paresthesias,σ. 57,,Medicine,False
image_0230_left.png,Journal Article,ΤΟΜΟΣ ΚΗ' (1904),VOLUME 28 (1904),§ Παράρτημα ΚΗ΄ τόμου. Βιολογικῆς Ἐπιτροπῆς ἐγασίαι τῶν ἐτῶν 1889-1902,§ Appendix to Volume 28. Works of the Biological Committee for the years 1889-1902,Ἀν. Χρηστίδου.,An. Christidou.,"Christidou, An.",,Αἱμορραγικαὶ ἑστίαι ἐνδοκάρδιοι ἐπὶ αἱμορραγικῆς πορφύρας.,Endocardial hemorrhagic foci in hemorrhagic purpura.,σ. 59,,Medicine,False
image_0230_right.png,Journal Article,ΤΟΜΟΣ ΚΗ' (1904),VOLUME 28 (1904),§ Παράρτημα ΚΗ΄ τόμου. Βιολογικῆς Ἐπιτροπῆς ἐγασίαι τῶν ἐτῶν 1889-1902,§ Appendix of the 28th volume. Works of the Biological Committee of the years 1889-1902,Ἀν. Χρηστίδου.,An. Christidou.,"Christidou, An.",,Σχέσεις τῶν διαφόρων μικροβίων,Relations of various microbes,62,,"Medicine, Biology",False
image_0230_right.png,Journal Article,ΤΟΜΟΣ ΚΗ' (1904),VOLUME 28 (1904),§ Παράρτημα ΚΗ΄ τόμου. Βιολογικῆς Ἐπιτροπῆς ἐγασίαι τῶν ἐτῶν 1889-1902,§ Appendix of the 28th volume. Works of the Biological Committee of the years 1889-1902,Δελλαγραμμάτικα.,Dellagrammatika.,Dellagrammatika,,Περίπτωσις νεφρολιθιάσεως,Case of nephrolithiasis,65,,Medicine,False
image_0230_right.png,Journal Article,ΤΟΜΟΣ ΚΗ' (1904),VOLUME 28 (1904),§ Παράρτημα ΚΗ΄ τόμου. Βιολογικῆς Ἐπιτροπῆς ἐγασίαι τῶν ἐτῶν 1889-1902,§ Appendix of the 28th volume. Works of the Biological Committee of the years 1889-1902,Ἀν. Χρηστίδου.,An. Christidou.,"Christidou, An.",,Καρκίνος τῶν τραχειοβρογχικῶν ἀδένων,Cancer of the tracheobronchial glands,65,,Medicine,False
image_0230_right.png,Journal Article,ΤΟΜΟΣ ΚΗ' (1904),VOLUME 28 (1904),§ Παράρτημα ΚΗ΄ τόμου. Βιολογικῆς Ἐπιτροπῆς ἐγασίαι τῶν ἐτῶν 1889-1902,§ Appendix of the 28th volume. Works of the Biological Committee of the years 1889-1902,Α. Ἀντίπα.,A. Antipa.,"Antipa, A.",,Ἀποστήματα τοῦ ἥπατος,Liver abscesses,68,,Medicine,False
image_0230_right.png,Journal Article,ΤΟΜΟΣ ΚΗ' (1904),VOLUME 28 (1904),§ Παράρτημα ΚΗ΄ τόμου. Βιολογικῆς Ἐπιτροπῆς ἐγασίαι τῶν ἐτῶν 1889-1902,§ Appendix of the 28th volume. Works of the Biological Committee of the years 1889-1902,Π. Παπανικολάου.,P. Papanikolaou.,"Papanikolaou, P.",,Ἀντανακλαστικὸς λαρυγγόσπασμος,Reflex laryngospasm,70,,Medicine,False
image_0230_right.png,Journal Article,ΤΟΜΟΣ ΚΗ' (1904),VOLUME 28 (1904),§ Παράρτημα ΚΗ΄ τόμου. Βιολογικῆς Ἐπιτροπῆς ἐγασίαι τῶν ἐτῶν 1889-1902,§ Appendix of the 28th volume. Works of the Biological Committee of the years 1889-1902,Α. Τράντα καὶ Ἀν. Γαβριηλίδου.,A. Tranta and An. Gavriilidou.,"Tranta, A.; Gavriilidou, An.",,Διαφωτισμὸς τῶν τοιχωμάτων τοῦ βολβοῦ,Illumination of the walls of the bulb,"71, 81",,Medicine,False
image_0230_right.png,Journal Article,ΤΟΜΟΣ ΚΗ' (1904),VOLUME 28 (1904),§ Παράρτημα ΚΗ΄ τόμου. Βιολογικῆς Ἐπιτροπῆς ἐγασίαι τῶν ἐτῶν 1889-1902,§ Appendix of the 28th volume. Works of the Biological Committee of the years 1889-1902,Ἀν. Γαβριηλίδου.,An. Gavriilidou.,"Gavriilidou, An.",,Ὁ βουβωνικὸς λοιμὸς κατὰ τοὺς βυζαντινοὺς χρόνους,The bubonic plague during the Byzantine times,78,,"Medicine, History",False
image_0230_right.png,Journal Article,ΤΟΜΟΣ ΚΗ' (1904),VOLUME 28 (1904),§ Παράρτημα ΚΗ΄ τόμου. Βιολογικῆς Ἐπιτροπῆς ἐγασίαι τῶν ἐτῶν 1889-1902,§ Appendix of the 28th volume. Works of the Biological Committee of the years 1889-1902,Δ. Μανουηλίδου.,D. Manouilidou.,"Manouilidou, D.",,Θεραπεία ἰσχιάδος διὰ τῆς μεθόδου Trombetta,Treatment of sciatica by the Trombetta method,84,,Medicine,False
image_0230_right.png,Journal Article,ΤΟΜΟΣ ΚΗ' (1904),VOLUME 28 (1904),§ Παράρτημα ΚΗ΄ τόμου. Βιολογικῆς Ἐπιτροπῆς ἐγασίαι τῶν ἐτῶν 1889-1902,§ Appendix of the 28th volume. Works of the Biological Committee of the years 1889-1902,Ἀν. Χρηστίδου.,An. Christidou.,"Christidou, An.",,Περίπτωσις ἐντερικῆς στενώσεως μετὰ νεκροτομῆς,Case of intestinal stricture after autopsy,85,,Medicine,False
image_0230_right.png,Journal Article,ΤΟΜΟΣ ΚΗ' (1904),VOLUME 28 (1904),§ Παράρτημα ΚΗ΄ τόμου. Βιολογικῆς Ἐπιτροπῆς ἐγασίαι τῶν ἐτῶν 1889-1902,§ Appendix of the 28th volume. Works of the Biological Committee of the years 1889-1902,Π. Παπανικολάου.,P. Papanikolaou.,"Papanikolaou, P.",,Περίπτωσις κυστεώδους πολύποδος τῆς ρινός,Case of cystic polyp of the nose,87,,Medicine,False
image_0230_right.png,Journal Article,ΤΟΜΟΣ ΚΗ' (1904),VOLUME 28 (1904),§ Παράρτημα ΚΗ΄ τόμου. Βιολογικῆς Ἐπιτροπῆς ἐγασίαι τῶν ἐτῶν 1889-1902,§ Appendix of the 28th volume. Works of the Biological Committee of the years 1889-1902,Μ. Ψαλίδα.,M. Psalida.,"Psalida, M.",,Ἡ ὕπαρξις περιτυφλίτιδος ἄνευ σκωληκοειδίτιδος,The existence of perityphlitis without appendicitis,87,,Medicine,False
image_0230_right.png,Journal Article,ΤΟΜΟΣ ΚΗ' (1904),VOLUME 28 (1904),§ Παράρτημα ΚΗ΄ τόμου. Βιολογικῆς Ἐπιτροπῆς ἐγασίαι τῶν ἐτῶν 1889-1902,§ Appendix of the 28th volume. Works of the Biological Committee of the years 1889-1902,Ἀν. Γαβριηλίδου,An. Gavriilidou,"Gavriilidou, An.",,Ἰατρικαὶ γνώσεις παρὰ βυζαντινοῖς συγγραφεῦσι,Medical knowledge among Byzantine writers,92,,"Medicine, History",False
image_0230_right.png,Journal Article,ΤΟΜΟΣ ΚΗ' (1904),VOLUME 28 (1904),§ Παράρτημα ΚΗ΄ τόμου. Βιολογικῆς Ἐπιτροπῆς ἐγασίαι τῶν ἐτῶν 1889-1902,§ Appendix of the 28th volume. Works of the Biological Committee of the years 1889-1902,Π. Ἰατροπούλου.,P. Iatropoulou.,"Iatropoulou, P.",,Ἰνώδης ἀμφιβληστροειδῖτις ἐξ εἰσβολῆς τοῦ ἐγκεφαλονωτιαίου ὑγροῦ εἰς τὸν βυθὸν τοῦ ὀφθαλμοῦ,Fibrous retinitis from the invasion of cerebrospinal fluid into the fundus of the eye,102,,Medicine,False
image_0230_right.png,Journal Article,ΤΟΜΟΣ ΚΗ' (1904),VOLUME 28 (1904),§ Παράρτημα ΚΗ΄ τόμου. Βιολογικῆς Ἐπιτροπῆς ἐγασίαι τῶν ἐτῶν 1889-1902,§ Appendix of the 28th volume. Works of the Biological Committee of the years 1889-1902,Ἀν. Χρηστίδου,An. Christidou,"Christidou, An.",,Καρκίνος τῆς χοληδόχου κύστεως,Cancer of the gallbladder,107,,Medicine,False
image_0230_right.png,Journal Article,ΤΟΜΟΣ ΚΗ' (1904),VOLUME 28 (1904),§ Παράρτημα ΚΗ΄ τόμου. Βιολογικῆς Ἐπιτροπῆς ἐγασίαι τῶν ἐτῶν 1889-1902,§ Appendix of the 28th volume. Works of the Biological Committee of the years 1889-1902,Α. Ἀντίπα.,A. Antipa.,"Antipa, A.",,Ἀκτινομυκίασις,Actinomycosis,109,,Medicine,False
image_0230_right.png,Journal Article,ΤΟΜΟΣ ΚΗ' (1904),VOLUME 28 (1904),§ Παράρτημα ΚΗ΄ τόμου. Βιολογικῆς Ἐπιτροπῆς ἐγασίαι τῶν ἐτῶν 1889-1902,§ Appendix of the 28th volume. Works of the Biological Committee of the years 1889-1902,Ἀν. Γαβριηλίδου,An. Gavriilidou,"Gavriilidou, An.",,Περίπτωσις ἀκτινομυκητίτιδος τῆς παρειᾶς,Case of actinomycosis of the cheek,115,,Medicine,False
image_0230_right.png,Journal Article,ΤΟΜΟΣ ΚΗ' (1904),VOLUME 28 (1904),§ Παράρτημα ΚΗ΄ τόμου. Βιολογικῆς Ἐπιτροπῆς ἐγασίαι τῶν ἐτῶν 1889-1902,§ Appendix of the 28th volume. Works of the Biological Committee of the years 1889-1902,Ἀν. Γαβριηλίδου,An. Gavriilidou,"Gavriilidou, An.",,Ἰατρικὴ καὶ ἰατροὶ κατὰ τοὺς βυζαντιακοὺς χρόνους,Medicine and doctors during the Byzantine times,117,,"Medicine, History",False
image_0230_right.png,Journal Article,ΤΟΜΟΣ ΚΗ' (1904),VOLUME 28 (1904),§ Παράρτημα ΚΗ΄ τόμου. Βιολογικῆς Ἐπιτροπῆς ἐγασίαι τῶν ἐτῶν 1889-1902,§ Appendix of the 28th volume. Works of the Biological Committee of the years 1889-1902,Π. Παπανικολάου.,P. Papanikolaou.,"Papanikolaou, P.",,Νέα θεραπεία τῆς ὀξείας μέσης ὠτίτιδος,New treatment of acute otitis media,121,,Medicine,False
image_0230_right.png,Journal Article,ΤΟΜΟΣ ΚΗ' (1904),VOLUME 28 (1904),§ Παράρτημα ΚΗ΄ τόμου. Βιολογικῆς Ἐπιτροπῆς ἐγασίαι τῶν ἐτῶν 1889-1902,§ Appendix of the 28th volume. Works of the Biological Committee of the years 1889-1902,Δ. Μανουηλίδου.,D. Manouilidou.,"Manouilidou, D.",,Ἐπήρεια τοῦ ἑλείου μιάσματος ἐπὶ τοῦ στομάχου,Influence of marsh miasma on the stomach,123,,Medicine,False
image_0230_right.png,Journal Article,ΤΟΜΟΣ ΚΗ' (1904),VOLUME 28 (1904),§ Παράρτημα ΚΗ΄ τόμου. Βιολογικῆς Ἐπιτροπῆς ἐγασίαι τῶν ἐτῶν 1889-1902,§ Appendix of the 28th volume. Works of the Biological Committee of the years 1889-1902,Ἀν. Χρηστίδου.,An. Christidou.,"Christidou, An.",,Περίπτωσις γρίππης μετὰ ἐγκεφαλικῶν ἀλλοιώσεων,Case of flu with cerebral alterations,125,,Medicine,False
image_0230_right.png,Journal Article,ΤΟΜΟΣ ΚΗ' (1904),VOLUME 28 (1904),§ Παράρτημα ΚΗ΄ τόμου. Βιολογικῆς Ἐπιτροπῆς ἐγασίαι τῶν ἐτῶν 1889-1902,§ Appendix of the 28th volume. Works of the Biological Committee of the years 1889-1902,Γ. Τσιραγγέλου.,G. Tsirangelou.,"Tsirangelou, G.",,Περίπτωσις ἀμαυρώσεως μετὰ νεκροτομῆς,Case of amaurosis after autopsy,127,,Medicine,False
image_0230_right.png,Journal Article,ΤΟΜΟΣ ΚΗ' (1904),VOLUME 28 (1904),§ Παράρτημα ΚΗ΄ τόμου. Βιολογικῆς Ἐπιτροπῆς ἐγασίαι τῶν ἐτῶν 1889-1902,§ Appendix of the 28th volume. Works of the Biological Committee of the years 1889-1902,Π. Κελαϊδίτου,P. Kelaiditou,"Kelaiditou, P.",,Δηλητηρίασις ἐκ φοινικοῦ ὄξεος,Poisoning from palm acid,128,,"Medicine, Toxicology",False
image_0230_right.png,Journal Article,ΤΟΜΟΣ ΚΗ' (1904),VOLUME 28 (1904),§ Παράρτημα ΚΗ΄ τόμου. Βιολογικῆς Ἐπιτροπῆς ἐγασίαι τῶν ἐτῶν 1889-1902,§ Appendix of the 28th volume. Works of the Biological Committee of the years 1889-1902,Δ. Μανουηλίδου.,D. Manouilidou.,"Manouilidou, D.",,Ἐντερικὴ ἀπόφραξις ἐξ ἑλμίνθων,Intestinal obstruction from helminths,129,,Medicine,False
image_0230_right.png,Journal Article,ΤΟΜΟΣ ΚΗ' (1904),VOLUME 28 (1904),§ Παράρτημα ΚΗ΄ τόμου. Βιολογικῆς Ἐπιτροπῆς ἐγασίαι τῶν ἐτῶν 1889-1902,§ Appendix of the 28th volume. Works of the Biological Committee of the years 1889-1902,Π. Παπανικολάου.,P. Papanikolaou.,"Papanikolaou, P.",,Περίπτωσις πολύποδος τῆς ρινὸς ὀγκωδεστάτου καὶ παραμορφωτικοῦ,Case of a very voluminous and deforming nasal polyp,132,,Medicine,False
image_0230_right.png,Journal Article,ΤΟΜΟΣ ΚΘ' (1907),VOLUME 29 (1907),,,Μ. Ψαλίδα.,M. Psalida.,"Psalida, M.",,Περὶ τῶν προόδων τῆς χειρουργικῆς θεραπείας.,On the progress of surgical treatment.,101,,Medicine,False
image_0230_right.png,Journal Article,ΤΟΜΟΣ ΚΘ' (1907),VOLUME 29 (1907),,,Ἀλ. Εὐμορφοπούλου.,Al. Eumorfopoulou.,"Eumorfopoulou, Al.",,Ἡ ἐν Ἄθῳ ἱερὰ μονὴ Μεγίστη Λαύρα καὶ αἱ πρὸς αὐτὴν Αὐτοκρατορικαὶ δωρεαὶ καὶ προνομίαι.,The holy monastery of Great Lavra in Athos and the Imperial donations and privileges to it.,107,,"History, Religion",False
image_0230_right.png,Journal Article,ΤΟΜΟΣ ΚΘ' (1907),VOLUME 29 (1907),,,Σ. Σιδερίδου.,S. Sideridou.,"Sideridou, S.",,Παρατηρήσεις καὶ προσθῆκαι εἰς τὴν ἱστορίαν τῆς ἐν Χάλκῃ ἱερᾶς μονῆς τῆς Θεοτόκου,Observations and additions to the history of the holy monastery of the Theotokos in Halki,121,,"History, Religion",False
image_0230_right.png,Journal Article,ΤΟΜΟΣ ΚΘ' (1907),VOLUME 29 (1907),,,Ι. Ἀσπριώτου.,I. Aspriotou.,"Aspriotou, I.",,Περὶ τῆς Ἑκάλης τοῦ Καλλιμάχου καὶ τῶν παπύρων τοῦ ἀρχιδουκὸς Ράϊνερ,On the Hecale of Callimachus and the papyri of Archduke Rainer,133,,"Philology, Literature",False
image_0230_right.png,Journal Article,ΤΟΜΟΣ ΚΘ' (1907),VOLUME 29 (1907),,,Ι. Καρολίδου.,I. Karolidou.,"Karolidou, I.",,Περὶ παθῶν κατ' Ἀριστοτέλη,On passions according to Aristotle,141,,Philosophy,False
image_0230_right.png,Journal Article,ΤΟΜΟΣ ΚΘ' (1907),VOLUME 29 (1907),,,Γ. Ἀποστολίδου.,G. Apostolidou.,"Apostolidou, G.",,Περὶ τῆς Ἀττικῆς συνηγορίας καὶ λογογραφίας,On Attic advocacy and logography,154,,"History, Law",False
image_0230_right.png,Journal Article,ΤΟΜΟΣ ΚΘ' (1907),VOLUME 29 (1907),,,Π. Τσελλέντη,P. Tsellenti,"Tsellenti, P.",,Περὶ πατρικῆς ἐξουσίας,On paternal authority,191,,"Law, History",False
image_0230_right.png,Journal Article,ΤΟΜΟΣ ΚΘ' (1907),VOLUME 29 (1907),,,Γ. Ἀποστολίδου.,G. Apostolidou.,"Apostolidou, G.",,Δικονομία ἐκ τοῦ Ἀριστοτέλους,Procedure from Aristotle,199,,"Law, Philosophy",False
image_0230_right.png,Journal Article,ΤΟΜΟΣ ΚΘ' (1907),VOLUME 29 (1907),,,Α. Χρηστίδου.,A. Christidou.,"Christidou, A.",,Ἰατρικὴ Ἀρχαιολογία,Medical Archaeology,205,,"Medicine, Archaeology",False
image_0230_right.png,Journal Article,ΤΟΜΟΣ ΚΘ' (1907),VOLUME 29 (1907),,,Ι. Μηλιοπούλου,I. Miliopoulou,"Miliopoulou, I.",,Ἐξακρίβωσις ἀρχαίων βυζαντινῶν τοποθεσιῶν,Verification of ancient Byzantine locations,222,,"History, Geography",False
image_0230_right.png,Journal Article,ΤΟΜΟΣ ΚΘ' (1907),VOLUME 29 (1907),,,Δ. Παναγιωτίδου.,D. Panagiotidou.,"Panagiotidou, D.",,Περὶ τῆς ἐν Θεσπρωτίᾳ Πανδοσίας καὶ τῶν εἰς Μοναβὰρ ἀρχαιολογικῶν εὑρημάτων,On Pandosia in Thesprotia and the archaeological findings in Monavar,232,,"Archaeology, History",False
image_0230_right.png,Journal Article,ΤΟΜΟΣ ΚΘ' (1907),VOLUME 29 (1907),,,Χρ. Χατζηχρήστου.,Chr. Chatzichristou.,"Chatzichristou, Chr.",,Μία Ὁμηρικὴ σελὶς,A Homeric page,236,,"Philology, Literature",False
image_0230_right.png,Journal Article,ΤΟΜΟΣ ΚΘ' (1907),VOLUME 29 (1907),,,Σ. Σιδερίδου.,S. Sideridou.,"Sideridou, S.",,Περὶ τῶν ἐν Γαλατᾷ Ἁγιασμάτων,On the Holy Springs in Galata,241,,"History, Religion",False
image_0230_right.png,Journal Article,ΤΟΜΟΣ ΚΘ' (1907),VOLUME 29 (1907),,,Σ. Σιδερίδου.,S. Sideridou.,"Sideridou, S.",,Αἱ ἐν Κων)πόλει Κινστέρναι τοῦ Ἀετίου καὶ τοῦ Ἄσπαρος καὶ αἱ πέριξ Μοναὶ,The Cisterns of Aetius and Aspar in Constantinople and the surrounding Monasteries,249,,"History, Archaeology",False
image_0230_right.png,Journal Article,ΤΟΜΟΣ ΚΘ' (1907),VOLUME 29 (1907),,,Σ. Σιδερίδου.,S. Sideridou.,"Sideridou, S.",,Περὶ τῆς ἐν Κωνπόλει Μονῆς τῆς Παμμακαρίστου καὶ τῶν κτιτόρων αὐτῆς,On the Monastery of Pammakaristos in Constantinople and its founders,265,,"History, Religion",False
image_0231_left.png,Journal Article,ΤΟΜΟΣ ΚΘ' (1907),VOLUME 29 (1907),,,Ι. Μηλιοπούλου,I. Miliopoulou,"Miliopoulou, I.",,Ποῦ ἔκειντο αἱ Ρουφινιαναί,Where were the Rufinianae located,σ. 274,,"History, Geography",False
image_0231_left.png,Journal Article,ΤΟΜΟΣ ΚΘ' (1907),VOLUME 29 (1907),,,Ι. Μηλιοπούλου,I. Miliopoulou,"Miliopoulou, I.",,Τὸ Νηκιτιᾶτον,The Nikitiaton,σ. 283,,"History, Geography",False
image_0231_left.png,Journal Article,ΤΟΜΟΣ ΚΘ' (1907),VOLUME 29 (1907),,,Δ. Παναγιωτίδου,D. Panagiotidou,"Panagiotidou, D.",,Ἡ Μονὴ τοῦ Ραγίου ἐν τῇ ἐπαρχίᾳ τῆς Παραμυθίας,The Monastery of Ragio in the province of Paramythia,σ. 288,,"History, Religion",False
image_0231_left.png,Journal Article,ΤΟΜΟΣ ΚΘ' (1907),VOLUME 29 (1907),,,Μ. Παρανίκα,M. Paranika,"Paranika, M.",,Ἐπιγραφαὶ καὶ νομίσματα Τραπεζοῦντος,Inscriptions and coins of Trebizond,σ. 296,,"Archaeology, Numismatics, Epigraphy",False
image_0231_left.png,Journal Article,ΤΟΜΟΣ ΚΘ' (1907),VOLUME 29 (1907),,,Ι. Μηλιοπούλου,I. Miliopoulou,"Miliopoulou, I.",,Σημειώσεις ἐκδρομῆς εἰς Χηλὰς,Notes from an excursion to Chelas,σ. 306,,"Geography, Travel",False
image_0231_left.png,Journal Article,ΤΟΜΟΣ ΚΘ' (1907),VOLUME 29 (1907),Παράρτημα ΚΘ' τόμου. Βιολογικῆς ἐπιτροπῆς ἐργασία (τῶν ἐτῶν 1902 - 1904),Appendix to Volume 29. Work of the Biological Committee (years 1902 - 1904),Δ. Μανουηλίδου,D. Manouilidou,"Manouilidou, D.",,Περίπτωσις μυοκλονίας καὶ θεραπεία αὐτῆς διὰ τῆς θυρεοειδίνης,A case of myoclonus and its treatment with thyroidin,σ. 4,,Medicine,False
image_0231_left.png,Journal Article,ΤΟΜΟΣ ΚΘ' (1907),VOLUME 29 (1907),Παράρτημα ΚΘ' τόμου. Βιολογικῆς ἐπιτροπῆς ἐργασία (τῶν ἐτῶν 1902 - 1904),Appendix to Volume 29. Work of the Biological Committee (years 1902 - 1904),Α. Κρητικοῦ,A. Kritikou,"Kritikou, A.",,Διάρροια ἐξ ὑποχλωρυδρίας.,Diarrhea from hypochlorhydria.,σ. 8,,Medicine,False
image_0231_left.png,Journal Article,ΤΟΜΟΣ ΚΘ' (1907),VOLUME 29 (1907),Παράρτημα ΚΘ' τόμου. Βιολογικῆς ἐπιτροπῆς ἐργασία (τῶν ἐτῶν 1902 - 1904),Appendix to Volume 29. Work of the Biological Committee (years 1902 - 1904),Δ. Μανουηλίδου,D. Manouilidou,"Manouilidou, D.",,Βακτηριουρία.,Bacteriuria.,σ. 7-11,,"Medicine, Biology",False
image_0231_left.png,Journal Article,ΤΟΜΟΣ ΚΘ' (1907),VOLUME 29 (1907),Παράρτημα ΚΘ' τόμου. Βιολογικῆς ἐπιτροπῆς ἐργασία (τῶν ἐτῶν 1902 - 1904),Appendix to Volume 29. Work of the Biological Committee (years 1902 - 1904),Α. Ἀντωνακοπούλου,A. Antonakopoulou,"Antonakopoulou, A.",,Ἡ διάγνωσις τοῦ Ποττείου νοσήματος παρ' ἐνηλίξιν,The diagnosis of Pott's disease in adults,σ. 12,,Medicine,False
image_0231_left.png,Journal Article,ΤΟΜΟΣ ΚΘ' (1907),VOLUME 29 (1907),Παράρτημα ΚΘ' τόμου. Βιολογικῆς ἐπιτροπῆς ἐργασία (τῶν ἐτῶν 1902 - 1904),Appendix to Volume 29. Work of the Biological Committee (years 1902 - 1904),Τ. Σγουρδαίου,T. Sgourdaiou,"Sgourdaiou, T.",,Σκωληκοειδῖτις μετὰ σαλπιγγοπαραμητρίτιδος,Appendicitis with salpingo-parametritis,σ. 16,,Medicine,False
image_0231_left.png,Journal Article,ΤΟΜΟΣ ΚΘ' (1907),VOLUME 29 (1907),Παράρτημα ΚΘ' τόμου. Βιολογικῆς ἐπιτροπῆς ἐργασία (τῶν ἐτῶν 1902 - 1904),Appendix to Volume 29. Work of the Biological Committee (years 1902 - 1904),Π. Ἀπέργη,P. Apergi,"Apergi, P.",,Περὶ ἐξελέγξεως τοῦ νοθευμένου γάλακτος,On the detection of adulterated milk,σ. 22,,"Medicine, Public Health",False
image_0231_left.png,Journal Article,ΤΟΜΟΣ ΚΘ' (1907),VOLUME 29 (1907),Παράρτημα ΚΘ' τόμου. Βιολογικῆς ἐπιτροπῆς ἐργασία (τῶν ἐτῶν 1902 - 1904),Appendix to Volume 29. Work of the Biological Committee (years 1902 - 1904),Α. Κρητικοῦ,A. Kritikou,"Kritikou, A.",,Περιπτώσεις ἑλμινθιάσεως ἰδιάζουσαι,Peculiar cases of helminthiasis,σ. 26,,Medicine,False
image_0231_left.png,Journal Article,ΤΟΜΟΣ ΚΘ' (1907),VOLUME 29 (1907),Παράρτημα ΚΘ' τόμου. Βιολογικῆς ἐπιτροπῆς ἐργασία (τῶν ἐτῶν 1902 - 1904),Appendix to Volume 29. Work of the Biological Committee (years 1902 - 1904),Γ. Νούλη,G. Nouli,"Nouli, G.",,Περὶ ὑγιεινῆς τῶν σχολῶν,On school hygiene,σ. 28,,"Medicine, Public Health, Education",False
image_0231_left.png,Journal Article,ΤΟΜΟΣ ΚΘ' (1907),VOLUME 29 (1907),Παράρτημα ΚΘ' τόμου. Βιολογικῆς ἐπιτροπῆς ἐργασία (τῶν ἐτῶν 1902 - 1904),Appendix to Volume 29. Work of the Biological Committee (years 1902 - 1904),Γ. Νούλη,G. Nouli,"Nouli, G.",,Παρατηρήσεις ἐπὶ τοῦ ὀροϊνώδους πλευριτικοῦ ἐξιδρώματος,Observations on serofibrinous pleural effusion,σ. 30.,,Medicine,False
image_0231_left.png,Journal Article,ΤΟΜΟΣ ΚΘ' (1907),VOLUME 29 (1907),Παράρτημα ΚΘ' τόμου. Βιολογικῆς ἐπιτροπῆς ἐργασία (τῶν ἐτῶν 1902 - 1904),Appendix to Volume 29. Work of the Biological Committee (years 1902 - 1904),Γ. Νούλη,G. Nouli,"Nouli, G.",,Ἡ διὰ χλωροφορμίου ἀναισθησία ἐπὶ καρδιοπαθειῶν,Chloroform anesthesia in heart diseases,σ. 82,,Medicine,False
image_0231_left.png,Journal Article,ΤΟΜΟΣ ΚΘ' (1907),VOLUME 29 (1907),Παράρτημα ΚΘ' τόμου. Βιολογικῆς ἐπιτροπῆς ἐργασία (τῶν ἐτῶν 1902 - 1904),Appendix to Volume 29. Work of the Biological Committee (years 1902 - 1904),Η. Ν. Ἐλευθεριάδου,I. N. Eleftheriadou,"Eleftheriadou, I. N.",,Χειλεογλωσσολαρυγγιτικὴ παράλυσις μετὰ συμπτωμάτων περιφερικῆς πολυνευρίτιδος,Labio-glosso-laryngeal paralysis with symptoms of peripheral polyneuritis,σ. 35,,Medicine,False
image_0231_left.png,Journal Article,ΤΟΜΟΣ ΚΘ' (1907),VOLUME 29 (1907),Παράρτημα ΚΘ' τόμου. Βιολογικῆς ἐπιτροπῆς ἐργασία (τῶν ἐτῶν 1902 - 1904),Appendix to Volume 29. Work of the Biological Committee (years 1902 - 1904),Ν. Ταπτᾶ,N. Tapta,"Tapta, N.",,Νοσολογία τῶν παραρρηνίων κόλπων,Nosology of the paranasal sinuses,σ. 42,,Medicine,False
image_0231_left.png,Journal Article,ΤΟΜΟΣ ΚΘ' (1907),VOLUME 29 (1907),Παράρτημα ΚΘ' τόμου. Βιολογικῆς ἐπιτροπῆς ἐργασία (τῶν ἐτῶν 1902 - 1904),Appendix to Volume 29. Work of the Biological Committee (years 1902 - 1904),Αν. Γαβριηλίδου,An. Gavriilidou,"Gavriilidou, An.",,Ὀφθαλμικαὶ ἐπιπλοκαὶ κατὰ τὸν τυφοειδῆ πυρετὸν,Ocular complications during typhoid fever,σ. 49,,Medicine,False
image_0231_left.png,Journal Article,ΤΟΜΟΣ ΚΘ' (1907),VOLUME 29 (1907),Παράρτημα ΚΘ' τόμου. Βιολογικῆς ἐπιτροπῆς ἐργασία (τῶν ἐτῶν 1902 - 1904),Appendix to Volume 29. Work of the Biological Committee (years 1902 - 1904),Ι. Μπίστη,I. Mpisti,"Mpisti, I.",,Ἀτροφία τοῦ βολβοῦ τοῦ ὀφθαλμοῦ μετὰ προσβολὴν γρίππης,Atrophy of the eyeball after an attack of influenza,σ. 55,,Medicine,False
image_0231_left.png,Journal Article,ΤΟΜΟΣ ΚΘ' (1907),VOLUME 29 (1907),Παράρτημα ΚΘ' τόμου. Βιολογικῆς ἐπιτροπῆς ἐργασία (τῶν ἐτῶν 1902 - 1904),Appendix to Volume 29. Work of the Biological Committee (years 1902 - 1904),Π. Παπανικολάου,P. Papanikolaou,"Papanikolaou, P.",,Ἀπηχήσεις παθολογικαὶ τῶν ῥινικῶν παθήσεων ἀνὰ τὸν λοιπὸν ὀργανισμόν,Pathological repercussions of nasal diseases on the rest of the organism,σ. 56,,Medicine,False
image_0231_left.png,Journal Article,ΤΟΜΟΣ ΚΘ' (1907),VOLUME 29 (1907),Παράρτημα ΚΘ' τόμου. Βιολογικῆς ἐπιτροπῆς ἐργασία (τῶν ἐτῶν 1902 - 1904),Appendix to Volume 29. Work of the Biological Committee (years 1902 - 1904),Α. Γαβριηλίδου,A. Gavriilidou,"Gavriilidou, A.",,Ἡμιαωψία ὑπὸ φιλολογικὴν ἔποψιν,Hemianopsia from a philological perspective,σ. 65,,"Medicine, Philology",False
image_0231_left.png,Journal Article,ΤΟΜΟΣ ΚΘ' (1907),VOLUME 29 (1907),Παράρτημα ΚΘ' τόμου. Βιολογικῆς ἐπιτροπῆς ἐργασία (τῶν ἐτῶν 1902 - 1904),Appendix to Volume 29. Work of the Biological Committee (years 1902 - 1904),Κ. Μακρῆ,K. Makri,"Makri, K.",,Ὀστεομυελίτης ἄνευ ἐμπυήσεως,Osteomyelitis without suppuration,σ. 68,,Medicine,False
image_0231_left.png,Journal Article,ΤΟΜΟΣ ΚΘ' (1907),VOLUME 29 (1907),Παράρτημα ΚΘ' τόμου. Βιολογικῆς ἐπιτροπῆς ἐργασία (τῶν ἐτῶν 1902 - 1904),Appendix to Volume 29. Work of the Biological Committee (years 1902 - 1904),Ξ. Ζώτου,X. Zotou,"Zotou, X.",,Παθήσεις τοῦ περιφερικοῦ νευρικοῦ συστήματος κατὰ τὸν τυφοειδῆ πυρετόν,Diseases of the peripheral nervous system during typhoid fever,σ. 71,,Medicine,False
image_0231_left.png,Journal Article,ΤΟΜΟΣ ΚΘ' (1907),VOLUME 29 (1907),Παράρτημα ΚΘ' τόμου. Βιολογικῆς ἐπιτροπῆς ἐργασία (τῶν ἐτῶν 1902 - 1904),Appendix to Volume 29. Work of the Biological Committee (years 1902 - 1904),Δ. Ἀντίπα,D. Antipa,"Antipa, D.",,Ἐγχείρησις προπτώσεως τοῦ ὀρθοῦ κατὰ τὴν μέθοδον Gérard Marchand,Operation for rectal prolapse according to the Gérard Marchand method,σ. 74,,Medicine,False
image_0231_left.png,Journal Article,ΤΟΜΟΣ ΚΘ' (1907),VOLUME 29 (1907),Παράρτημα ΚΘ' τόμου. Βιολογικῆς ἐπιτροπῆς ἐργασία (τῶν ἐτῶν 1902 - 1904),Appendix to Volume 29. Work of the Biological Committee (years 1902 - 1904),Π. Παπανικολάου,P. Papanikolaou,"Papanikolaou, P.",,"Ἀδενοκαρκίνωμα τοῦ φάρυγγος μετὰ ὠτικῶν ἐνοχλήσεων, αἱμοπτυσμῶν καὶ δυσπνοίας","Adenocarcinoma of the pharynx with ear discomfort, hemoptysis and dyspnea",σ. 75,,Medicine,False
image_0231_left.png,Journal Article,ΤΟΜΟΣ ΚΘ' (1907),VOLUME 29 (1907),Παράρτημα ΚΘ' τόμου. Βιολογικῆς ἐπιτροπῆς ἐργασία (τῶν ἐτῶν 1902 - 1904),Appendix to Volume 29. Work of the Biological Committee (years 1902 - 1904),Π. Παπανικολάου,P. Papanikolaou,"Papanikolaou, P.",,Ἡ γρίππη παρ' ἡμῖν,Influenza among us,σ. 76,,Medicine,False
image_0231_left.png,Journal Article,ΤΟΜΟΣ ΚΘ' (1907),VOLUME 29 (1907),Παράρτημα ΚΘ' τόμου. Βιολογικῆς ἐπιτροπῆς ἐργασία (τῶν ἐτῶν 1902 - 1904),Appendix to Volume 29. Work of the Biological Committee (years 1902 - 1904),Α. Γαβριηλίδου,A. Gavriilidou,"Gavriilidou, A.",,Περίπτωσις τῆς νόσου τῶν τριχῶν Piedra. Περίπτωσις στικτῆς κερατίτιδος,A case of the hair disease Piedra. A case of punctate keratitis,σ. 77,,Medicine,False
image_0231_left.png,Journal Article,ΤΟΜΟΣ ΚΘ' (1907),VOLUME 29 (1907),Παράρτημα ΚΘ' τόμου. Βιολογικῆς ἐπιτροπῆς ἐργασία (τῶν ἐτῶν 1902 - 1904),Appendix to Volume 29. Work of the Biological Committee (years 1902 - 1904),Δ. Ἀντίπα,D. Antipa,"Antipa, D.",,Κήλη δεξιὰ μετὰ σκωληκοειδίτιδος,Right hernia with appendicitis,σ. 80,,Medicine,False
image_0231_left.png,Journal Article,ΤΟΜΟΣ ΚΘ' (1907),VOLUME 29 (1907),Παράρτημα ΚΘ' τόμου. Βιολογικῆς ἐπιτροπῆς ἐργασία (τῶν ἐτῶν 1902 - 1904),Appendix to Volume 29. Work of the Biological Committee (years 1902 - 1904),Α. Κρητικοῦ,A. Kritikou,"Kritikou, A.",,Περὶ παροξυστικῆς ταχυκαρδίας,On paroxysmal tachycardia,σ. 84,,Medicine,False
image_0231_left.png,Journal Article,ΤΟΜΟΣ ΚΘ' (1907),VOLUME 29 (1907),Παράρτημα ΚΘ' τόμου. Βιολογικῆς ἐπιτροπῆς ἐργασία (τῶν ἐτῶν 1902 - 1904),Appendix to Volume 29. Work of the Biological Committee (years 1902 - 1904),Π. Ἰατροπούλου,P. Iatropoulou,"Iatropoulou, P.",,Περὶ θεραπείας τῆς ἀποκολλήσεως τοῦ ἀμφιβληστροειδοῦς,On the treatment of retinal detachment,σ. 87,,Medicine,False
image_0231_left.png,Journal Article,ΤΟΜΟΣ ΚΘ' (1907),VOLUME 29 (1907),Παράρτημα ΚΘ' τόμου. Βιολογικῆς ἐπιτροπῆς ἐργασία (τῶν ἐτῶν 1902 - 1904),Appendix to Volume 29. Work of the Biological Committee (years 1902 - 1904),Στ. Μαναήλογλου,St. Manailoglou,"Manailoglou, St.",,Αἱμορραγικὴ κυστίτις ἐκ γρίππης,Hemorrhagic cystitis from influenza,σ. 94,,Medicine,False
image_0231_left.png,Journal Article,ΤΟΜΟΣ ΚΘ' (1907),VOLUME 29 (1907),Παράρτημα ΚΘ' τόμου. Βιολογικῆς ἐπιτροπῆς ἐργασία (τῶν ἐτῶν 1902 - 1904),Appendix to Volume 29. Work of the Biological Committee (years 1902 - 1904),Π. Παπανικολάου,P. Papanikolaou,"Papanikolaou, P.",,Ἀλλοιώσεις τῶν ἀναπνευστικῶν ὁδῶν ἐπὶ ἰλαρᾶς,Alterations of the respiratory tract in measles,σ. 96,,Medicine,False
image_0231_left.png,Journal Article,ΤΟΜΟΣ ΚΘ' (1907),VOLUME 29 (1907),Παράρτημα ΚΘ' τόμου. Βιολογικῆς ἐπιτροπῆς ἐργασία (τῶν ἐτῶν 1902 - 1904),Appendix to Volume 29. Work of the Biological Committee (years 1902 - 1904),Τ. Σγουρδαίου,T. Sgourdaiou,"Sgourdaiou, T.",,Περὶ ἀποστημάτων τοῦ ἥπατος,On liver abscesses,σ. 98,,Medicine,False
image_0231_left.png,Journal Article,ΤΟΜΟΣ ΚΘ' (1907),VOLUME 29 (1907),Παράρτημα ΚΘ' τόμου. Βιολογικῆς ἐπιτροπῆς ἐργασία (τῶν ἐτῶν 1902 - 1904),Appendix to Volume 29. Work of the Biological Committee (years 1902 - 1904),Φ. Φωτιάδου καὶ Δ. Μανουηλίδου,F. Fotiadou and D. Manouilidou,"Fotiadou, F.; Manouilidou, D.",,Ψευδοπρομηκικὴ παράλυσις,Pseudobulbar palsy,σ. 99,,Medicine,False
image_0231_left.png,Journal Article,ΤΟΜΟΣ ΚΘ' (1907),VOLUME 29 (1907),Παράρτημα ΚΘ' τόμου. Βιολογικῆς ἐπιτροπῆς ἐργασία (τῶν ἐτῶν 1902 - 1904),Appendix to Volume 29. Work of the Biological Committee (years 1902 - 1904),Δ. Ἀντίπα,D. Antipa,"Antipa, D.",,Ὑπερτροφικὴ φυματίωσις τοῦ λεπτοῦ ἐντέρου,Hypertrophic tuberculosis of the small intestine,σ. 103,,Medicine,False
image_0231_left.png,Journal Article,ΤΟΜΟΣ ΚΘ' (1907),VOLUME 29 (1907),Παράρτημα ΚΘ' τόμου. Βιολογικῆς ἐπιτροπῆς ἐργασία (τῶν ἐτῶν 1902 - 1904),Appendix to Volume 29. Work of the Biological Committee (years 1902 - 1904),Δ. Φιλιππίδου,D. Filippidou,"Filippidou, D.",,Περίπτωσις σκωληκοειδίτιδος,A case of appendicitis,σ. 110,,Medicine,False
image_0231_left.png,Journal Article,ΤΟΜΟΣ ΚΘ' (1907),VOLUME 29 (1907),Παράρτημα ΚΘ' τόμου. Βιολογικῆς ἐπιτροπῆς ἐργασία (τῶν ἐτῶν 1902 - 1904),Appendix to Volume 29. Work of the Biological Committee (years 1902 - 1904),Τ. Σγουρδαίου,T. Sgourdaiou,"Sgourdaiou, T.",,Ὄγκος κακοήθης τῆς ὠμοπλάτης,Malignant tumor of the scapula,σ. 118,,Medicine,False
image_0231_right.png,Journal Article,ΤΟΜΟΣ ΚΘ' (1907),VOLUME 29 (1907),Παράρτημα ΚΘ' τόμου. Βιολογικῆς ἐπιτροπῆς ἐργασία (τῶν ἐτῶν 1902 - 1904),Appendix to Volume 29. Work of the Biological Committee (years 1902 - 1904),Λ. Λιμαράκη,L. Limarakis,"Limarakis, L.",,Περὶ ἐρυθρᾶς,On erysipelas,σ. 112,,Medicine,False
image_0231_right.png,Journal Article,ΤΟΜΟΣ ΚΘ' (1907),VOLUME 29 (1907),Παράρτημα ΚΘ' τόμου. Βιολογικῆς ἐπιτροπῆς ἐργασία (τῶν ἐτῶν 1902 - 1904),Appendix to Volume 29. Work of the Biological Committee (years 1902 - 1904),Γ. Νούλη,G. Noulis,"Noulis, G.",,Διφθερῖτις παρ' ἐγκύοις γυναιξίν,Diphtheria in pregnant women,σ. 114,,Medicine,False
image_0231_right.png,Journal Article,ΤΟΜΟΣ ΚΘ' (1907),VOLUME 29 (1907),Παράρτημα ΚΘ' τόμου. Βιολογικῆς ἐπιτροπῆς ἐργασία (τῶν ἐτῶν 1902 - 1904),Appendix to Volume 29. Work of the Biological Committee (years 1902 - 1904),Π. Ἰατροπούλου,P. Iatropoulos,"Iatropoulos, P.",,Ἡ ὠχρὰ ἀλοιφὴ ἐν τῇ ὀφθαλμιατρικῇ,Yellow ointment in ophthalmology,σ. 117,,Medicine,False
image_0231_right.png,Journal Article,ΤΟΜΟΣ ΚΘ' (1907),VOLUME 29 (1907),Παράρτημα ΚΘ' τόμου. Βιολογικῆς ἐπιτροπῆς ἐργασία (τῶν ἐτῶν 1902 - 1904),Appendix to Volume 29. Work of the Biological Committee (years 1902 - 1904),Π. Κελαϊδίτου,P. Kelaiditos,"Kelaiditos, P.",,Γενεαλογία δύο περιπτώσεων συφιλίδος,Genealogy of two cases of syphilis,σ. 118,,Medicine,False
image_0231_right.png,Journal Article,ΤΟΜΟΣ ΚΘ' (1907),VOLUME 29 (1907),Παράρτημα ΚΘ' τόμου. Βιολογικῆς ἐπιτροπῆς ἐργασία (τῶν ἐτῶν 1902 - 1904),Appendix to Volume 29. Work of the Biological Committee (years 1902 - 1904),Ε. Τσούχλου,E. Tsouchlou,"Tsouchlou, E.",,Περίπτωσις πνευματικῆς περιτονίτιδος,A case of pneumococcal peritonitis,σ. 121,,Medicine,False
image_0231_right.png,Journal Article,ΤΟΜΟΣ ΚΘ' (1907),VOLUME 29 (1907),Παράρτημα ΚΘ' τόμου. Βιολογικῆς ἐπιτροπῆς ἐργασία (τῶν ἐτῶν 1902 - 1904),Appendix to Volume 29. Work of the Biological Committee (years 1902 - 1904),Η. Μακρῆ,I. Makris,"Makris, I.",,Ὀργανικὴ ἡμιπληγία παρὰ γενικῷ παραλυτικῷ μετὰ φυσιολογικῆς πνευματικῆς ἀνακλάσεως,Organic hemiplegia in a general paralytic with normal pneumogastric reflex,σ. 123,,Medicine,False
image_0231_right.png,Journal Article,ΤΟΜΟΣ ΚΘ' (1907),VOLUME 29 (1907),Παράρτημα ΚΘ' τόμου. Βιολογικῆς ἐπιτροπῆς ἐργασία (τῶν ἐτῶν 1902 - 1904),Appendix to Volume 29. Work of the Biological Committee (years 1902 - 1904),Π. Ἀπέρη,P. Aperis,"Aperis, P.",,Ἡ ὠχρὰ ἀλοιφὴ,Yellow ointment,σ. 124,,Medicine,False
image_0231_right.png,Journal Article,ΤΟΜΟΣ ΚΘ' (1907),VOLUME 29 (1907),Παράρτημα ΚΘ' τόμου. Βιολογικῆς ἐπιτροπῆς ἐργασία (τῶν ἐτῶν 1902 - 1904),Appendix to Volume 29. Work of the Biological Committee (years 1902 - 1904),Δ. Φιλιππίδου,D. Filippidis,"Filippidis, D.",,Ἐγκεφαλονωτιαία μηνιγγῖτις ἰαθεῖσα δι' ὀσφυϊκῆς παρακεντήσεως,Cerebrospinal meningitis cured by lumbar puncture,σ. 129,,Medicine,False
image_0231_right.png,Journal Article,ΤΟΜΟΣ ΚΘ' (1907),VOLUME 29 (1907),Παράρτημα ΚΘ' τόμου. Βιολογικῆς ἐπιτροπῆς ἐργασία (τῶν ἐτῶν 1902 - 1904),Appendix to Volume 29. Work of the Biological Committee (years 1902 - 1904),Η. Μακρῆ,I. Makris,"Makris, I.",,Ὀργανικὴ ἡμιπληγία μετὰ φυσιολογ. πελματικῆς ἀνακλάσεως,Organic hemiplegia with normal plantar reflex,σ. 128,,Medicine,False
image_0231_right.png,Journal Article,ΤΟΜΟΣ Λ' (1908),VOLUME 30 (1908),,,Λ. Λιμαράκη,L. Limarakis,"Limarakis, L.",,Ἡ παρὰ τοῖς ἀρχαίοις Ἀθηναίοις ὑπὲρ τῶν πτωχῶν καὶ πενήτων μέριμνα,The care for the poor and needy among the ancient Athenians,σ. 106,,"History, Sociology",False
image_0231_right.png,Journal Article,ΤΟΜΟΣ Λ' (1908),VOLUME 30 (1908),,,Δ. Οἰκονομίδου,D. Oikonomidis,"Oikonomidis, D.",,Ἐπίδρασις τοῦ ἀρχαίου ἑλληνικοῦ πνεύματος ἐπὶ τὸ Ρωμαϊκόν,Influence of the ancient Greek spirit on the Roman,σ. 107-116,,"History, Classics",False
image_0231_right.png,Journal Article,ΤΟΜΟΣ Λ' (1908),VOLUME 30 (1908),,,Α. Χρηστίδου,A. Christidis,"Christidis, A.",,Περὶ φυτικῆς καὶ ζωϊκῆς διαίτης καὶ τῆς σπουδαιότητος αὐτῆς ἐν ὑγείᾳ καὶ ἀσθενείᾳ πάλαι τε καὶ νῦν,On plant and animal diet and its importance in health and disease in the past and present,σ. 117-138,,"Medicine, History of Medicine",False
image_0231_right.png,Journal Article,ΤΟΜΟΣ Λ' (1908),VOLUME 30 (1908),,,Henry Houssaye,Henry Houssaye,"Houssaye, Henry",,Περὶ τῆς σημασίας τῶν ἑλληνικῶν γραμμάτων,On the significance of Greek letters,σ. 138-140,,"Philology, Literature",False
image_0231_right.png,Journal Article,ΤΟΜΟΣ Λ' (1908),VOLUME 30 (1908),,,Ι. Ἀσπριώτου,I. Aspriotis,"Aspriotis, I.",,Δύο χωρία τῶν Ἱκετίδων τοῦ Αἰσχύλου καὶ μία ᾠδὴ τῆς Σαπφοῦς,Two passages from Aeschylus' Suppliants and an ode by Sappho,σ. 141-144,,"Philology, Classics",False
image_0231_right.png,Journal Article,ΤΟΜΟΣ Λ' (1908),VOLUME 30 (1908),,,Ι. Μηλιοπούλου,I. Miliopoulos,"Miliopoulos, I.",,Προϊστορικαὶ μελέται περὶ Χαλκηδόνος,Prehistoric studies on Chalcedon,σ. 145-154,,"Archaeology, History",False
image_0231_right.png,Journal Article,ΤΟΜΟΣ Λ' (1908),VOLUME 30 (1908),,,Κ. Ζέγγελη,K. Zengelis,"Zengelis, K.",,Τὸ μέταλλον τῶν ἀρχαίων σφραγίδων,The metal of ancient seals,σ. 154-156,,"Archaeology, Chemistry",False
image_0231_right.png,Journal Article,ΤΟΜΟΣ Λ' (1908),VOLUME 30 (1908),,,Δ. Οἰκονομίδου,D. Oikonomidis,"Oikonomidis, D.",,Ὑπόμνημα περὶ συντάξεως λεξικοῦ τῆς δημοτ. γλώσσης,Memorandum on the compilation of a dictionary of the demotic language,σ. 157-164,,Linguistics,False
image_0231_right.png,Journal Article,ΤΟΜΟΣ Λ' (1908),VOLUME 30 (1908),,,Ι. Ἀσπριώτου,I. Aspriotis,"Aspriotis, I.",,Ἑρμηνευτικὰ καὶ κριτικά,Interpretative and critical notes,σ. 165-169,,Philology,False
image_0231_right.png,Journal Article,ΤΟΜΟΣ Λ' (1908),VOLUME 30 (1908),,,Α. Κοπάση,A. Kopasis,"Kopasis, A.",,Ὁ Ἄραψ ἱστορικὸς Ἐμποῦ-Ἰσχάκ-Ἐν-Νεδὴμ περὶ τῶν ἑλλην. γραμμάτων,The Arab historian Abu Ishaq al-Nadim on Greek letters,σ. 170-181,,"History, Philology",False
image_0231_right.png,Journal Article,ΤΟΜΟΣ Λ' (1908),VOLUME 30 (1908),,,Ξ. Σιδερίδου,X. Sideridis,"Sideridis, X.",,Περί τινος ἀντιγράφου τοῦ Νομοκάνονος Μανουὴλ Μαλαξοῦ,On a copy of the Nomocanon of Manuel Malaxos,σ. 182-205,,"Law, History",False
image_0231_right.png,Journal Article,ΤΟΜΟΣ Λ' (1908),VOLUME 30 (1908),,,Λ. Λιμαράκη,L. Limarakis,"Limarakis, L.",,Περὶ ὑγιεινῆς τῶν σχολῶν,On school hygiene,σ. 206-209,,"Medicine, Education",False
image_0231_right.png,Journal Article,ΤΟΜΟΣ Λ' (1908),VOLUME 30 (1908),,,Αρ. Δημοπούλου,Ar. Dimopoulos,"Dimopoulos, Ar.",,Περὶ δικαστικῆς ἐξουσίας τοῦ κλήρου παρὰ Βυζαντινοῖς,On the judicial authority of the clergy among the Byzantines,σ. 209-214,,"History, Law, Theology",False
image_0231_right.png,Journal Article,ΤΟΜΟΣ Λ' (1908),VOLUME 30 (1908),,,Ι. Μηλιοπούλου,I. Miliopoulos,"Miliopoulos, I.",,Ποῦ ἔκειντο τὰ Ὀνωράτου,Where Honoratus was located,σ. 215-217,,"History, Geography",False
image_0231_right.png,Journal Article,ΤΟΜΟΣ Λ' (1908),VOLUME 30 (1908),,,Ξ. Σιδερίδου,X. Sideridis,"Sideridis, X.",,Σημείωσις ἐπὶ τῆς ἀνωτέρω πραγματείας,Note on the above treatise,σ. 217-219,,"History, Geography",False
image_0231_right.png,Journal Article,ΤΟΜΟΣ ΛΑ' (1909),VOLUME 31 (1909),,,,,,,Δραματικὸς ἀγὼν τοῦ Ἑλλ. Φιλολ. Συλλόγου,Dramatic competition of the Greek Philological Society,σ. 58-59,,Literature,False
image_0231_right.png,Journal Article,ΤΟΜΟΣ ΛΑ' (1909),VOLUME 31 (1909),,,,,,,Ἀγὼν ὑγιεινῶν παραγγελμάτων,Competition of health precepts,σ. 59,,Medicine,False
image_0231_right.png,Journal Article,ΤΟΜΟΣ ΛΑ' (1909),VOLUME 31 (1909),,,,,,,Νομικὸν διαγώνισμα,Legal competition,σ. 59-60,,Law,False
image_0231_right.png,Journal Article,ΤΟΜΟΣ ΛΑ' (1909),VOLUME 31 (1909),,,Δ. Βαρσάμη,D. Varsamis,"Varsamis, D.",,Ἔκθεσις τῆς Ἑλλανοδίκου Ἐπιτροπῆς ἐπὶ τοῦ διαγωνισμοῦ τῆς Ὑγιεινῆς τῶν μαθητῶν ὑπὸ Δ. Βαρσάμη εἰσηγητοῦ,"Report of the Hellenodic Committee on the competition for the Hygiene of students by D. Varsamis, rapporteur",σ. 60-71,,"Medicine, Education",False
image_0231_right.png,Journal Article,ΤΟΜΟΣ ΛΑ' (1909),VOLUME 31 (1909),,,Λ. Λιμαράκη,L. Limarakis,"Limarakis, L.",,"Λογοδοσία τῶν κατὰ τὸ ΜΖ' συλλογικὸν ἔτος (1907-8) πεπραγμένων ἐν τῷ Συλλόγῳ, ἀναγνωσθεῖσα ὑπὸ τοῦ προέδρου Λ. Λιμαράκη","Report of the proceedings during the 47th society year (1907-8) in the Society, read by the president L. Limarakis",σ. 71-78,,History,False
image_0231_right.png,Journal Article,ΤΟΜΟΣ ΛΑ' (1909),VOLUME 31 (1909),,,Π. Παπακωνσταντίνου,P. Papakonstantinou,"Papakonstantinou, P.",,Πινδαρικὸν Ὀλύμπιον καὶ ὁ ἐν αὐτῷ ἐξυμνούμενος Θήρων,Pindaric Olympian and Theron praised in it,σ. 89-96,,"Philology, Classics",False
image_0231_right.png,Journal Article,ΤΟΜΟΣ ΛΑ' (1909),VOLUME 31 (1909),,,Ξ. Σιδερίδου,X. Sideridis,"Sideridis, X.",,Ἀκρίτας. Ἀνακοίνωσις γενομένη ἐν τῷ ἀρχαιολογικῷ τμήματι,Akritas. Communication made in the archaeological department,σ. 90-101,,"Archaeology, History",False
image_0232_left.png,Journal Article,ΤΟΜΟΣ ΛΑ' (1909),VOLUME 31 (1909),,,Ξ. Σιδερίδου,X. Sideridou,"Sideridou, X.",,«Βασίλειος Ποστέλνικος». Ἀνακοίνωσις γενομένη ἐν τῷ ἀρχαιολογ. τμήματι,"""Vasileios Postelnikos"". Announcement made in the archaeological department",101-107,,"Archaeology, History",False
image_0232_left.png,Journal Article,ΤΟΜΟΣ ΛΑ' (1909),VOLUME 31 (1909),,,Ξ. Σιδερίδου,X. Sideridou,"Sideridou, X.",,«Τοπογραφικὰ τοῦ μεγάλου Παλατίου καὶ τοῦ Ἱπποδρομίου». Ἀνακοίνωσις ἐν τῷ ἀρχαιολ. τμήματι,"""Topography of the Great Palace and the Hippodrome"". Announcement in the archaeological department",107-112,,"Archaeology, Topography",False
image_0232_left.png,Journal Article,ΤΟΜΟΣ ΛΑ' (1909),VOLUME 31 (1909),,,Ι. Μηλιοπούλου,I. Miliopoulou,"Miliopoulou, I.",,«Εξακρίβωσις Βυζαντινῶν τοποθεσιῶν» Ἀνακοίνωσις γενομένη ἐν συνεδρίᾳ τοῦ ἀρχαιολογ. τμήματος,"""Verification of Byzantine locations"" Announcement made in a session of the archaeological department",112-119,,"Archaeology, Topography, Byzantine Studies",False
image_0232_left.png,Journal Article,ΤΟΜΟΣ ΛΑ' (1909),VOLUME 31 (1909),,,Ἰωάννης Ζωγραφάκης,Ioannis Zografakis,"Zografakis, Ioannis",,"Γλωσσικὴ ὕλη ἐκ Κρήτης, συλλεγεῖσα ὑπὸ Ἰωάννου Ζωγραφάκη","Linguistic material from Crete, collected by Ioannis Zografakis",119-201,,Linguistics,False
image_0232_left.png,Journal Article,ΤΟΜΟΣ ΛΑ' (1909),VOLUME 31 (1909),Παράρτημα τοῦ ΛΑ' τόμου (1909) - Πρακτικὰ τῶν ἐκπαιδευτικῶν συνεδριῶν τοῦ Φιλ. Συλλόγου (1907-1908),Appendix of Volume 31 (1909) - Proceedings of the educational conferences of the Philological Society (1907-1908),Θ. Φλωρᾶ,Th. Flora,"Flora, Th.",,Περὶ τῆς ὑγιεινῆς τῶν σχολείων,On the hygiene of schools,3-24,,"Education, Public Health",False
image_0232_left.png,Journal Article,ΤΟΜΟΣ ΛΑ' (1909),VOLUME 31 (1909),Παράρτημα τοῦ ΛΑ' τόμου (1909) - Πρακτικὰ τῶν ἐκπαιδευτικῶν συνεδριῶν τοῦ Φιλ. Συλλόγου (1907-1908),Appendix of Volume 31 (1909) - Proceedings of the educational conferences of the Philological Society (1907-1908),Θ. Φλωρᾶ,Th. Flora,"Flora, Th.",,Συζητήσεις καὶ συμπεράσματα,Discussions and conclusions,24-78,,"Education, Public Health",False
image_0232_left.png,Journal Article,ΤΟΜΟΣ ΛΑ' (1909),VOLUME 31 (1909),Παράρτημα τοῦ ΛΑ' τόμου (1909) - Πρακτικὰ τῶν ἐκπαιδευτικῶν συνεδριῶν τοῦ Φιλ. Συλλόγου (1907-1908),Appendix of Volume 31 (1909) - Proceedings of the educational conferences of the Philological Society (1907-1908),Χ. Πανταζίδου,Ch. Pantazidou,"Pantazidou, Ch.",,Τίνες αἱ παρατηρούμεναι κυριώτεραι ἐλλείψεις τῆς διδασκαλίας τῶν Ἑλλήνων συγγραφέων ἐν τῇ μέσῃ παιδεύσει,What are the main observed shortcomings of the teaching of Greek authors in secondary education,79-100,,"Education, Philology",False
image_0232_left.png,Journal Article,ΤΟΜΟΣ ΛΑ' (1909),VOLUME 31 (1909),Παράρτημα τοῦ ΛΑ' τόμου (1909) - Πρακτικὰ τῶν ἐκπαιδευτικῶν συνεδριῶν τοῦ Φιλ. Συλλόγου (1907-1908),Appendix of Volume 31 (1909) - Proceedings of the educational conferences of the Philological Society (1907-1908),Χ. Πανταζίδου,Ch. Pantazidou,"Pantazidou, Ch.",,Συζητήσεις καὶ συμπεράσματα,Discussions and conclusions,100-142,,"Education, Philology",False
image_0232_left.png,Journal Article,ΤΟΜΟΣ ΛΑ' (1909),VOLUME 31 (1909),Παράρτημα τοῦ ΛΑ' τόμου (1909) - Πρακτικὰ τῶν ἐκπαιδευτικῶν συνεδριῶν τοῦ Φιλ. Συλλόγου (1907-1908),Appendix of Volume 31 (1909) - Proceedings of the educational conferences of the Philological Society (1907-1908),Ν. Δ. Καπετανάκη,N. D. Kapetanaki,"Kapetanaki, N. D.",,Περὶ τῆς πρώτης παιδεύσεως καὶ τῆς ἐν τοῖς δημοτ. σχολείοις διδασκαλίας τῶν ξένων γλωσσῶν,On primary education and the teaching of foreign languages in public schools,143-178,,"Education, Linguistics",False
image_0232_left.png,Journal Article,ΤΟΜΟΣ ΛΑ' (1909),VOLUME 31 (1909),Παράρτημα τοῦ ΛΑ' τόμου (1909) - Πρακτικὰ τῶν ἐκπαιδευτικῶν συνεδριῶν τοῦ Φιλ. Συλλόγου (1907-1908),Appendix of Volume 31 (1909) - Proceedings of the educational conferences of the Philological Society (1907-1908),Ν. Δ. Καπετανάκη,N. D. Kapetanaki,"Kapetanaki, N. D.",,Συζητήσεις καὶ συμπεράσματα,Discussions and conclusions,178-206,,"Education, Linguistics",False
image_0232_left.png,Journal Article,ΤΟΜΟΣ ΛΒ' (1911),VOLUME 32 (1911),,,Γ. Ἀποστολίδου,G. Apostolidou,"Apostolidou, G.",,Α' Δραματικὸς ἀγὼν τοῦ Ἑλλ. Φιλολ. Συλλόγου (1909) (κρίσις),1st Dramatic contest of the Hellenic Philological Society (1909) (judgment),79-180,,"Literature, Philology",False
image_0232_left.png,Journal Article,ΤΟΜΟΣ ΛΒ' (1911),VOLUME 32 (1911),,,Δ. Μ. Σάρρου,D. M. Sarrou,"Sarrou, D. M.",,Β' Δραματικὸς ἀγὼν (1910) (κρίσις),2nd Dramatic contest (1910) (judgment),90-108,,"Literature, Philology",False
image_0232_left.png,Journal Article,ΤΟΜΟΣ ΛΒ' (1911),VOLUME 32 (1911),,,Β. Ρίτσου,V. Ritsou,"Ritsou, V.",,Ὁ Βυζαντινὸς Ἑλληνισμὸς καὶ ἡ σύγχρονος κριτική,Byzantine Hellenism and modern criticism,111-119,,"Byzantine Studies, History, Philology",False
image_0232_left.png,Journal Article,ΤΟΜΟΣ ΛΒ' (1911),VOLUME 32 (1911),,,Ξ. Σιδερίδου,X. Sideridou,"Sideridou, X.",,Βυζαντινὴ ἐπιγραφὴ ἐν Ἀριτσοῦ,Byzantine inscription in Aritsou,119-132,,"Epigraphy, Byzantine Studies",False
image_0232_left.png,Journal Article,ΤΟΜΟΣ ΛΒ' (1911),VOLUME 32 (1911),,,Ξ. Σιδερίδου,X. Sideridou,"Sideridou, X.",,Ἐπιτύμβια ἐξ Ἀργυρουπόλεως (Φουντουκλῆ),Epitaphs from Argyroupolis (Fountoukli),132-138,,"Epigraphy, Archaeology",False
image_0232_left.png,Journal Article,ΤΟΜΟΣ ΛΒ' (1911),VOLUME 32 (1911),,,Γ. Ἀσπριώτου,G. Aspriotou,"Aspriotou, G.",,Ὁ μῦθος ἐν τῷ δράματι,The myth in drama,138-145,,"Literature, Philology",False
image_0232_left.png,Journal Article,ΤΟΜΟΣ ΛΒ' (1911),VOLUME 32 (1911),,,Δημ. Γαλανοῦ,Dim. Galanou,"Galanou, Dim.",,"Ὁ Ἕλλην Ἰνδολόγος, ὑπὸ τοῦ κ. Ι. Γενναδίου","The Greek Indologist, by Mr. I. Gennadios",145-152,,"Philology, History",False
image_0232_left.png,Journal Article,ΤΟΜΟΣ ΛΒ' (1911),VOLUME 32 (1911),,,Μ. Αὐθεντοπούλου,M. Aythentopoulou,"Aythentopoulou, M.",,Λόγος ἐπιμνημόσυνος εἰς Θεμιστοκλέα Σαλτέλην,Memorial speech for Themistoklis Saltelis,153-160,,"History, Biography",False
image_0232_left.png,Journal Article,ΤΟΜΟΣ ΛΒ' (1911),VOLUME 32 (1911),,,Κ. Μακρῆ,K. Makri,"Makri, K.",,"Συμβολαὶ εἰς τὴν τοπογραφίαν, ἱστορίαν καὶ ἀρχαιολογίαν τῆς πόλεως Κυζίκου","Contributions to the topography, history and archaeology of the city of Kyzikos",160-178,,"Topography, History, Archaeology",False
image_0232_left.png,Journal Article,ΤΟΜΟΣ ΛΒ' (1911),VOLUME 32 (1911),Παράρτημα τοῦ ΛΒ' τόμου (1909) - Πρακτικὰ τῶν ἐκπαιδευτικῶν συνεδριῶν τοῦ Φιλ. Συλλόγου (1908-1909),Appendix of Volume 32 (1909) - Proceedings of the educational conferences of the Philological Society (1908-1909),Δ. Ζαμαρίου,D. Zamariou,"Zamariou, D.",,Ἡ διδασκαλία τῆς Ἑλληνικῆς εἰς τοὺς ξενοφώνους Ἕλληνας,The teaching of Greek to foreign-speaking Greeks,5-18,,"Education, Linguistics",False
image_0232_left.png,Journal Article,ΤΟΜΟΣ ΛΒ' (1911),VOLUME 32 (1911),Παράρτημα τοῦ ΛΒ' τόμου (1909) - Πρακτικὰ τῶν ἐκπαιδευτικῶν συνεδριῶν τοῦ Φιλ. Συλλόγου (1908-1909),Appendix of Volume 32 (1909) - Proceedings of the educational conferences of the Philological Society (1908-1909),Δ. Ζαμαρίου,D. Zamariou,"Zamariou, D.",,Ἡ ἐπ' αὐτῆς συζήτησις καὶ τὰ συμπεράσματα,The discussion on it and the conclusions,18-28,,"Education, Linguistics",False
image_0232_left.png,Journal Article,ΤΟΜΟΣ ΛΒ' (1911),VOLUME 32 (1911),Παράρτημα τοῦ ΛΒ' τόμου (1909) - Πρακτικὰ τῶν ἐκπαιδευτικῶν συνεδριῶν τοῦ Φιλ. Συλλόγου (1908-1909),Appendix of Volume 32 (1909) - Proceedings of the educational conferences of the Philological Society (1908-1909),Α. Κρητικοῦ,A. Kritikou,"Kritikou, A.",,Ἡ διδασκαλία τῆς γυμναστικῆς εἰς τὰ παρ' ἡμῖν σχολεῖα,The teaching of gymnastics in our schools,29-40,,"Education, Physical Education",False
image_0232_left.png,Journal Article,ΤΟΜΟΣ ΛΒ' (1911),VOLUME 32 (1911),Παράρτημα τοῦ ΛΒ' τόμου (1909) - Πρακτικὰ τῶν ἐκπαιδευτικῶν συνεδριῶν τοῦ Φιλ. Συλλόγου (1908-1909),Appendix of Volume 32 (1909) - Proceedings of the educational conferences of the Philological Society (1908-1909),Α. Κρητικοῦ,A. Kritikou,"Kritikou, A.",,Ἡ ἐπ' αὐτῆς συζήτησις καὶ τὰ συμπεράσματα,The discussion on it and the conclusions,40-49,,"Education, Physical Education",False
image_0232_left.png,Journal Article,ΤΟΜΟΣ ΛΒ' (1911),VOLUME 32 (1911),Παράρτημα τοῦ ΛΒ' τόμου (1909) - Πρακτικὰ τῶν ἐκπαιδευτικῶν συνεδριῶν τοῦ Φιλ. Συλλόγου (1908-1909),Appendix of Volume 32 (1909) - Proceedings of the educational conferences of the Philological Society (1908-1909),Δ. Δαμασκηνοῦ,D. Damaskinou,"Damaskinou, D.",,Ἡ εἰσαγωγὴ τῆς χειροτεχνίας εἰς τὰς παρ' ἡμῖν σχολὰς τῆς πρώτης παιδεύσεως,The introduction of handicrafts in our primary schools,50-72,,Education,False
image_0232_left.png,Journal Article,ΤΟΜΟΣ ΛΒ' (1911),VOLUME 32 (1911),Παράρτημα τοῦ ΛΒ' τόμου (1909) - Πρακτικὰ τῶν ἐκπαιδευτικῶν συνεδριῶν τοῦ Φιλ. Συλλόγου (1908-1909),Appendix of Volume 32 (1909) - Proceedings of the educational conferences of the Philological Society (1908-1909),Δ. Δαμασκηνοῦ,D. Damaskinou,"Damaskinou, D.",,Ἡ ἐπ' αὐτῆς συζήτησις καὶ τὰ συμπεράσματα,The discussion on it and the conclusions,72-77,,Education,False
image_0232_left.png,Journal Article,ΤΟΜΟΣ ΛΒ' (1911),VOLUME 32 (1911),Παράρτημα τοῦ ΛΒ' τόμου (1909) - Πρακτικὰ τῶν ἐκπαιδευτικῶν συνεδριῶν τοῦ Φιλ. Συλλόγου (1908-1909),Appendix of Volume 32 (1909) - Proceedings of the educational conferences of the Philological Society (1908-1909),Ι. Παπαδοπούλου,I. Papadopoulou,"Papadopoulou, I.",,Ἡ διδασκαλία τῆς Βυζαντινῆς καὶ νεωτέρας λογοτεχνίας εἰς τὰς σχολὰς τῆς μέσης ἐκπαιδεύσεως.,The teaching of Byzantine and modern literature in secondary schools.,78-86,,"Education, Literature, Byzantine Studies",False
image_0232_left.png,Journal Article,ΤΟΜΟΣ ΛΒ' (1911),VOLUME 32 (1911),Παράρτημα τοῦ ΛΒ' τόμου (1909) - Πρακτικὰ τῶν ἐκπαιδευτικῶν συνεδριῶν τοῦ Φιλ. Συλλόγου (1908-1909),Appendix of Volume 32 (1909) - Proceedings of the educational conferences of the Philological Society (1908-1909),Ι. Παπαδοπούλου,I. Papadopoulou,"Papadopoulou, I.",,Ἡ ἐπ' αὐτῆς συζήτησις καὶ τὰ συμπεράσματα,The discussion on it and the conclusions,87-100,,"Education, Literature, Byzantine Studies",False
image_0232_right.png,Journal Article,ΤΟΜΟΣ ΛΒ' (1911),VOLUME 32 (1911),Παράρτημα τοῦ ΛΒ' τόμου (1909) - Πρακτικὰ τῶν ἐκπαιδευτικῶν συνεδριῶν τοῦ Φιλ. Συλλόγου (1908-1909),Appendix to Volume 32 (1909) - Proceedings of the Educational Conferences of the Philological Society (1908-1909),Μ. Αὐθεντοπούλου,M. Authentopoulou,"Authentopoulou, M.",,Ἡ ἐνίσχυσις τῆς διδασκαλίας τῆς φιλοσοφικῆς προπαιδείας ἐν τοῖς παρ' ἡμῖν σχολείοις τῆς μέσης παιδεύσεως,The strengthening of the teaching of philosophical propaedeutics in our secondary education schools,101-113,,"Education, Philosophy",False
image_0232_right.png,Journal Article,ΤΟΜΟΣ ΛΒ' (1911),VOLUME 32 (1911),Παράρτημα τοῦ ΛΒ' τόμου (1909) - Πρακτικὰ τῶν ἐκπαιδευτικῶν συνεδριῶν τοῦ Φιλ. Συλλόγου (1908-1909),Appendix to Volume 32 (1909) - Proceedings of the Educational Conferences of the Philological Society (1908-1909),Μ. Αὐθεντοπούλου,M. Authentopoulou,"Authentopoulou, M.",,Ἡ ἐπ' αὐτῆς συζήτησις καὶ τὰ συμπεράσματα,The discussion on it and the conclusions,113-127,,"Education, Philosophy",False
image_0232_right.png,Journal Article,ΤΟΜΟΣ ΛΓ' (1914),VOLUME 33 (1914),,,,,,,Πρόγραμμα Μαυρογενείου Βραβείου Ἀρετῆς,Program of the Mavrogenis Prize for Virtue,48,,Education,False
image_0232_right.png,Journal Article,ΤΟΜΟΣ ΛΓ' (1914),VOLUME 33 (1914),,,,,,,Διαγώνισμα Ζαμπακοῦ πασᾶ ὑπὲρ βυζαντ. σπουδῶν,Zambakos Pasha competition for Byzantine studies,19,,"History, Byzantine Studies",False
image_0232_right.png,Journal Article,ΤΟΜΟΣ ΛΓ' (1914),VOLUME 33 (1914),,,Γ. Ἀποστολίδου,G. Apostolidou,"Apostolidou, G.",,Γ' Δραματικὸς ἀγὼν (1911) (κρίσις),3rd Dramatic competition (1911) (judgment),22-31,,"Literature, Drama",False
image_0232_right.png,Journal Article,ΤΟΜΟΣ ΛΓ' (1914),VOLUME 33 (1914),,,Μ. Μωϋσείδου,M. Moyseidou,"Moyseidou, M.",,Ἔκθεσις τῆς ἀγωνοδίκου ἐπιτροπῆς τοῦ περὶ σχολικῆς ὑγιεινῆς διαγωνίσματος,Report of the judging committee of the competition on school hygiene,31-86,,"Education, Medicine",False
image_0232_right.png,Journal Article,ΤΟΜΟΣ ΛΓ' (1914),VOLUME 33 (1914),,,Α. Ζωηροῦ πασᾶ,A. Zoiros Pasha,"Zoiros Pasha, A.",,Περὶ φυλῶν καὶ ἐθνῶν,On races and nations,39,,"Anthropology, Sociology",False
image_0232_right.png,Journal Article,ΤΟΜΟΣ ΛΓ' (1914),VOLUME 33 (1914),,,Δ. Μ. Σάρρου,D. M. Sarrou,"Sarrou, D. M.",,"Παλαιογραφικὸς Ἔρανος: Α' Τρεῖς ἄγνωστοι κώδικες τῆς Μ. τοῦ Γ. Σχολῆς (α' Λόγοι διαφόρων ἁγ. Πατέρων, β' Εὐαγγέλιον λειτουργικόν, γ' Δωροθέου Μονεμβασίας Χρονογράφος καὶ βίος Αἰσώπου)","Palaeographical Contribution: A' Three unknown codices of the Great School of the Nation (a' Discourses of various Holy Fathers, b' Liturgical Gospel, c' Dorotheos of Monemvasia Chronicler and life of Aesop)",51,,"Palaeography, Theology, History",False
image_0232_right.png,Journal Article,ΤΟΜΟΣ ΛΓ' (1914),VOLUME 33 (1914),,,Δ. Μ. Σάρρου,D. M. Sarrou,"Sarrou, D. M.",,Β' Οἱ κώδικες τοῦ Ἑλλ. Γυμνασίου Σερρῶν,B' The codices of the Greek Gymnasium of Serres,61,,"Palaeography, History",False
image_0232_right.png,Journal Article,ΤΟΜΟΣ ΛΓ' (1914),VOLUME 33 (1914),,,Δ. Μ. Σάρρου,D. M. Sarrou,"Sarrou, D. M.",,Γ' Διαδόχου ἐπισκόπου Φωτικῆς τῆς Ἠπείρου κεφάλαια πρακτικὰ ρ' κατὰ τὸν Σερραϊκὸν κώδικα,C' Diadochos bishop of Photiki of Epirus practical chapters 100 according to the Serres codex,68,,"Palaeography, Theology",False
image_0232_right.png,Journal Article,ΤΟΜΟΣ ΛΓ' (1914),VOLUME 33 (1914),,,Δ. Μ. Σάρρου,D. M. Sarrou,"Sarrou, D. M.",,Δ' Κώδικες διάφοροι (ἐν οἷς καὶ Λεξικὸν τῆς νεωτέρας Ἑλληνικῆς ὑπὸ Διονυσίου τοῦ ἐξ Ἰωαννίνων) καὶ ἀρχεῖα (Κυπριακὸν καὶ Ἠπειρωτικόν),D' Various codices (among which also a Dictionary of Modern Greek by Dionysios from Ioannina) and archives (Cypriot and Epirote),72,,"Palaeography, Linguistics, History",False
image_0232_right.png,Journal Article,ΤΟΜΟΣ ΛΓ' (1914),VOLUME 33 (1914),,,Δ. Μ. Σάρρου,D. M. Sarrou,"Sarrou, D. M.",,"Ε' Τῆς ἐν Ἠπείρῳ Βήτσης Ζαγορίου, εὐαγγελικὸς κῶδιξ καὶ ἐπιγραφαὶ ναῶν ἐν αὐτῇ καὶ παρ' αὐτήν","E' Of Vitsa Zagori in Epirus, gospel codex and inscriptions of temples in it and near it",119,,"Palaeography, Archaeology, Theology",False
image_0232_right.png,Journal Article,ΤΟΜΟΣ ΛΓ' (1914),VOLUME 33 (1914),,,Δ. Μ. Σάρρου,D. M. Sarrou,"Sarrou, D. M.",,ΣΤ' Τῆς ἐν Μακεδονίᾳ Μονῆς Εἰκοσιφοινίσσης εὐαγγέλιον,F' The gospel of the Monastery of Eikosifoinissa in Macedonia,104,,"Palaeography, Theology",False
image_0232_right.png,Journal Article,ΤΟΜΟΣ ΛΓ' (1914),VOLUME 33 (1914),,,Δ. Μ. Σάρρου,D. M. Sarrou,"Sarrou, D. M.",,§ α' Πίναξ ἀλφαβητικὸς κυρίων ὀνομάτων καὶ πραγμάτων ἐν τῷ Παλαιογραφικῷ Ἐράνῳ — β' Πίναξ λέξεων νεοελληνικῶν. — γ' Πίναξ γενικὸς τῶν περιγραφομένων κωδίκων κ.τ.λ.,§ a' Alphabetical index of proper names and things in the Palaeographical Contribution — b' Index of Modern Greek words. — c' General index of the described codices etc.,122,,"Palaeography, Linguistics",False
image_0232_right.png,Journal Article,ΤΟΜΟΣ ΛΓ' (1914),VOLUME 33 (1914),,,E. S. Dodgson,E. S. Dodgson,"Dodgson, E. S.",,Τὸ Εὐαγγέλιον εἰς τὴν Γασκωνικὴν,The Gospel in Gascon,123,,"Theology, Linguistics",False
image_0232_right.png,Journal Article,ΤΟΜΟΣ ΛΓ' (1914),VOLUME 33 (1914),,,Π. Κ. Βιζουκίδου,P. K. Vizoukidou,"Vizoukidou, P. K.",,Ἀττικαὶ δίκαι καὶ Ρωμαϊκαὶ ἀγωγαί,Attic lawsuits and Roman actions,124,,"Law, History, Classics",False
image_0232_right.png,Journal Article,ΤΟΜΟΣ ΛΓ' (1914),VOLUME 33 (1914),,,Χρ. Παπαδοπούλου,Chr. Papadopoulou,"Papadopoulou, Chr.",,"Ἡ Νίκαια, ἤτοι μονογραφία ἱστορική, ἀρχαιολογική, παλαιογραφικὴ καὶ ἐκκλησιαστικὴ τῆς πόλεως ταύτης","Nicaea, that is a historical, archaeological, palaeographical and ecclesiastical monograph of this city",135-151,,"History, Archaeology, Theology",False
image_0232_right.png,Journal Article,ΤΟΜΟΣ ΛΔ' (1915),VOLUME 34 (1915),§ Παράρτημα ΛΔ' τόμου (1915). Ἐργασία τοῦ βιολογικοῦ τμήματος. Α' ἑξαμηνία 1914—15.,§ Appendix to Volume 34 (1915). Work of the biological department. 1st semester 1914-15.,Γ. Νούλη,G. Nouli,"Nouli, G.",,Περὶ βακτηριακῆς προφυλάξεως διὰ τοῦ ἐμβολιασμοῦ,On bacterial prophylaxis through vaccination,3,,"Medicine, Biology",False
image_0232_right.png,Journal Article,ΤΟΜΟΣ ΛΔ' (1915),VOLUME 34 (1915),§ Παράρτημα ΛΔ' τόμου (1915). Ἐργασία τοῦ βιολογικοῦ τμήματος. Α' ἑξαμηνία 1914—15.,§ Appendix to Volume 34 (1915). Work of the biological department. 1st semester 1914-15.,Α. Μισιρλόγλου,A. Misirloglou,"Misirloglou, A.",,Περὶ ὀπισθοπεριτοναϊκῶν ἀποστημάτων καὶ περιτονιτίδων λίθων συνεπείᾳ τοῦ οὐρητῆρος,On retroperitoneal abscesses and peritonitis stones as a consequence of the ureter,6,,Medicine,False
image_0232_right.png,Journal Article,ΤΟΜΟΣ ΛΔ' (1915),VOLUME 34 (1915),§ Παράρτημα ΛΔ' τόμου (1915). Ἐργασία τοῦ βιολογικοῦ τμήματος. Α' ἑξαμηνία 1914—15.,§ Appendix to Volume 34 (1915). Work of the biological department. 1st semester 1914-15.,Α. Μισιρλόγλου,A. Misirloglou,"Misirloglou, A.",,Νέα μέθοδος ἀναιμάκτου θεραπείας τῶν πυωδῶν πλευριτίδων δι' αἰθέρος,New method of bloodless treatment of purulent pleurisy with ether,15,,Medicine,False
image_0232_right.png,Journal Article,ΤΟΜΟΣ ΛΔ' (1915),VOLUME 34 (1915),§ Παράρτημα ΛΔ' τόμου (1915). Ἐργασία τοῦ βιολογικοῦ τμήματος. Α' ἑξαμηνία 1914—15.,§ Appendix to Volume 34 (1915). Work of the biological department. 1st semester 1914-15.,Α. Κριτικοῦ,A. Kritikou,"Kritikou, A.",,Συμβολὴ εἰς τὴν διαγνωστικὴν σημασίαν τῆς λευκῆς γραμμῆς τοῦ Sergent,Contribution to the diagnostic significance of Sergent's white line,21,,Medicine,False
image_0232_right.png,Journal Article,ΤΟΜΟΣ ΛΔ' (1915),VOLUME 34 (1915),§ Παράρτημα ΛΔ' τόμου (1915). Ἐργασία τοῦ βιολογικοῦ τμήματος. Α' ἑξαμηνία 1914—15.,§ Appendix to Volume 34 (1915). Work of the biological department. 1st semester 1914-15.,Α. Ἀντίπα,A. Antipa,"Antipa, A.",,Περὶ κρυοπαγημάτων καὶ τῆς θεραπείας αὐτῶν,On frostbites and their treatment,30,,Medicine,False
image_0232_right.png,Journal Article,ΤΟΜΟΣ ΛΔ' (1915),VOLUME 34 (1915),§ Παράρτημα ΛΔ' τόμου (1915). Ἐργασία τοῦ βιολογικοῦ τμήματος. Α' ἑξαμηνία 1914—15.,§ Appendix to Volume 34 (1915). Work of the biological department. 1st semester 1914-15.,Δ. Κηλαϊδίτου,D. Kilaiditou,"Kilaiditou, D.",,Περὶ βαθείας ἀκτινοθεραπείας τῶν κακοήθων ὄγκων,On deep radiotherapy of malignant tumors,35-46,,Medicine,False
image_0232_right.png,Journal Article,ΤΟΜΟΣ ΛΔ' (1915),VOLUME 34 (1915),§ Παράρτημα ΛΔ' τόμου (1915). Ἐργασία τοῦ βιολογικοῦ τμήματος. Β' ἑξαμηνία 1914—15 (1915).,§ Appendix to Volume 34 (1915). Work of the biological department. 2nd semester 1914-15 (1915).,Γ. Σώτροπα,G. Sotropa,"Sotropa, G.",,Περὶ ἐκστροφῆς τῆς μήτρας,On inversion of the uterus,4,,Medicine,False
image_0232_right.png,Journal Article,ΤΟΜΟΣ ΛΔ' (1915),VOLUME 34 (1915),§ Παράρτημα ΛΔ' τόμου (1915). Ἐργασία τοῦ βιολογικοῦ τμήματος. Β' ἑξαμηνία 1914—15 (1915).,§ Appendix to Volume 34 (1915). Work of the biological department. 2nd semester 1914-15 (1915).,Α. Ἀντίπα,A. Antipa,"Antipa, A.",,Περίπτωσις ξένου σώματος τῆς κοιλότητος τοῦ περιτοναίου,Case of a foreign body in the peritoneal cavity,7,,Medicine,False
image_0233_left.png,Journal Article,ΤΟΜΟΣ ΛΔ' (1915),VOLUME 34 (1915),Παράρτημα ΛΔ' τόμου (1915). Ἐργασία τοῦ βιολογικοῦ τμήματος. Β' ἑξαμηνία 1914—15 (1915).,Appendix of Volume 34 (1915). Work of the Biological Department. 2nd semester 1914-15 (1915).,Α. Μισιρλόγλου,A. Misirloglou,,,Περίπτωσις κιρσῶν τῆς οὐροδόχου κύστεως,Case of varices of the urinary bladder,σ. 11,,Medicine,False
image_0233_left.png,Journal Article,ΤΟΜΟΣ ΛΔ' (1915),VOLUME 34 (1915),Παράρτημα ΛΔ' τόμου (1915). Ἐργασία τοῦ βιολογικοῦ τμήματος. Β' ἑξαμηνία 1914—15 (1915).,Appendix of Volume 34 (1915). Work of the Biological Department. 2nd semester 1914-15 (1915).,Ρ. Τσομπάνογλου,R. Tsompanoglou,,,Περίπτωσις ἐντάσεως ἐνδοκρανιακῆς πιέσεως,Case of increased intracranial pressure,σ. 14,,Medicine,False
image_0233_left.png,Journal Article,ΤΟΜΟΣ ΛΔ' (1915),VOLUME 34 (1915),Παράρτημα ΛΔ' τόμου (1915). Ἐργασία τοῦ βιολογικοῦ τμήματος. Β' ἑξαμηνία 1914—15 (1915).,Appendix of Volume 34 (1915). Work of the Biological Department. 2nd semester 1914-15 (1915).,Α. Μισιρλόγλου,A. Misirloglou,,,Περίπτωσις καρκίνου τῆς οὐροδόχου κύστεως,Case of cancer of the urinary bladder,σ. 22,,Medicine,False
image_0233_left.png,Journal Article,ΤΟΜΟΣ ΛΔ' (1915),VOLUME 34 (1915),Παράρτημα ΛΔ' τόμου (1915). Ἐργασία τοῦ βιολογικοῦ τμήματος. Β' ἑξαμηνία 1914—15 (1915).,Appendix of Volume 34 (1915). Work of the Biological Department. 2nd semester 1914-15 (1915).,Β. Κώνου,V. Konou,,,Δύο περιστατικὰ ἐκροῆς τοῦ ἐγκεφαλονωτιαίου ὑγροῦ ἀπὸ τῆς ῥινὸς καὶ τῶν ὤτων,Two cases of cerebrospinal fluid leakage from the nose and ears,σ. 28,,Medicine,False
image_0233_left.png,Journal Article,ΤΟΜΟΣ ΛΔ' (1915),VOLUME 34 (1915),Παράρτημα ΛΔ' τόμου (1915). Ἐργασία τοῦ βιολογικοῦ τμήματος. Β' ἑξαμηνία 1914—15 (1915).,Appendix of Volume 34 (1915). Work of the Biological Department. 2nd semester 1914-15 (1915).,Α. Γαβριηλίδου,A. Gavriilidou,,,Περὶ τῶν ὀφθαλμικῶν παθήσεων μετὰ τυφοειδῆ πυρετόν,On ocular diseases after typhoid fever,σ. 39,,Medicine,False
image_0233_left.png,Journal Article,ΤΟΜΟΣ ΛΔ' (1915),VOLUME 34 (1915),Παράρτημα ΛΔ' τόμου (1915). Ἐργασία τοῦ βιολογικοῦ τμήματος. Β' ἑξαμηνία 1914—15 (1915).,Appendix of Volume 34 (1915). Work of the Biological Department. 2nd semester 1914-15 (1915).,Δ. Δρακοπούλου,D. Drakopoulou,,,Περίπτωσις δυστοκίας ἐγχειρηθείσης διὰ καισαρικῆς τομῆς,Case of dystocia operated by cesarean section,σ. 46,,Medicine,False
image_0233_left.png,Journal Article,ΤΟΜΟΣ ΛΔ' (1915),VOLUME 34 (1915),Παράρτημα ΛΔ' τόμου (1915). Ἐργασία τοῦ βιολογικοῦ τμήματος. Β' ἑξαμηνία 1914—15 (1915).,Appendix of Volume 34 (1915). Work of the Biological Department. 2nd semester 1914-15 (1915).,Α. Γαβριηλίδου,A. Gavriilidou,,,Περὶ τῆς βλαβερότητος καὶ τῆς νοσοφόρου ἰδιότητος τῆς μυίας κατὰ τοὺς ἀρχαίους,On the harmfulness and disease-carrying property of the fly according to the ancients,σ. 55,,"Medicine, History of Medicine",False
image_0233_left.png,Journal Article,ΤΟΜΟΣ ΛΔ' (1915),VOLUME 34 (1915),Παράρτημα ΛΔ' τόμου (1915). Ἐργασία τοῦ βιολογικοῦ τμήματος. Β' ἑξαμηνία 1914—15 (1915).,Appendix of Volume 34 (1915). Work of the Biological Department. 2nd semester 1914-15 (1915).,Α. Κρητικοῦ,A. Kritikou,,,Περὶ φλεβικῶν ἐπιπλοκῶν παρὰ τοῖς φυματικοῖς,On venous complications in tuberculosis patients,σ. 60,,Medicine,False
image_0233_left.png,Journal Article,ΤΟΜΟΣ ΛΔ' (1915),VOLUME 34 (1915),Παράρτημα ΛΔ' τόμου (1915). Ἐργασία τοῦ βιολογικοῦ τμήματος. Β' ἑξαμηνία 1914—15 (1915).,Appendix of Volume 34 (1915). Work of the Biological Department. 2nd semester 1914-15 (1915).,Ν. Βασιλειάδου,N. Vasileiadou,,,Περὶ ψείρας καὶ ἐξανθηματικοῦ τύφου,On lice and typhus,σ. 14,,Medicine,False
image_0233_left.png,Journal Article,ΤΟΜΟΣ ΛΔ' (1915),VOLUME 34 (1915),Παράρτημα ΛΔ' τόμου (1915). Ἐργασία τοῦ βιολογικοῦ τμήματος. Β' ἑξαμηνία 1914—15 (1915).,Appendix of Volume 34 (1915). Work of the Biological Department. 2nd semester 1914-15 (1915).,Γ. Σώτροπα,G. Sotropa,,,Περίπτωσις ὁλικῆς ὑστερεκτομίας κοιλιακῆς παρ' ἐπιτόκῳ,Case of total abdominal hysterectomy in a pregnant woman,σ. 70,,Medicine,False
image_0233_left.png,Journal Article,ΕΙΚΟΣΙΠΕΝΤΑΕΤΗΡΙΣ ΤΟΥ ΕΛΛ. ΦΙΛΟΛ. ΣΥΛΛΟΓΟΥ (1861-1886),TWENTY-FIFTH ANNIVERSARY OF THE HELLENIC PHILOLOGICAL SOCIETY (1861-1886),Παράρτημα τοῦ ΙΗ' τόμου (1888),Appendix of the 18th volume (1888),Ηρ. Βασιάδου,Ir. Vasiadou,,,Λόγος προεδρικός,Presidential address,σ. 22,,History,False
image_0233_left.png,Journal Article,ΕΙΚΟΣΙΠΕΝΤΑΕΤΗΡΙΣ ΤΟΥ ΕΛΛ. ΦΙΛΟΛ. ΣΥΛΛΟΓΟΥ (1861-1886),TWENTY-FIFTH ANNIVERSARY OF THE HELLENIC PHILOLOGICAL SOCIETY (1861-1886),Παράρτημα τοῦ ΙΗ' τόμου (1888),Appendix of the 18th volume (1888),Ch. Gidel,Ch. Gidel,,,A propos de la publication de Sp. P. Lambros intitulée. Collection de Romans Grecs en langue vulgaire et en vers e. c. t.,A propos de la publication de Sp. P. Lambros intitulée. Collection de Romans Grecs en langue vulgaire et en vers e. c. t.,σ. 53,,"Philology, Literature",False
image_0233_left.png,Journal Article,ΕΙΚΟΣΙΠΕΝΤΑΕΤΗΡΙΣ ΤΟΥ ΕΛΛ. ΦΙΛΟΛ. ΣΥΛΛΟΓΟΥ (1861-1886),TWENTY-FIFTH ANNIVERSARY OF THE HELLENIC PHILOLOGICAL SOCIETY (1861-1886),Παράρτημα τοῦ ΙΗ' τόμου (1888),Appendix of the 18th volume (1888),Ch. Gidel,Ch. Gidel,,,Τὸ αὐτὸ Ἑλληνιστὶ (ἐν μεταφράσει),The same in Greek (in translation),σ. 58-62,,"Philology, Literature",False
image_0233_left.png,Journal Article,ΕΙΚΟΣΙΠΕΝΤΑΕΤΗΡΙΣ ΤΟΥ ΕΛΛ. ΦΙΛΟΛ. ΣΥΛΛΟΓΟΥ (1861-1886),TWENTY-FIFTH ANNIVERSARY OF THE HELLENIC PHILOLOGICAL SOCIETY (1861-1886),Παράρτημα τοῦ ΙΗ' τόμου (1888),Appendix of the 18th volume (1888),L. Bachelin,L. Bachelin,,,La legent de Daphnis (καὶ ἑλληνιστὶ ἐν μεταφράσει) ),La legent de Daphnis (and in Greek in translation),σ. 63-80,,"Philology, Literature",False
image_0233_left.png,Journal Article,ΕΙΚΟΣΙΠΕΝΤΑΕΤΗΡΙΣ ΤΟΥ ΕΛΛ. ΦΙΛΟΛ. ΣΥΛΛΟΓΟΥ (1861-1886),TWENTY-FIFTH ANNIVERSARY OF THE HELLENIC PHILOLOGICAL SOCIETY (1861-1886),Παράρτημα τοῦ ΙΗ' τόμου (1888),Appendix of the 18th volume (1888),Αλ. Ραγκαβῆ,Al. Ragkavi,,,Τὸ ἐν Ἀθήναις Ἐλευσίνιον,The Eleusinion in Athens,σ. 80-83,,"Archaeology, History",False
image_0233_left.png,Journal Article,ΕΙΚΟΣΙΠΕΝΤΑΕΤΗΡΙΣ ΤΟΥ ΕΛΛ. ΦΙΛΟΛ. ΣΥΛΛΟΓΟΥ (1861-1886),TWENTY-FIFTH ANNIVERSARY OF THE HELLENIC PHILOLOGICAL SOCIETY (1861-1886),Παράρτημα τοῦ ΙΗ' τόμου (1888),Appendix of the 18th volume (1888),Γ. Ν. Χατζιδάκι,G. N. Chatzidaki,,,Ἔρευναι περὶ τῶν ἀρχῶν τῆς νεωτέρας Ἑλληνικῆς,Research on the origins of Modern Greek,σ. 84-92,,"Linguistics, Philology",False
image_0233_left.png,Journal Article,ΕΙΚΟΣΙΠΕΝΤΑΕΤΗΡΙΣ ΤΟΥ ΕΛΛ. ΦΙΛΟΛ. ΣΥΛΛΟΓΟΥ (1861-1886),TWENTY-FIFTH ANNIVERSARY OF THE HELLENIC PHILOLOGICAL SOCIETY (1861-1886),Παράρτημα τοῦ ΙΗ' τόμου (1888),Appendix of the 18th volume (1888),Ι. Β. Τέλφυ,I. V. Telfy,,,Συνάφεια Ἑλλήνων καὶ Οὔγγρων,Connection between Greeks and Hungarians,σ. 93-94,,"History, Anthropology",False
image_0233_left.png,Journal Article,ΕΙΚΟΣΙΠΕΝΤΑΕΤΗΡΙΣ ΤΟΥ ΕΛΛ. ΦΙΛΟΛ. ΣΥΛΛΟΓΟΥ (1861-1886),TWENTY-FIFTH ANNIVERSARY OF THE HELLENIC PHILOLOGICAL SOCIETY (1861-1886),Παράρτημα τοῦ ΙΗ' τόμου (1888),Appendix of the 18th volume (1888),Rod. Darest,Rod. Darest,,,L' ἀποκήρυξις dans l' Empire romain,L' apokeryxis dans l' Empire romain,σ. 95-97,,"Law, History",False
image_0233_left.png,Journal Article,ΕΙΚΟΣΙΠΕΝΤΑΕΤΗΡΙΣ ΤΟΥ ΕΛΛ. ΦΙΛΟΛ. ΣΥΛΛΟΓΟΥ (1861-1886),TWENTY-FIFTH ANNIVERSARY OF THE HELLENIC PHILOLOGICAL SOCIETY (1861-1886),Παράρτημα τοῦ ΙΗ' τόμου (1888),Appendix of the 18th volume (1888),Κ. Ἐρβιτσιάνου,K. Ervitsianou,,,Κατάλογος τῶν χειρογράφων καὶ ἰδιογράφων τῶν ἐν ταῖς βιβλιοθήκαις τῆς Ρουμανίας ἐκ τῶν ἐν Ἰασίῳ καὶ Βουκουρεστίῳ καὶ ἀλλαχοῦ σχολῶν κατὰ τὴν 17ην καὶ 18ην ἑκατονταετηρίδα,Catalogue of manuscripts and autographs in the libraries of Romania from the schools in Iasi and Bucharest and elsewhere during the 17th and 18th centuries,σ. 97-102,,"Bibliography, History",False
image_0233_left.png,Journal Article,ΕΙΚΟΣΙΠΕΝΤΑΕΤΗΡΙΣ ΤΟΥ ΕΛΛ. ΦΙΛΟΛ. ΣΥΛΛΟΓΟΥ (1861-1886),TWENTY-FIFTH ANNIVERSARY OF THE HELLENIC PHILOLOGICAL SOCIETY (1861-1886),Παράρτημα τοῦ ΙΗ' τόμου (1888),Appendix of the 18th volume (1888),Ἐμ. Ἰωαννίδου,Em. Ioannidou,,,Ἀνέκδοτοι ἐπιστολαὶ Νικηφόρου τοῦ Θεοτόκη καὶ ὑπόμνημα τῆς πολιταρχίας Ταγανρὸκ διὰ τὸ ἔτος 1863 καὶ ἱστορικὴ περιγραφὴ τῆς πόλεως Ταγανρὸκ,Unpublished letters of Nikephoros Theotokis and memorandum of the police of Taganrog for the year 1863 and historical description of the city of Taganrog,σ. 102-104,,History,False
image_0233_left.png,Journal Article,ΕΙΚΟΣΙΠΕΝΤΑΕΤΗΡΙΣ ΤΟΥ ΕΛΛ. ΦΙΛΟΛ. ΣΥΛΛΟΓΟΥ (1861-1886),TWENTY-FIFTH ANNIVERSARY OF THE HELLENIC PHILOLOGICAL SOCIETY (1861-1886),Παράρτημα τοῦ ΙΗ' τόμου (1888),Appendix of the 18th volume (1888),Κ. Περδικίδου,K. Perdikidou,,,"Περὶ τῆς ἐξηγήσεως τῶν ἐν ταῖς ἐπιγραφαῖς τεσσάρων ψαλμῶν τοῦ Δαβὶδ λέξεων, Σουσσανίμ, Σουσανίμ, Ἐδοὺθ.","On the explanation of the words in the inscriptions of four psalms of David, Sousannim, Sousanim, Edouth.",σ. 130-131,,"Theology, Philology",False
image_0233_left.png,Journal Article,ΕΙΚΟΣΙΠΕΝΤΑΕΤΗΡΙΣ ΤΟΥ ΕΛΛ. ΦΙΛΟΛ. ΣΥΛΛΟΓΟΥ (1861-1886),TWENTY-FIFTH ANNIVERSARY OF THE HELLENIC PHILOLOGICAL SOCIETY (1861-1886),Παράρτημα τοῦ ΙΗ' τόμου (1888),Appendix of the 18th volume (1888),Κ. Ξανθοπούλου,K. Xanthopoulou,,,Ὁποία παρ' ἡμῖν ἡ ἐκπαίδευσις,What is education among us,σ. 131-162,,Education,False
image_0233_left.png,Journal Article,ΕΙΚΟΣΙΠΕΝΤΑΕΤΗΡΙΣ ΤΟΥ ΕΛΛ. ΦΙΛΟΛ. ΣΥΛΛΟΓΟΥ (1861-1886),TWENTY-FIFTH ANNIVERSARY OF THE HELLENIC PHILOLOGICAL SOCIETY (1861-1886),Παράρτημα τοῦ ΙΗ' τόμου (1888),Appendix of the 18th volume (1888),J. N. A. Svoronos,J. N. A. Svoronos,,,"Τυρρηνικὴ λάρναξ. Σκηναὶ τῆς Ἰλιάδος, (γερμανιστὶ καὶ ἑλληνιστί)","Tyrrhenian larnax. Scenes from the Iliad, (in German and Greek)",σ. 162-171,,"Archaeology, Philology",False
image_0233_left.png,Journal Article,ΕΙΚΟΣΙΠΕΝΤΑΕΤΗΡΙΣ ΤΟΥ ΕΛΛ. ΦΙΛΟΛ. ΣΥΛΛΟΓΟΥ (1861-1886),TWENTY-FIFTH ANNIVERSARY OF THE HELLENIC PHILOLOGICAL SOCIETY (1861-1886),Παράρτημα τοῦ ΙΗ' τόμου (1888),Appendix of the 18th volume (1888),A. Harkavy,A. Harkavy,,,"Εἰδήσεις τῶν Ἀράβων περὶ τῆς καθ' Ἕλληνας Θούλης, (γερμανιστὶ καὶ ἑλληνιστί)","News of the Arabs about the Thule of the Greeks, (in German and Greek)",σ. 171-180,,"History, Geography",False
image_0233_left.png,Journal Article,ΕΙΚΟΣΙΠΕΝΤΑΕΤΗΡΙΣ ΤΟΥ ΕΛΛ. ΦΙΛΟΛ. ΣΥΛΛΟΓΟΥ (1861-1886),TWENTY-FIFTH ANNIVERSARY OF THE HELLENIC PHILOLOGICAL SOCIETY (1861-1886),Παράρτημα τοῦ ΙΗ' τόμου (1888),Appendix of the 18th volume (1888),Salomon Reinach,Salomon Reinach,,,"Ἡ περιγραφὴ τῆς Κωνσταντινουπόλεως ὑπὸ Bondelmonte, (γαλλιστὶ καὶ ἑλληνιστί)","The description of Constantinople by Bondelmonte, (in French and Greek)",σ. 181-187,,"History, Geography",False
image_0233_left.png,Journal Article,ΕΙΚΟΣΙΠΕΝΤΑΕΤΗΡΙΣ ΤΟΥ ΕΛΛ. ΦΙΛΟΛ. ΣΥΛΛΟΓΟΥ (1861-1886),TWENTY-FIFTH ANNIVERSARY OF THE HELLENIC PHILOLOGICAL SOCIETY (1861-1886),Παράρτημα τοῦ ΙΗ' τόμου (1888),Appendix of the 18th volume (1888),Ἀντ. Πουλάκη,Ant. Poulaki,,,Στατιστικὴ Κρήτης καὶ Ἀνέων,Statistics of Crete and Aneon,σ. 188-233,,"Statistics, History",False
image_0233_left.png,Journal Article,ΕΙΚΟΣΙΠΕΝΤΑΕΤΗΡΙΣ ΤΟΥ ΕΛΛ. ΦΙΛΟΛ. ΣΥΛΛΟΓΟΥ (1861-1886),TWENTY-FIFTH ANNIVERSARY OF THE HELLENIC PHILOLOGICAL SOCIETY (1861-1886),Παράρτημα τοῦ ΙΗ' τόμου (1888),Appendix of the 18th volume (1888),Θ. Korch,Th. Korch,,,Περὶ τῶν ἀναφορικῶν ἀντωνυμιῶν ἐν τῇ ἑλληνικῇ γλώσσῃ (ἀρχαίᾳ καὶ νεωτέρᾳ),On relative pronouns in the Greek language (ancient and modern),σ. 234-242,,"Linguistics, Philology",False
image_0233_right.png,Journal Article,ΕΙΚΟΣΙΠΕΝΤΑΕΤΗΡΙΣ ΤΟΥ ΕΛΛ. ΦΙΛΟΛ. ΣΥΛΛΟΓΟΥ (1861-1886),TWENTY-FIFTH ANNIVERSARY OF THE HELLENIC PHILOLOGICAL SOCIETY (1861-1886),Παράρτημα τοῦ ΙΗ' τόμου (1888),Appendix to Volume XVIII (1888),Σ. Μερτζίδου,S. Mertzidou,"Mertzidou, S.",,Περὶ τοῦ Νέστου ποταμοῦ καὶ τῶν ἐκβολῶν αὐτοῦ κατὰ τὸν Ἡρόδοτον,On the Nestos River and its Mouths According to Herodotus,250-254,,"Geography, History",False
image_0233_right.png,Journal Article,ΕΙΚΟΣΙΠΕΝΤΑΕΤΗΡΙΣ ΤΟΥ ΕΛΛ. ΦΙΛΟΛ. ΣΥΛΛΟΓΟΥ (1861-1886),TWENTY-FIFTH ANNIVERSARY OF THE HELLENIC PHILOLOGICAL SOCIETY (1861-1886),Παράρτημα τοῦ ΙΗ' τόμου (1888),Appendix to Volume XVIII (1888),Δ. Χαβιαρᾶ,D. Chaviara,"Chaviara, D.",,Περὶ τῆς Καρικῆς πολίχνης Καισαρείας,On the Carian Town of Caesarea,254-257,,"History, Geography",False
image_0233_right.png,Journal Article,ΕΙΚΟΣΙΠΕΝΤΑΕΤΗΡΙΣ ΤΟΥ ΕΛΛ. ΦΙΛΟΛ. ΣΥΛΛΟΓΟΥ (1861-1886),TWENTY-FIFTH ANNIVERSARY OF THE HELLENIC PHILOLOGICAL SOCIETY (1861-1886),Παράρτημα τοῦ ΙΗ' τόμου (1888),Appendix to Volume XVIII (1888),J. von Pfluhk-Hartung,J. von Pfluhk-Hartung,"Pfluhk-Hartung, J. von",,"Ὁ πόλεμος τοῦ Βελισαρίου πρὸς τοὺς Βανδάλους, (γερμανιστὶ καὶ ἑλληνιστί)","The War of Belisarius Against the Vandals, (in German and Greek)",258-293,,History,False
image_0233_right.png,Journal Article,ΕΙΚΟΣΙΠΕΝΤΑΕΤΗΡΙΣ ΤΟΥ ΕΛΛ. ΦΙΛΟΛ. ΣΥΛΛΟΓΟΥ (1861-1886),TWENTY-FIFTH ANNIVERSARY OF THE HELLENIC PHILOLOGICAL SOCIETY (1861-1886),Παράρτημα τοῦ ΙΗ' τόμου (1888),Appendix to Volume XVIII (1888),Π. Ν. Παπαγεωργίου,P. N. Papageorgiou,"Papageorgiou, P. N.",,Διορθώσεις εἰς τὰς τραγῳδίας τοῦ Σοφοκλέους,Corrections to the Tragedies of Sophocles,293-307,,"Philology, Literature",False
image_0233_right.png,Journal Article,ΕΙΚΟΣΙΠΕΝΤΑΕΤΗΡΙΣ ΤΟΥ ΕΛΛ. ΦΙΛΟΛ. ΣΥΛΛΟΓΟΥ (1861-1886),TWENTY-FIFTH ANNIVERSARY OF THE HELLENIC PHILOLOGICAL SOCIETY (1861-1886),Παράρτημα τοῦ ΙΗ' τόμου (1888),Appendix to Volume XVIII (1888),Th. Lowenfeld,Th. Lowenfeld,"Lowenfeld, Th.",,Σχέσις τῶν ἀρχαίων πρὸς τὴν ἐπιστήμην. (γερμανιστὶ καὶ ἑλληνιστί),The Relationship of the Ancients to Science. (in German and Greek),307-386,,"History of Science, Philosophy",False
image_0233_right.png,Journal Article,ΕΙΚΟΣΙΠΕΝΤΑΕΤΗΡΙΣ ΤΟΥ ΕΛΛ. ΦΙΛΟΛ. ΣΥΛΛΟΓΟΥ (1861-1886),TWENTY-FIFTH ANNIVERSARY OF THE HELLENIC PHILOLOGICAL SOCIETY (1861-1886),Παράρτημα τοῦ ΙΗ' τόμου (1888),Appendix to Volume XVIII (1888),L. Schvvabe,L. Schvvabe,"Schvvabe, L.",,Ὁ Τυβίγγιος ἡνίοχος. (γερμανιστὶ καὶ ἑλληνιστὶ μετὰ φωτογραφίας),The Charioteer of Tübingen. (in German and Greek with photograph),387-389,,"Archaeology, Art History",False
image_0233_right.png,Journal Article,ΕΙΚΟΣΙΠΕΝΤΑΕΤΗΡΙΣ ΤΟΥ ΕΛΛ. ΦΙΛΟΛ. ΣΥΛΛΟΓΟΥ (1861-1886),TWENTY-FIFTH ANNIVERSARY OF THE HELLENIC PHILOLOGICAL SOCIETY (1861-1886),Παράρτημα τοῦ ΙΗ' τόμου (1888),Appendix to Volume XVIII (1888),Χ. Παπαμάρκου,Ch. Papamarkou,"Papamarkou, Ch.",,Τὰ παρὰ Πολυβίῳ παιδαγωγικά,Pedagogical Matters in Polybius,390-432,,"Education, History",False
image_0233_right.png,Journal Article,ΕΙΚΟΣΙΠΕΝΤΑΕΤΗΡΙΣ ΤΟΥ ΕΛΛ. ΦΙΛΟΛ. ΣΥΛΛΟΓΟΥ (1861-1886),TWENTY-FIFTH ANNIVERSARY OF THE HELLENIC PHILOLOGICAL SOCIETY (1861-1886),Παράρτημα τοῦ ΙΗ' τόμου (1888),Appendix to Volume XVIII (1888),F. Calvert,F. Calvert,"Calvert, F.",,Περὶ τῆς γενέσεως τῶν ὀρυκτῶν ἀνθράκων. (γερμανιστὶ καὶ ἑλληνιστί),On the Formation of Mineral Coals. (in German and Greek),432-442,,Geology,False
image_0233_right.png,Journal Article,ΕΙΚΟΣΙΠΕΝΤΑΕΤΗΡΙΣ ΤΟΥ ΕΛΛ. ΦΙΛΟΛ. ΣΥΛΛΟΓΟΥ (1861-1886),TWENTY-FIFTH ANNIVERSARY OF THE HELLENIC PHILOLOGICAL SOCIETY (1861-1886),Παράρτημα τοῦ ΙΗ' τόμου (1888),Appendix to Volume XVIII (1888),Ι. Ψυχάρη,I. Psychari,"Psychari, I.",,Ἱστορικὰ καὶ γλωσσολογικὰ ζητήματα (γαλλιστὶ καὶ ἑλληνιστὶ ἐν μεταφράσει),Historical and Linguistic Issues (in French and Greek in translation),441-497,,"History, Linguistics",False
image_0233_right.png,Journal Article,ΕΙΚΟΣΙΠΕΝΤΑΕΤΗΡΙΣ ΤΟΥ ΕΛΛ. ΦΙΛΟΛ. ΣΥΛΛΟΓΟΥ (1861-1886),TWENTY-FIFTH ANNIVERSARY OF THE HELLENIC PHILOLOGICAL SOCIETY (1861-1886),Παράρτημα τοῦ ΙΗ' τόμου (1888),Appendix to Volume XVIII (1888),Κ. Σίττλ,K. Sittl,"Sittl, K.",,Περὶ τοῦ καθ' Ἡσίοδον βίου τῶν Ἑλλήνων,On the Life of the Greeks According to Hesiod,498-504,,"History, Classics",False
image_0233_right.png,Journal Article,ΕΙΚΟΣΙΠΕΝΤΑΕΤΗΡΙΣ ΤΟΥ ΕΛΛ. ΦΙΛΟΛ. ΣΥΛΛΟΓΟΥ (1861-1886),TWENTY-FIFTH ANNIVERSARY OF THE HELLENIC PHILOLOGICAL SOCIETY (1861-1886),Παράρτημα τοῦ ΙΗ' τόμου (1888),Appendix to Volume XVIII (1888),Εὐγ. Ζωμαρίδου,Eug. Zomaridou,"Zomaridou, Eug.",,Συνοπτικὴ ἔκθεσις τῶν διαφόρων περὶ Ὁμήρου καὶ Ὁμηρικῆς ποιήσεως γνωμῶν ἀπὸ τῶν ἀρχαίων μέχρι τῶν καθ' ἡμᾶς χρόνων,A Concise Report on the Various Opinions Concerning Homer and Homeric Poetry from Ancient Times to Our Days,505-574,,"Literature, Classics",False
image_0233_right.png,Journal Article,ΕΙΚΟΣΙΠΕΝΤΑΕΤΗΡΙΣ ΤΟΥ ΕΛΛ. ΦΙΛΟΛ. ΣΥΛΛΟΓΟΥ (1861-1886),TWENTY-FIFTH ANNIVERSARY OF THE HELLENIC PHILOLOGICAL SOCIETY (1861-1886),Παράρτημα τοῦ ΙΗ' τόμου (1888),Appendix to Volume XVIII (1888),Fr. Susemihl,Fr. Susemihl,"Susemihl, Fr.",,"Περὶ τοῦ Φαίδρου, τοῦ Πλάτωνος καὶ τοῦ κατὰ τῶν σοφιστῶν λόγου τοῦ Ἰσοκράτους. (γερμανιστὶ καὶ ἑλληνιστί)",On the Phaedrus of Plato and Isocrates' Speech Against the Sophists. (in German and Greek),575-591,,"Philosophy, Classics",False
image_0233_right.png,Journal Article,ΕΙΚΟΣΙΠΕΝΤΑΕΤΗΡΙΣ ΤΟΥ ΕΛΛ. ΦΙΛΟΛ. ΣΥΛΛΟΓΟΥ (1861-1886),TWENTY-FIFTH ANNIVERSARY OF THE HELLENIC PHILOLOGICAL SOCIETY (1861-1886),Παράρτημα τοῦ ΙΗ' τόμου (1888),Appendix to Volume XVIII (1888),Ch. E. Ruelle,Ch. E. Ruelle,"Ruelle, Ch. E.",,Ψελλὸς ἀνέκδοτος. Bibliographie des écrits inédits de Michel Psellos suivi du text de trois morceaux inédits de Psellus sur le Psaumes,Unpublished Psellos. Bibliography of the Unpublished Writings of Michael Psellos Followed by the Text of Three Unpublished Pieces by Psellos on the Psalms,591-614,,"Theology, Literature",False
image_0233_right.png,Journal Article,ΕΙΚΟΣΙΠΕΝΤΑΕΤΗΡΙΣ ΤΟΥ ΕΛΛ. ΦΙΛΟΛ. ΣΥΛΛΟΓΟΥ (1861-1886),TWENTY-FIFTH ANNIVERSARY OF THE HELLENIC PHILOLOGICAL SOCIETY (1861-1886),Παράρτημα τοῦ ΙΗ' τόμου (1888),Appendix to Volume XVIII (1888),Andrée Leval,Andrée Leval,"Leval, Andrée",,Ἀρχαιολογικά. (Ἐπιγραφαὶ ἐκ Πριγκήπου καὶ Κ)πόλεως),Archaeological Matters. (Inscriptions from Prinkipos and Constantinople),615-620,,"Archaeology, Epigraphy",False
image_0233_right.png,Journal Article,ΖΩΓΡΑΦΕΙΟΣ ΑΓΩΝ,ZOGRAPHEIOS COMPETITION,Τόμος Α' (1891). Α' Ἠπείρου.,Volume I (1891). I. Epirus.,Κ. Βαρζώκα,K. Varzoka,"Varzoka, K.",,"Λεξιλόγιον, ᾄσματα, δεισιδαιμονίαι, αἰνίγματα, παροιμίαι","Vocabulary, Songs, Superstitions, Riddles, Proverbs",1-25,,"Folklore, Linguistics",False
image_0233_right.png,Journal Article,ΖΩΓΡΑΦΕΙΟΣ ΑΓΩΝ,ZOGRAPHEIOS COMPETITION,Τόμος Α' (1891). Α' Ἠπείρου.,Volume I (1891). I. Epirus.,Γ. Δ. Ζηκίδου,G. D. Zikidou,"Zikidou, G. D.",,"Νεοελληνικὰ ἀνάλεκτα. Λεξιλόγιον, ᾄσματα","Modern Greek Analecta. Vocabulary, Songs",25-67,,"Folklore, Linguistics",False
image_0233_right.png,Journal Article,ΖΩΓΡΑΦΕΙΟΣ ΑΓΩΝ,ZOGRAPHEIOS COMPETITION,Τόμος Α' (1891). Α' Ἠπείρου.,Volume I (1891). I. Epirus.,Ἀνωνύμου,Anonymous,Anonymous,,Δημοτικὰ ᾄσματα,Folk Songs,63-174,,Folklore,False
image_0233_right.png,Journal Article,ΖΩΓΡΑΦΕΙΟΣ ΑΓΩΝ,ZOGRAPHEIOS COMPETITION,Τόμος Α' (1891). Α' Ἠπείρου.,Volume I (1891). I. Epirus.,Δ. Γονίου,D. Goniou,"Goniou, D.",,"Λεξιλόγιον, ᾄσματα, αἰνίγματα, κύρια ὀνόματα","Vocabulary, Songs, Riddles, Proper Names",175-190,,"Folklore, Linguistics",False
image_0233_right.png,Journal Article,ΖΩΓΡΑΦΕΙΟΣ ΑΓΩΝ,ZOGRAPHEIOS COMPETITION,Τόμος Α' (1891). Α' Ἠπείρου.,Volume I (1891). I. Epirus.,Ἀνωνύμου,Anonymous,Anonymous,,"Λέξεις, φράσεις καὶ παροιμίαι κτλ.","Words, Phrases and Proverbs etc.",198-202,,"Folklore, Linguistics",False
image_0233_right.png,Journal Article,ΖΩΓΡΑΦΕΙΟΣ ΑΓΩΝ,ZOGRAPHEIOS COMPETITION,Τόμος Α' (1891). Α' Ἠπείρου.,Volume I (1891). I. Epirus.,Ἀλ. Γεωργίτση,Al. Georgitsi,"Georgitsi, Al.",,"Ἤθη, ἔθιμα κλπ. Χιμαραίων","Customs, Traditions etc. of the Chimariots",202-210,,Folklore,False
image_0233_right.png,Journal Article,ΖΩΓΡΑΦΕΙΟΣ ΑΓΩΝ,ZOGRAPHEIOS COMPETITION,Τόμος Α' (1891). Β' Νήσων.,Volume I (1891). II. Islands.,Δ. Χαβιαρᾶ,D. Chaviara,"Chaviara, D.",,"Συμαϊκὰ ἔθιμα, προλήψεις, παραμύθια κλπ.","Symi Customs, Superstitions, Fairy Tales etc.",211-261,,Folklore,False
image_0233_right.png,Journal Article,ΖΩΓΡΑΦΕΙΟΣ ΑΓΩΝ,ZOGRAPHEIOS COMPETITION,Τόμος Α' (1891). Β' Νήσων.,Volume I (1891). II. Islands.,Δ. Χαβιαρᾶ,D. Chaviara,"Chaviara, D.",,Ἔθιμα κατὰ τοὺς γάμους καὶ ᾄσματα τῆς νήσου Τήλου,Wedding Customs and Songs of the Island of Tilos,265-269,,Folklore,False
image_0233_right.png,Journal Article,ΖΩΓΡΑΦΕΙΟΣ ΑΓΩΝ,ZOGRAPHEIOS COMPETITION,Τόμος Α' (1891). Β' Νήσων.,Volume I (1891). II. Islands.,Δ. Χαβιαρᾶ,D. Chaviara,"Chaviara, D.",,Νοτίων Σποράδων ὀνόματα κύρια,Proper Names of the Southern Sporades,271-272,,"Linguistics, Folklore",False
image_0233_right.png,Journal Article,ΖΩΓΡΑΦΕΙΟΣ ΑΓΩΝ,ZOGRAPHEIOS COMPETITION,Τόμος Α' (1891). Β' Νήσων.,Volume I (1891). II. Islands.,Δ. Χαβιαρᾶ,D. Chaviara,"Chaviara, D.",,Καρπάθου δημώδη ᾄσματα,Folk Songs of Karpathos,272-292,,Folklore,False
image_0233_right.png,Journal Article,ΖΩΓΡΑΦΕΙΟΣ ΑΓΩΝ,ZOGRAPHEIOS COMPETITION,Τόμος Α' (1891). Β' Νήσων.,Volume I (1891). II. Islands.,Ἀνωνύμου,Anonymous,Anonymous,,Δημώδη ᾄσματα Καρπάθου,Folk Songs of Karpathos,293-317,,Folklore,False
image_0233_right.png,Journal Article,ΖΩΓΡΑΦΕΙΟΣ ΑΓΩΝ,ZOGRAPHEIOS COMPETITION,Τόμος Α' (1891). Β' Νήσων.,Volume I (1891). II. Islands.,Ε. Μανωλακάκη,E. Manolakaki,"Manolakaki, E.",,Γλωσσικὴ ὕλη τῆς Καρπάθου,Linguistic Material of Karpathos,318-340,,Linguistics,False
image_0233_right.png,Journal Article,ΖΩΓΡΑΦΕΙΟΣ ΑΓΩΝ,ZOGRAPHEIOS COMPETITION,Τόμος Α' (1891). Β' Νήσων.,Volume I (1891). II. Islands.,Παπᾶ Ἰω. Μανωλακάκη,Papa Io. Manolakaki,"Manolakaki, Papa Io.",,"Καρπάθου παροιμίαι, φράσεις, ᾄσματα","Proverbs, Phrases, Songs of Karpathos",343-374,,"Folklore, Linguistics",False
image_0234_left.png,Journal Article,ΖΩΓΡΑΦΕΙΟΣ ΑΓΩΝ,ZOGRAFEIOS AGON,Τόμος Α' (1891). Β' Νήσων.,Volume I (1891). II Islands.,Γ. Παπαδοπούλου,G. Papadopoulou,"Papadopoulos, G.",,"Νισύρου λεξιλόγιον, δημοτ. ᾄσματα, παραμύθια κλπ.","Vocabulary of Nisyros, folk songs, fairy tales, etc.",381-427,,"Linguistics, Folklore",False
image_0234_left.png,Journal Article,ΖΩΓΡΑΦΕΙΟΣ ΑΓΩΝ,ZOGRAFEIOS AGON,Τόμος Α' (1891). Β' Νήσων.,Volume I (1891). II Islands.,Δ. Πουλάκη,D. Poulaki,"Poulakis, D.",,"Ἰκαρίας, Κρήνης κλπ. λεξιλόγιον, ἔθιμα κλπ.","Vocabulary of Ikaria, Krini, etc., customs, etc.",428-432,,"Linguistics, Folklore",False
image_0234_left.png,Journal Article,ΖΩΓΡΑΦΕΙΟΣ ΑΓΩΝ,ZOGRAFEIOS AGON,Τόμος Α' (1891). Β' Νήσων.,Volume I (1891). II Islands.,Κ. Ν. Δαμιράλη,K. N. Damirali,"Damiralis, K. N.",,Νάξου καὶ ἄλλων νήσων τοῦ Αἰγαίου λεξιλόγιον,Vocabulary of Naxos and other islands of the Aegean,433-445,,Linguistics,False
image_0234_left.png,Journal Article,ΖΩΓΡΑΦΕΙΟΣ ΑΓΩΝ,ZOGRAFEIOS AGON,Τόμος Β' (1896).,Volume II (1896).,Δ. Πουλάκη,D. Poulaki,"Poulakis, D.",,Λεξιλόγιον ἰδίᾳ τῆς νήσου Σικίνου,Vocabulary specifically of the island of Sikinos,5-14,,Linguistics,False
image_0234_left.png,Journal Article,ΖΩΓΡΑΦΕΙΟΣ ΑΓΩΝ,ZOGRAFEIOS AGON,Τόμος Β' (1896).,Volume II (1896).,"Νικηφ. Γλυκᾶ, μητροπολίτου","Nikif. Glyka, metropolitan","Glykas, Nikiforos",,Λεξιλόγιον Ἴμβρου,Vocabulary of Imbros,15-19,,Linguistics,False
image_0234_left.png,Journal Article,ΖΩΓΡΑΦΕΙΟΣ ΑΓΩΝ,ZOGRAFEIOS AGON,Τόμος Β' (1896).,Volume II (1896).,Ἀνωνύμου,Anonymous,Anonymous,,Παραμύθια καὶ ᾄσματα Λεσβιάδος διαλέκτου,Fairy tales and songs of the Lesbian dialect,20-30,,"Folklore, Linguistics",False
image_0234_left.png,Journal Article,ΖΩΓΡΑΦΕΙΟΣ ΑΓΩΝ,ZOGRAFEIOS AGON,Τόμος Β' (1896).,Volume II (1896).,Ἐμ. Διλιμπάκη,Em. Dilimpaki,"Dilimpakis, Em.",,Συλλογὴ (λαογραφικὴ) ἐκ Σιτείας τῆς Κρήτης,"Collection (folkloric) from Siteia, Crete",31-48,,Folklore,False
image_0234_left.png,Journal Article,ΖΩΓΡΑΦΕΙΟΣ ΑΓΩΝ,ZOGRAFEIOS AGON,Τόμος Β' (1896).,Volume II (1896).,Ν. Πολυχρονιάδου,N. Polychroniadou,"Polychroniadis, N.",,Παροιμίαι τοῦ λαοῦ ἐν Νεαπόλει Μιραμβέλλου,"Proverbs of the people in Neapolis, Mirambello",48-50,,Folklore,False
image_0234_left.png,Journal Article,ΖΩΓΡΑΦΕΙΟΣ ΑΓΩΝ,ZOGRAFEIOS AGON,Τόμος Β' (1896).,Volume II (1896).,Ν. Χρηστίδου,N. Christidou,"Christidis, N.",,ᾌσματα Ἄνω Ἀρχανῶν ἐπαρχίας Τεμένους,"Songs of Ano Archanes, Temenos province",50-52,,Folklore,False
image_0234_left.png,Journal Article,ΖΩΓΡΑΦΕΙΟΣ ΑΓΩΝ,ZOGRAFEIOS AGON,Τόμος Β' (1896).,Volume II (1896).,Ι. Ζωγραφάκη,I. Zografaki,"Zografakis, I.",,"Δημοτικὰ ἀνάλεκτα τοῦ χωρίου Ρωγδιᾶς τῆς Κρήτης. Παραμύθια, τραγούδια, λεξιλόγιον κλπ.","Folk miscellany of the village of Rogdia, Crete. Fairy tales, songs, vocabulary, etc.",53-85,,"Folklore, Linguistics",False
image_0234_left.png,Book,ΖΩΓΡΑΦΕΙΟΣ ΕΛΛΗΝΙΚΗ ΒΙΒΛΙΟΘΗΚΗ,ZOGRAFEIOS GREEK LIBRARY,ΕΞΕΔΟΘΗΣΑΝ ΜΕΧΡΙ ΤΕΛΟΥΣ ΤΟΥ 1920,PUBLISHED UNTIL THE END OF 1920,Σοφοκλέους,Sophocles,Sophocles,Δημητρίου Χ. Σεμιτέλου,Ἀντιγόνη,Antigone,716,,"Literature, Philology",False
image_0234_left.png,Book,ΖΩΓΡΑΦΕΙΟΣ ΕΛΛΗΝΙΚΗ ΒΙΒΛΙΟΘΗΚΗ,ZOGRAFEIOS GREEK LIBRARY,ΕΞΕΔΟΘΗΣΑΝ ΜΕΧΡΙ ΤΕΛΟΥΣ ΤΟΥ 1920,PUBLISHED UNTIL THE END OF 1920,Σοφοκλέους,Sophocles,Sophocles,Πέτρου Ν. Παπαγεωργίου,Ἠλέκτρα,Electra,κγ'+546,,"Literature, Philology",False
image_0234_left.png,Book,ΖΩΓΡΑΦΕΙΟΣ ΕΛΛΗΝΙΚΗ ΒΙΒΛΙΟΘΗΚΗ,ZOGRAFEIOS GREEK LIBRARY,ΕΞΕΔΟΘΗΣΑΝ ΜΕΧΡΙ ΤΕΛΟΥΣ ΤΟΥ 1920,PUBLISHED UNTIL THE END OF 1920,Ἡσιόδου,Hesiod,Hesiod,Καρόλου Σίττλ,τὰ Ἅπαντα,Complete Works,644,,"Literature, Philology",False
image_0234_left.png,Book,ΖΩΓΡΑΦΕΙΟΣ ΕΛΛΗΝΙΚΗ ΒΙΒΛΙΟΘΗΚΗ,ZOGRAFEIOS GREEK LIBRARY,ΕΞΕΔΟΘΗΣΑΝ ΜΕΧΡΙ ΤΕΛΟΥΣ ΤΟΥ 1920,PUBLISHED UNTIL THE END OF 1920,Εὐριπίδου,Euripides,Euripides,Δημητρίου Ν. Βερναρδάκη,Δράματα. Τόμος Α.' Φοίνισσαι.,Dramas. Volume I. Phoenissae.,φλς'+660,,"Literature, Philology",False
image_0234_left.png,Book,ΖΩΓΡΑΦΕΙΟΣ ΕΛΛΗΝΙΚΗ ΒΙΒΛΙΟΘΗΚΗ,ZOGRAFEIOS GREEK LIBRARY,ΕΞΕΔΟΘΗΣΑΝ ΜΕΧΡΙ ΤΕΛΟΥΣ ΤΟΥ 1920,PUBLISHED UNTIL THE END OF 1920,Εὐριπίδου,Euripides,Euripides,Δημητρίου Ν. Βερναρδάκη,"Δράματα. Τόμος Β.' Ἑκάβη, Ἱππόλυτος, Μήδεια.","Dramas. Volume II. Hecuba, Hippolytus, Medea.",η'+698,,"Literature, Philology",False
image_0234_left.png,Book,ΖΩΓΡΑΦΕΙΟΣ ΕΛΛΗΝΙΚΗ ΒΙΒΛΙΟΘΗΚΗ,ZOGRAFEIOS GREEK LIBRARY,ΕΞΕΔΟΘΗΣΑΝ ΜΕΧΡΙ ΤΕΛΟΥΣ ΤΟΥ 1920,PUBLISHED UNTIL THE END OF 1920,Εὐριπίδου,Euripides,Euripides,Δημητρίου Ν. Βερναρδάκη,"Δράματα. Τόμος Γ.' Ἰφιγένεια ἡ ἐν Αὐλίδι, Ἰφιγένεια ἡ ἐν Ταύροις, Ἠλέκτρα, Ἄλκηστις.","Dramas. Volume III. Iphigenia in Aulis, Iphigenia in Tauris, Electra, Alcestis.",η'+718,,"Literature, Philology",False
image_0234_left.png,Book,ΖΩΓΡΑΦΕΙΟΣ ΕΛΛΗΝΙΚΗ ΒΙΒΛΙΟΘΗΚΗ,ZOGRAFEIOS GREEK LIBRARY,ΕΞΕΔΟΘΗΣΑΝ ΜΕΧΡΙ ΤΕΛΟΥΣ ΤΟΥ 1920,PUBLISHED UNTIL THE END OF 1920,Αἰσχύλου,Aeschylus,Aeschylus,"N. Wecklein, Εὐγενίου Ζωμαρίδου","Δράματα σωζόμενα καὶ ἀπολωλότων ἀποσπάσματα. Τόμος Α' περιέχων Γενικὴν εἰσαγωγήν, Πέρσας καὶ Ἑπτὰ ἐπὶ Θήβας","Extant dramas and fragments of lost ones. Volume I containing General introduction, Persians and Seven against Thebes",ις'+552,,"Literature, Philology",False
image_0234_left.png,Book,ΖΩΓΡΑΦΕΙΟΣ ΕΛΛΗΝΙΚΗ ΒΙΒΛΙΟΘΗΚΗ,ZOGRAFEIOS GREEK LIBRARY,ΕΞΕΔΟΘΗΣΑΝ ΜΕΧΡΙ ΤΕΛΟΥΣ ΤΟΥ 1920,PUBLISHED UNTIL THE END OF 1920,Αἰσχύλου,Aeschylus,Aeschylus,"N. Wecklein, Εὐγενίου Ζωμαρίδου","Δράματα σωζόμενα καὶ ἀπολωλότων ἀποσπάσματα. Τόμος Β.' περιέχων Προμηθέα, Ἱκέτιδας καὶ Ἀποσπάσματα.","Extant dramas and fragments of lost ones. Volume II containing Prometheus, Suppliants and Fragments.",798,,"Literature, Philology",False
image_0234_left.png,Book,ΖΩΓΡΑΦΕΙΟΣ ΕΛΛΗΝΙΚΗ ΒΙΒΛΙΟΘΗΚΗ,ZOGRAFEIOS GREEK LIBRARY,ΕΞΕΔΟΘΗΣΑΝ ΜΕΧΡΙ ΤΕΛΟΥΣ ΤΟΥ 1920,PUBLISHED UNTIL THE END OF 1920,Αἰσχύλου,Aeschylus,Aeschylus,"N. Wecklein, Εὐγενίου Ζωμαρίδου",Δράματα σωζόμενα καὶ ἀπολωλότων ἀποσπάσματα. Τόμος Γ.' περιέχων Ὀρέστειαν.,Extant dramas and fragments of lost ones. Volume III containing Oresteia.,520,,"Literature, Philology",False
image_0234_left.png,Book,ΖΩΓΡΑΦΕΙΟΣ ΕΛΛΗΝΙΚΗ ΒΙΒΛΙΟΘΗΚΗ,ZOGRAFEIOS GREEK LIBRARY,ΕΞΕΔΟΘΗΣΑΝ ΜΕΧΡΙ ΤΕΛΟΥΣ ΤΟΥ 1920,PUBLISHED UNTIL THE END OF 1920,Ξενοφῶντος,Xenophon,Xenophon,Ἰωάννου Πανταζίδου,Ἀνάβασις,Anabasis,646,,"History, Literature, Philology",False
image_0234_left.png,Book,ΖΩΓΡΑΦΕΙΟΣ ΕΛΛΗΝΙΚΗ ΒΙΒΛΙΟΘΗΚΗ,ZOGRAFEIOS GREEK LIBRARY,ΕΞΕΔΟΘΗΣΑΝ ΜΕΧΡΙ ΤΕΛΟΥΣ ΤΟΥ 1920,PUBLISHED UNTIL THE END OF 1920,Πλάτων,Plato,Plato,Σπυρίδωνος Μωραΐτου,"Τόμος Α.' περιέχων Εἰσαγωγήν, Ἀπολογίαν Κρίτωνα, Γοργίαν.","Volume I containing Introduction, Apology, Crito, Gorgias.",ις'+800,,"Philosophy, Philology",False
image_0234_left.png,Book,ΖΩΓΡΑΦΕΙΟΣ ΕΛΛΗΝΙΚΗ ΒΙΒΛΙΟΘΗΚΗ,ZOGRAFEIOS GREEK LIBRARY,ΕΞΕΔΟΘΗΣΑΝ ΜΕΧΡΙ ΤΕΛΟΥΣ ΤΟΥ 1920,PUBLISHED UNTIL THE END OF 1920,Πλάτων,Plato,Plato,Σπυρίδωνος Μωραΐτου,"Τόμος Β.' περιέχων Εὐθύφρονα, Λάχητα, Ἱππίαν μείζονα, Ἱππίαν ἐλάττονα, Ἴωνα, Λῦσιν, Χαρμίδην, Πρωταγόραν, Εὐθύδημον.","Volume II containing Euthyphro, Laches, Hippias Major, Hippias Minor, Ion, Lysis, Charmides, Protagoras, Euthydemus.",λς'+728,,"Philosophy, Philology",False
image_0234_left.png,Book,ΖΩΓΡΑΦΕΙΟΣ ΕΛΛΗΝΙΚΗ ΒΙΒΛΙΟΘΗΚΗ,ZOGRAFEIOS GREEK LIBRARY,ΕΞΕΔΟΘΗΣΑΝ ΜΕΧΡΙ ΤΕΛΟΥΣ ΤΟΥ 1920,PUBLISHED UNTIL THE END OF 1920,Πλάτων,Plato,Plato,Σπυρίδωνος Μωραΐτου,"Τόμος Γ'. περιέχων Θεαίτητον, Φίληβον, Μένωνα, Μενέξενον.","Volume III containing Theaetetus, Philebus, Meno, Menexenus.",764,,"Philosophy, Philology",False
image_0234_left.png,Book,ΖΩΓΡΑΦΕΙΟΣ ΕΛΛΗΝΙΚΗ ΒΙΒΛΙΟΘΗΚΗ,ZOGRAFEIOS GREEK LIBRARY,ΕΞΕΔΟΘΗΣΑΝ ΜΕΧΡΙ ΤΕΛΟΥΣ ΤΟΥ 1920,PUBLISHED UNTIL THE END OF 1920,Λυσίου,Lysias,Lysias,Ἀναστασίου Ι. Ζάκα,Λόγοι καὶ ἀποσπάσματα εἰς δύο τόμους. Τόμ. Α'.,Speeches and fragments in two volumes. Vol. I.,731,,"Literature, Philology",False
image_0234_left.png,Book,ΖΩΓΡΑΦΕΙΟΣ ΕΛΛΗΝΙΚΗ ΒΙΒΛΙΟΘΗΚΗ,ZOGRAFEIOS GREEK LIBRARY,ΕΞΕΔΟΘΗΣΑΝ ΜΕΧΡΙ ΤΕΛΟΥΣ ΤΟΥ 1920,PUBLISHED UNTIL THE END OF 1920,Λυσίου,Lysias,Lysias,Ἀναστασίου Ι. Ζάκα,Λόγοι καὶ ἀποσπάσματα εἰς δύο τόμους. Τόμος Β.',Speeches and fragments in two volumes. Volume II.,846,,"Literature, Philology",False
image_0234_right.png,Public Lecture,1871 - 1872,1871 - 1872,,,Ἡρ. Βασιάδης,Her. Vasiadis,Heraklis Vasiadis,,Ἑλληνικὴ Γραμματολογία,Greek Literature,,(εἰς 4 διαλέξεις),"Literature, Philology",False
image_0234_right.png,Public Lecture,1871 - 1872,1871 - 1872,,,Κ. Καραθεοδωρῆ,K. Karatheodori,Konstantinos Karatheodoris,,Ὑγιεινὴ,Hygiene,,(εἰς 14 διαλέξεις),"Medicine, Public Health",False
image_0234_right.png,Public Lecture,1871 - 1872,1871 - 1872,,,Α. Τάγης,A. Tagis,A. Tagis,,Γεωλογία (περὶ σεισμῶν),Geology (about earthquakes),,(εἰς 2 διαλέξεις),"Geology, Earth Sciences",False
image_0234_right.png,Public Lecture,1871 - 1872,1871 - 1872,,,Ἀθ. Βερναρδάκης,Ath. Vernardakis,Athanasios Vernardakis,,Οἱ Ρωμαῖοι ὑπὸ οἰκονομοπολιτικὴν ἔποψιν.,The Romans from a political-economic perspective.,,,"History, Economics, Political Science",False
image_0234_right.png,Public Lecture,1871 - 1872,1871 - 1872,,,Ι. Ἀριστοκλῆς,I. Aristoklis,Ioannis Aristoklis,,Εἰσαγωγὴ εἰς τὴν Γενικὴν ἱστορίαν,Introduction to General History,,(6 διαλέξεις),History,False
image_0234_right.png,Public Lecture,1871 - 1872,1871 - 1872,,,Κ. Μαλιάδης,K. Maliadis,K. Maliadis,,Ἐπιρροὴ τῆς Στωϊκῆς φιλοσοφίας εἰς τὴν μόρφωσιν τοῦ ρωμαϊκοῦ δικαίου,Influence of Stoic philosophy on the formation of Roman law,,(διαλέξεις 3),"Philosophy, Law, History",False
image_0234_right.png,Public Lecture,1871 - 1872,1871 - 1872,,,Α. Σπαθάρης,A. Spatharis,A. Spatharis,,Περὶ τῶν ἀλλοιώσεων τοῦ ἐξωτερικοῦ φλοιοῦ τῆς γῆς,On the alterations of the earth's outer crust,,(διαλέξεις 3),"Geology, Earth Sciences",False
image_0234_right.png,Public Lecture,1871 - 1872,1871 - 1872,,,Α. Σπαθάρης,A. Spatharis,A. Spatharis,,Κοσμογραφία,Cosmography,,(διαλέξεις 6),"Astronomy, Geography",False
image_0234_right.png,Public Lecture,1871 - 1872,1871 - 1872,,,Ἀλ. Ραγκαβῆς,Al. Ragkavis,Alexandros Rizos Ragkavis,,Περὶ ἀρχαίου Ἑλλην. θεάτρου.,On ancient Greek theater.,,,"Classics, Theater, History",False
image_0234_right.png,Public Lecture,1871 - 1872,1871 - 1872,,,Ἀθ. Βερναρδάκης,Ath. Vernardakis,Athanasios Vernardakis,,Περὶ πολυτελείας.,On luxury.,,,"Sociology, Economics, Philosophy",False
image_0234_right.png,Public Lecture,1871 - 1872,1871 - 1872,,,Ι. Ἀριστοκλῆς,I. Aristoklis,Ioannis Aristoklis,,Περὶ φαντασίας.,On imagination.,,,"Psychology, Philosophy",False
image_0234_right.png,Public Lecture,1871 - 1872,1871 - 1872,,,Ι. Καρολίδης,I. Karolidis,Pavlos Karolidis,,Περὶ διαιρέσεως τῶν Ἀρίων γλωσσῶν καὶ φυλῶν,On the division of Aryan languages and races,,(διαλέξεις 2),"Linguistics, Anthropology",False
image_0234_right.png,Public Lecture,1871 - 1872,1871 - 1872,,,Ι. Καρολίδης,I. Karolidis,Pavlos Karolidis,,Περὶ τῶν Σημιτικῶν γλωσσῶν,On Semitic languages,,(διαλέξεις 3),Linguistics,False
image_0234_right.png,Public Lecture,1871 - 1872,1871 - 1872,,,Γ. Χασιώτης,G. Chasiotis,Georgios Chasiotis,,Περὶ Ἰουλίου Καίσαρος.,On Julius Caesar.,,,"History, Classics",False
image_0234_right.png,Public Lecture,1871 - 1872,1871 - 1872,,,Ι. Λαζόπουλος,I. Lazopoulos,I. Lazopoulos,,Κατακτήσεις Ἀράβων ἐν Ἀρμενίᾳ.,Arab conquests in Armenia.,,,History,False
image_0234_right.png,Public Lecture,1871 - 1872,1871 - 1872,,,Α. Βερναρδάκης,A. Vernardakis,Athanasios Vernardakis,,Ἡ Κόρινθος καὶ ὁ Ἰσθμὸς αὐτῆς.,Corinth and its Isthmus.,,,"Geography, History",False
image_0234_right.png,Public Lecture,1871 - 1872,1871 - 1872,,,Μ. Παρανίκας,M. Paranikas,Matthaios Paranikas,,Ἱστορία τῆς Γερμανίας.,History of Germany.,,(διαλέξεις 3),History,False
image_0234_right.png,Public Lecture,1871 - 1872,1871 - 1872,,,Α. Δημητριάδης,A. Dimitriadis,A. Dimitriadis,,Ἀνάλυσις Ἀντιγόνης τοῦ Σοφοκλέους,Analysis of Sophocles' Antigone,,(διαλ 2),"Literature, Classics",False
image_0234_right.png,Public Lecture,1871 - 1872,1871 - 1872,,,Γ. Χασιώτης,G. Chasiotis,Georgios Chasiotis,,Εἰσαγωγὴ εἰς τὰ κατὰ τὴν ἅλωσιν τῆς Κ/πόλεως ὑπὸ τῶν Φράγκων.,Introduction to the events of the capture of Constantinople by the Franks.,,,History,False
image_0234_right.png,Public Lecture,1871 - 1872,1871 - 1872,,,Π. Καλλιβούρσης,P. Kallivoursis,P. Kallivoursis,,"Περὶ ἐγκεφάλου, ψυχολογικῶς θεωρουμένου","On the brain, considered psychologically",,,"Psychology, Neuroscience, Philosophy",False
image_0234_right.png,Public Lecture,1871 - 1872,1871 - 1872,,,Ἀθ. Βερναρδάκης,Ath. Vernardakis,Athanasios Vernardakis,,Περὶ τελωνείου καὶ τοῦ προστατευτικοῦ συστήματος.,On customs and the protectionist system.,,,"Economics, Political Science",False
image_0234_right.png,Public Lecture,1871 - 1872,1871 - 1872,,,Ξ. Ζωγράφος,X. Zografos,Xenofon Zografos,,Περὶ μιασμάτων.,On miasmas.,,,"Medicine, Public Health",False
image_0234_right.png,Public Lecture,1871 - 1872,1871 - 1872,,,Α. Δημητριάδης,A. Dimitriadis,A. Dimitriadis,,Περὶ τῶν τελευταίων περιπετειῶν τῆς ἐν Ἀλεξανδρείᾳ βιβλιοθήκης.,On the final adventures of the library in Alexandria.,,,"History, Library Science",False
image_0234_right.png,Public Lecture,1871 - 1872,1871 - 1872,,,Ι. Καρολίδης,I. Karolidis,Pavlos Karolidis,,Ἱστορία τῆς Γαλλικῆς γλώσσης,History of the French language,,(διαλ. 2),"Linguistics, History",False
image_0234_right.png,Public Lecture,1871 - 1872,1871 - 1872,,,Ι. Ἀριστοκλῆς,I. Aristoklis,Ioannis Aristoklis,,Περὶ τῶν ἠθικῶν ἐνστιγμάτων,On moral instincts,,(διαλ. 2),"Philosophy, Ethics, Psychology",False
image_0234_right.png,Public Lecture,1871 - 1872,1871 - 1872,,,Γ. Χασιώτης,G. Chasiotis,Georgios Chasiotis,,Ὁ μεταξὺ Δημοσθένους καὶ Αἰσχίνου ἀγὼν (1ον μέρος),The struggle between Demosthenes and Aeschines (1st part),,,"Classics, History, Rhetoric",False
image_0234_right.png,Public Lecture,1871 - 1872,1871 - 1872,,,Ἡρ. Βασιάδης,Her. Vasiadis,Heraklis Vasiadis,,Περὶ Ἡσιόδου καὶ τῶν ἔργων αὐτοῦ.,On Hesiod and his works.,,,"Literature, Classics",False
image_0234_right.png,Public Lecture,1871 - 1872,1871 - 1872,,,Ι. Ἀριστοκλῆς,I. Aristoklis,Ioannis Aristoklis,,Περὶ θείου ἔρωτος.,On divine love.,,,"Theology, Philosophy",False
image_0234_right.png,Public Lecture,1871 - 1872,1871 - 1872,,,Κ. Καλλιάδης,K. Kalliadis,K. Kalliadis,,Περὶ τῆς ἐννεαημέρου βασιλίσσης Ἰωάννης,On the nine-day queen Jane,,,History,False
image_0234_right.png,Public Lecture,1871 - 1872,1871 - 1872,,,Κ. Καλλιάδης,K. Kalliadis,K. Kalliadis,,Περὶ μεταρρυθμίσεως τοῦ παρ' ἡμῖν ἐκπαιδευτικοῦ συστήματος.,On the reform of our educational system.,,,Education,False
image_0234_right.png,Public Lecture,1872 - 1873,1872 - 1873,,,Ι. Ἀριστοκλῆς,I. Aristoklis,Ioannis Aristoklis,,Περὶ τῆς πρωτογόνου καὶ δευτερογόνου συνειδήσεως τῆς ἀνθρωπότητος,On the primary and secondary consciousness of humanity,,(διαλ. 5),"Philosophy, Psychology, Anthropology",False
image_0234_right.png,Public Lecture,1872 - 1873,1872 - 1873,,,Κ. Καραθεοδωρῆ,K. Karatheodori,Konstantinos Karatheodoris,,Περὶ ὑγιεινῆς,On hygiene,,(διάλ. 7),"Medicine, Public Health",False
image_0234_right.png,Public Lecture,1872 - 1873,1872 - 1873,,,Α. Σπαθάρης,A. Spatharis,A. Spatharis,,Κοσμογραφία,Cosmography,,(διαλ. 7),"Astronomy, Geography",False
image_0234_right.png,Public Lecture,1872 - 1873,1872 - 1873,,,Γ. Δημητριάδης,G. Dimitriadis,G. Dimitriadis,,Πρακτικὴ Γεωμετρία,Practical Geometry,,(διαλ. 2),Mathematics,False
image_0234_right.png,Public Lecture,1872 - 1873,1872 - 1873,,,Ι. Ἀριστοκλῆς,I. Aristoklis,Ioannis Aristoklis,,Περὶ τῶν δυνάμεων τῆς ψυχῆς.,On the faculties of the soul.,,,"Psychology, Philosophy",False
image_0234_right.png,Public Lecture,1872 - 1873,1872 - 1873,,,Ι. Ἀριστοκλῆς,I. Aristoklis,Ioannis Aristoklis,,Περὶ πνευματικῶν δυνάμεων τοῦ ἀνθρώπων,On the spiritual faculties of men,,(δ. 2.),"Psychology, Philosophy, Theology",False
image_0234_right.png,Public Lecture,1872 - 1873,1872 - 1873,,,Ι. Ἀριστοκλῆς,I. Aristoklis,Ioannis Aristoklis,,Περὶ τῶν ἀρχαίων λαῶν τῆς Ἀνατολῆς,On the ancient peoples of the East,,(διαλ. 2),"History, Archaeology",False
image_0234_right.png,Public Lecture,1872 - 1873,1872 - 1873,,,Δ. Φίλιος,D. Filios,D. Filios,,Περὶ θεάτρου καὶ δραματικῆς ποιήσεως,On theater and dramatic poetry,,(διαλ. 2),"Literature, Theater",False
image_0234_right.png,Public Lecture,1872 - 1873,1872 - 1873,,,Μ. Παρανίκας,M. Paranikas,Matthaios Paranikas,,Ἱστορία Ἑλληνικὴ μετὰ τὴν ἅλωσιν,Greek History after the fall,,(διαλ. 2),History,False
image_0234_right.png,Public Lecture,1872 - 1873,1872 - 1873,,,Ι. Καρολίδης,I. Karolidis,Pavlos Karolidis,,Φιλολογικά.,Philological matters.,,,"Philology, Literature",False
image_0234_right.png,Public Lecture,1872 - 1873,1872 - 1873,,,Ι. Καλλιάδης,I. Kalliadis,I. Kalliadis,,Ἡ γυνὴ ἐν τῇ οἰκογενείᾳ καὶ τῇ πολιτείᾳ,Woman in the family and the state,,(δ. 4.),"Sociology, Gender Studies, Political Science",False
image_0234_right.png,Public Lecture,1872 - 1873,1872 - 1873,,,Ξ. Ζωγράφος,X. Zografos,Xenofon Zografos,,Περὶ γάμου ὑπὸ ὑγιεινὴν ἔποψιν.,On marriage from a hygienic perspective.,,,"Medicine, Public Health, Sociology",False
image_0235_left.png,Public Lecture,1872 - 1873,1872 - 1873,,,Α. Δημητριάδης,,,,Ἱστορία τῆς κλασσικῆς φιλολογίας ἐν τῷ Μεσαίωνι,,,(διαλ. 2),"Philology, History",False
image_0235_left.png,Public Lecture,1872 - 1873,1872 - 1873,,,Ἀθ. Βερναρδάκης,,,,Οἱ Ἕλληνες ὑπὸ οἰκονομολογ. ἔποψιν,,,(διαλ. 2),"Economics, History",False
image_0235_left.png,Public Lecture,1872 - 1873,1872 - 1873,,,Δ. Μαλιάδης,,,,Περὶ δικαιωμάτων καὶ ὑποχρεώσεων τῆς γυναικός.,,,,"Law, Sociology",False
image_0235_left.png,Public Lecture,1872 - 1873,1872 - 1873,,,Π. Καλλιβούρσης,,,,Ἰατρικὴ μετεωρολογία.,,,,"Medicine, Meteorology",False
image_0235_left.png,Public Lecture,1873 - 1874,1873 - 1874,,,Κ. Καραθεοδωρῆ,,,,Ἀνθρωπολογία.,,,(δ. 7),Anthropology,False
image_0235_left.png,Public Lecture,1873 - 1874,1873 - 1874,,,Γ. Δημητριάδης,,,,Πρακτικὴ καὶ ἐφηρμοσμένη Γεωμετρία,,,(διαλ. 6),Mathematics,False
image_0235_left.png,Public Lecture,1873 - 1874,1873 - 1874,,,Ι. Καρολίδης,,,,Περὶ ψυχῆς καὶ σώματος.,,,,"Philosophy, Psychology",False
image_0235_left.png,Public Lecture,1873 - 1874,1873 - 1874,,,Ι. Ἀριστοκλῆς,,,,Περὶ τοῦ Ἄθω,,,(διαλ. 5),"Geography, History",False
image_0235_left.png,Public Lecture,1873 - 1874,1873 - 1874,,,Δ. Δημητριάδης,,,,Ἱστορία τῆς κλασσικῆς φιλολογίας κατὰ τὸν Μεσαίωνα,,,(διαλ. 5),"Philology, History",False
image_0235_left.png,Public Lecture,1873 - 1874,1873 - 1874,,,Μ. Παρανίκας,,,,Ἀνάλυσις Προμηθέως δεσμώτου.,,,,"Philology, Literature",False
image_0235_left.png,Public Lecture,1873 - 1874,1873 - 1874,,,Ἰ. Καρολίδης,,,,Περὶ ἐλευθέρας θελήσεως,,,(διαλ. 2),Philosophy,False
image_0235_left.png,Public Lecture,1873 - 1874,1873 - 1874,,,Ἰ. Καρολίδης,,,,Περὶ τοῦ δ' Καρχηδονικοῦ πολέμου,,,,History,False
image_0235_left.png,Public Lecture,1873 - 1874,1873 - 1874,,,Χρ. Χατζηχρήστου,,,,Περὶ ἀρχαίας κωμῳδίας,,,(διαλ. 3),"Philology, Literature",False
image_0235_left.png,Public Lecture,1873 - 1874,1873 - 1874,,,Ἰ. Ἀριστοκλῆς,,,,Περὶ τῶν ἀρχαιοτάτων ἐθνῶν τῆς Ἀνατολῆς,,,(δ. 5),"History, Archaeology",False
image_0235_left.png,Public Lecture,1873 - 1874,1873 - 1874,,,,Rossidi Giustiniani,,,Περὶ τοῦ δαιμονίου τοῦ Σωκράτους.,,,,Philosophy,False
image_0235_left.png,Public Lecture,1873 - 1874,1873 - 1874,,,Φίλιππος Λουζῆς,,,,Λυρικὴ ποίησις.,,,,"Literature, Philology",False
image_0235_left.png,Public Lecture,1873 - 1874,1873 - 1874,,,Χρ. Χατζηχρήστου,,,,Περὶ τῆς ἀρχαίας κωμῳδίας.,,,,"Philology, Literature",False
image_0235_left.png,Public Lecture,1873 - 1874,1873 - 1874,,,Ἀνδ. Σπαθάρης,,,,Κοσμογραφία.,,,,"Astronomy, Geography",False
image_0235_left.png,Public Lecture,1874 - 1875,1874 - 1875,,,Ἰ. Ἀριστοκλῆς,,,,Ἱστορικὰ περὶ τῆς ἀναγεννήσεως τῶν γραμμάτων,,,(διαλ. 2),"History, Philology",False
image_0235_left.png,Public Lecture,1874 - 1875,1874 - 1875,,,Κ. Καραθεοδωρῆ,,,,Βοτανική,,,(διαλ. 3),Botany,False
image_0235_left.png,Public Lecture,1874 - 1875,1874 - 1875,,,Κ. Καραθεοδωρῆ,,,,Περὶ ἠλεκτρισμοῦ,,,(διαλ. 5),Physics,False
image_0235_left.png,Public Lecture,1874 - 1875,1874 - 1875,,,Δ. Λάκων,,,,Ἡ γυνὴ ἀναφορικῶς πρὸς τὸ δίκαιον.,,,(διαλ. 7),"Law, Sociology",False
image_0235_left.png,Public Lecture,1874 - 1875,1874 - 1875,,,Α. Ζωηρός,,,,Ὑγιεινή,,,(διαλ. 3),"Medicine, Public Health",False
image_0235_left.png,Public Lecture,1874 - 1875,1874 - 1875,,,Ι. Ζῖφος,,,,Φυσιολογία,,,(διαλ. 3),"Physiology, Biology",False
image_0235_left.png,Public Lecture,1874 - 1875,1874 - 1875,,,Ἀνδ. Σπαθάρης,,,,Φυσικὴ Γεωγραφία,,,(διαλ. 8),Geography,False
image_0235_left.png,Public Lecture,1874 - 1875,1874 - 1875,,,Γ. Χασιώτης,,,,Τὰ Μουσεῖα Παρισίων καὶ Βιέννης,,,(διαλ. 7),"Museology, Art History",False
image_0235_left.png,Public Lecture,1874 - 1875,1874 - 1875,,,Δ. Μαλιάδης,,,,Περὶ ποιήσεως καὶ ὡραίων τεχνῶν,,,(διαλ. 4),"Aesthetics, Art History",False
image_0235_left.png,Public Lecture,1874 - 1875,1874 - 1875,,,Ν. Βεγλερῆς,,,,Ἐπιστημονικὰ πρακτικὰ μελετήματα (ἱστορία τῆς μαιευτικῆς),,,διαλ. 2),"History of Medicine, Obstetrics",False
image_0235_left.png,Public Lecture,1874 - 1875,1874 - 1875,,,Α. Σπαθάρης,,,,Πειραματικὴ φυσική,,,,Physics,False
image_0235_left.png,Public Lecture,1874 - 1875,1874 - 1875,,,,Mme Caroline Furet,,,,Les écoles en Orient.,,,"Education, History",False
image_0235_left.png,Public Lecture,1874 - 1875,1874 - 1875,,,Σ. Καραθεοδωρῆ,,,,Γερμανικὴ φιλολογία,,,(διαλ. 6),"Philology, Literature",False
image_0235_left.png,Public Lecture,1874 - 1875,1874 - 1875,,,Ὀδ. Ἰάλεμος,,,,Ἠθικά. Μητρικὴ στοργή,,,(διαλ. 3),"Ethics, Psychology",False
image_0235_left.png,Public Lecture,1874 - 1875,1874 - 1875,,,Ξ. Ζωγράφος,,,,Περὶ αὐτοκτονίας ὑπὸ ἐπιστημονικὴν καὶ κοινωνικὴν ἔποψιν,,,(διαλ. 2),"Sociology, Psychology",False
image_0235_left.png,Public Lecture,1874 - 1875,1874 - 1875,,,Σ. Βουτυρᾶς,,,,Σύγχρονος ἱστορία,,,(δ. 2),History,False
image_0235_left.png,Public Lecture,1875 - 1876,1875 - 1876,,,Ι. Ζῖφος,,,,Περὶ πενίας καὶ φθίσεως.,,,,"Medicine, Sociology",False
image_0235_left.png,Public Lecture,1875 - 1876,1875 - 1876,,,Ἀν. Τάγης,,,,Γεωλογία,,,(διαλ. 2),Geology,False
image_0235_left.png,Public Lecture,1875 - 1876,1875 - 1876,,,Γ. Λιανόπουλος,,,,Κοσμογραφία,,,(διαλ. 5),"Astronomy, Geography",False
image_0235_left.png,Public Lecture,1875 - 1876,1875 - 1876,,,Κ. Καραθεοδωρῆ,,,,Ἱστορία τῆς ἀρχιτεκτονικῆς,,,(διαλ. 2),History of Architecture,False
image_0235_left.png,Public Lecture,1875 - 1876,1875 - 1876,,,Ἀνδ. Σπαθάρης,,,,Φυσικὴ,,,(διαλ. 5),Physics,False
image_0235_left.png,Public Lecture,1875 - 1876,1875 - 1876,,,Καλλιόπη Κεχαγιᾶ,,,,Περὶ τῆς ἑνότητος τῆς Ἑλληνικῆς τέχνης.,,,,Art History,False
image_0235_left.png,Public Lecture,1875 - 1876,1875 - 1876,,,Α. Ζωηρός,,,,Ὑγιεινὴ,,,(διαλ. 6),"Medicine, Public Health",False
image_0235_left.png,Public Lecture,1875 - 1876,1875 - 1876,,,,A. Synvet,,,Περὶ τοῦ διεθνοῦς συνεδρίου τῶν γεωγραφικῶν ἐπιστημῶν.,,,,Geography,False
image_0235_left.png,Public Lecture,1875 - 1876,1875 - 1876,,,,Sarah Marshall,,,Περὶ τῆς ἀναπτύξεως τῆς ἀληθοῦς ζωῆς.,,,,"Philosophy, Ethics",False
image_0235_left.png,Public Lecture,1875 - 1876,1875 - 1876,,,Δ. Τάγης,,,,Περὶ τοῦ ἰδιωτικοῦ βίου τῶν ἀρχαίων Ἑλλήνων.,,,,"History, Archaeology",False
image_0235_left.png,Public Lecture,1875 - 1876,1875 - 1876,,,Ι. Ἀριστοκλῆς,,,,Ἱστορία τῆς Φιλοσοφίας.,,,(διαλ. 5),History of Philosophy,False
image_0235_left.png,Public Lecture,1875 - 1876,1875 - 1876,,,Α. Πασπάτης,,,,Περὶ ταξειδίων εἰς τὸν Βόρειον πόλον,,,(διάλ. 5),"Geography, Exploration",False
image_0235_left.png,Public Lecture,1875 - 1876,1875 - 1876,,,Ι. Ζῖφος,,,,Περὶ τοῦ ἀνθρώπου πρὸ τῆς ἱστορίας.,,,(διάλ 3),"Anthropology, Prehistory",False
image_0235_left.png,Public Lecture,1875 - 1876,1875 - 1876,,,,A. Synvet,,,Περὶ τοῦ διεθνοῦς συνεδρίου τῶν γεωγραφικῶν ἐπιστημῶν.,,,,Geography,False
image_0235_left.png,Public Lecture,1875 - 1876,1875 - 1876,,,,A. Synvet,,,Περὶ τῶν ἐν τῇ κεντρικῇ Ἀσίᾳ Ρώσων καὶ Ἄγγλων.,,,,"History, Geography, Political Science",False
image_0235_left.png,Public Lecture,1875 - 1876,1875 - 1876,,,,A. Synvet,,,Περὶ τῆς φιλολ. ἱστορίας τῆς Γαλλίας κατὰ τὸν Μεσαίωνα.,,,,"Philology, History",False
image_0235_left.png,Public Lecture,1875 - 1876,1875 - 1876,,,Καλλιόπη Κεχαγιᾶ,,,,Περὶ Προμηθέως δεσμώτου τοῦ Αἰσχύλου.,,,,"Philology, Literature",False
image_0235_right.png,Public Lecture,1876 - 1877,1876 - 1877,,,Ν. Φρυδᾶς,N. Frydas,Νικόλαος Φρυδᾶς,,Ἀνθρωπολογία.,Anthropology.,,,Anthropology,False
image_0235_right.png,Public Lecture,1876 - 1877,1876 - 1877,,,Ν. Φρυδᾶς,N. Frydas,Νικόλαος Φρυδᾶς,,Παιδαγωγικά. Περὶ ὑγιοῦς τῶν παίδων ἀγωγῆς.,Pedagogy. On the healthy upbringing of children.,,,Pedagogy,False
image_0235_right.png,Public Lecture,1876 - 1877,1876 - 1877,,,Ν. Φρυδᾶς,N. Frydas,Νικόλαος Φρυδᾶς,,Ψυχολογία καὶ θεολογία κατὰ Πλάτωνα.,Psychology and theology according to Plato.,,,"Psychology, Theology, Philosophy",False
image_0235_right.png,Public Lecture,1876 - 1877,1876 - 1877,,,Ἀνδ. Σπαθάρης,And. Spatharis,Ἀνδρέας Σπαθάρης,,Φυσικὰ μαθήματα,Physics lessons,,(διαλ. 5).,Physics,False
image_0235_right.png,Public Lecture,1876 - 1877,1876 - 1877,,,Δ. Σταματιάδης,D. Stamatiadis,Δημήτριος Σταματιάδης,,Περὶ προϊούσης ἀναπτύξεως τῶν ἐμψύχων ὄντων,On the progressive development of animate beings,,(διαλ. 3).,Biology,False
image_0235_right.png,Public Lecture,1876 - 1877,1876 - 1877,,,Οδ. Ἰάλεμος,Od. Ialemos,Ὀδυσσεύς Ἰάλεμος,,Ἱστορικά,Historical matters,,(διαλ. 3),History,False
image_0235_right.png,Public Lecture,1876 - 1877,1876 - 1877,,,Ι. Καρολίδης,I. Karolidis,Ιωάννης Καρολίδης,,Φυσικὴ γεωγραφία,Physical geography,,(δ. 4).,Geography,False
image_0235_right.png,Public Lecture,1876 - 1877,1876 - 1877,,,Δ. Τάγης,D. Tagis,Δημήτριος Τάγης,,Περὶ ἀναπνοῆς.,On respiration.,,,"Biology, Medicine",False
image_0235_right.png,Public Lecture,1876 - 1877,1876 - 1877,,,Δ. Τάγης,D. Tagis,Δημήτριος Τάγης,,Περὶ πέψεως.,On digestion.,,,"Biology, Medicine",False
image_0235_right.png,Public Lecture,1876 - 1877,1876 - 1877,,,Ι. Ἱεροψάλτης,I. Ieropsaltis,Ιωάννης Ἱεροψάλτης,,Ἱστορία τῆς μουσικῆς.,History of music.,,(διαλ. 3).,"Musicology, History",False
image_0235_right.png,Public Lecture,1876 - 1877,1876 - 1877,,,Ι. Καραβασίλης,I. Karavasilis,Ιωάννης Καραβασίλης,,Περὶ πολιτικῆς οἰκονομίας.,On political economy.,,,"Economics, Political Science",False
image_0235_right.png,Public Lecture,1876 - 1877,1876 - 1877,,,Ι. Ἀλιβέρτης,I. Alivertis,Ιωάννης Ἀλιβέρτης,,Μελέτη ἐπὶ τῆς νέας Ἑλλην. ποιήσεως.,Study on modern Greek poetry.,,,"Philology, Literature",False
image_0235_right.png,Public Lecture,1877 - 1878,1877 - 1878,,,Γ. Δημητριάδης,G. Dimitriadis,Γεώργιος Δημητριάδης,,Πρακτικὴ καὶ ἐφηρμοσμένη γεωμετρία,Practical and applied geometry,,(διαλ. 6).,Mathematics,False
image_0235_right.png,Public Lecture,1877 - 1878,1877 - 1878,,,Ν. Φρυδᾶς,N. Frydas,Νικόλαος Φρυδᾶς,,Θεωρία τοῦ Λαβουραζιέρου - Περὶ ἀναπνοῆς,Lavoisier's theory - On respiration,,(διαλ. 2).,"Chemistry, Biology",False
image_0235_right.png,Public Lecture,1877 - 1878,1877 - 1878,,,Ν. Φρυδᾶς,N. Frydas,Νικόλαος Φρυδᾶς,,Περὶ πέψεως,On digestion,,(διαλ. 2).,"Biology, Medicine",False
image_0235_right.png,Public Lecture,1877 - 1878,1877 - 1878,,,Δ. Σταματιάδης,D. Stamatiadis,Δημήτριος Σταματιάδης,,Ἀρχαία ἱστορία τοῦ πυρὸς,Ancient history of fire,,(διαλ. 2),"History, Anthropology",False
image_0235_right.png,Public Lecture,1877 - 1878,1877 - 1878,,,Κ. Μακρῆς,K. Makris,Κωνσταντίνος Μακρῆς,,Φυσιολογία ἤτοι περὶ γάλακτος ἐν γένει καὶ ἰδίᾳ περὶ γυναικείου γάλακτος μετὰ πειραμάτων,"Physiology, that is, on milk in general and specifically on human milk, with experiments",,(διαλ. 3).,"Physiology, Medicine",False
image_0235_right.png,Public Lecture,1877 - 1878,1877 - 1878,,,Φ. Τάγης,F. Tagis,Φώτιος Τάγης,,Φυσιολογικά.,Physiological matters.,,,"Physiology, Biology",False
image_0235_right.png,Public Lecture,1877 - 1878,1877 - 1878,,,Δ. Σταματιάδης,D. Stamatiadis,Δημήτριος Σταματιάδης,,Περὶ τῆς κοινωνικῆς καταστάσεως τῶν γυναικῶν καὶ τέκνων ἐν ἔθνεσι μαχίμοις ὡς καὶ ἐν λαοῖς βιομηχάνοις,On the social status of women and children in martial nations as well as in industrial peoples,,(διαλ. 3).,"Sociology, History",False
image_0235_right.png,Public Lecture,1877 - 1878,1877 - 1878,,,Ι. Καρολίδης,I. Karolidis,Ιωάννης Καρολίδης,,Περὶ τῆς ἐν τῇ φύσει τελεολογίας φιλολογικῶς ἐξεταζομένης.,On teleology in nature examined philologically.,,,"Philosophy, Philology",False
image_0235_right.png,Public Lecture,1877 - 1878,1877 - 1878,,,Ἡρ. Βασιάδης,Ir. Vasiadis,Ηρακλής Βασιάδης,,Περὶ τῶν τριῶν ἱστορικῶν φυλῶν τοῦ ἀνθρωπίνου γένους,On the three historical races of the human species,,(διαλ. 5).,"Anthropology, History",False
image_0235_right.png,Public Lecture,1877 - 1878,1877 - 1878,,,Α. Σπαθάρης,A. Spatharis,Ανδρέας Σπαθάρης,,Φυσικὰ,Physics,,(διαλ. 5),Physics,False
image_0235_right.png,Public Lecture,1877 - 1878,1877 - 1878,,,Οδ. Ἰάλεμος,Od. Ialemos,Ὀδυσσεύς Ἰάλεμος,,Ἑρμηνεία τοῦ ἡγεμόνος τοῦ Μακιαβέλη,Interpretation of Machiavelli's Prince,,(διαλ 5).,"Political Science, Philosophy",False
image_0235_right.png,Public Lecture,1877 - 1878,1877 - 1878,,,Ι. Ζῖφος,I. Zifos,Ιωάννης Ζῖφος,,Περὶ τοῦ ἀνθρώπου ὡς μηχανῆς θεωρουμένου.,On man considered as a machine.,,,"Philosophy, Biology",False
image_0235_right.png,Public Lecture,1877 - 1878,1877 - 1878,,,Γ. Ἀποστολίδης,G. Apostolidis,Γεώργιος Ἀποστολίδης,,Ἐκ τῆς ἱστορίας τοῦ Ρωμαϊκοῦ δικαίου,From the history of Roman law,,(διαλ. 4).,"Law, History",False
image_0235_right.png,Public Lecture,1878 - 1879,1878 - 1879,,,Δ. Σταματιάδης,D. Stamatiadis,Δημήτριος Σταματιάδης,,Περὶ πολιτισμοῦ καὶ ἐπιστήμης.,On civilization and science.,,,"Sociology, Philosophy",False
image_0235_right.png,Public Lecture,1878 - 1879,1878 - 1879,,,Δ. Σταματιάδης,D. Stamatiadis,Δημήτριος Σταματιάδης,,Περὶ ἀποθεώσεως τοῦ ἀτμοῦ.,On the apotheosis of steam.,,,"History of Science, Engineering",False
image_0235_right.png,Public Lecture,1878 - 1879,1878 - 1879,,,Ι. Γεωργαντόπουλος,I. Georgantopoulos,Ιωάννης Γεωργαντόπουλος,,Περὶ ἐμπορικοῦ δικαίου ἐν γένει καὶ ἰδίᾳ περὶ τῶν ἐν ἰσχύϊ ἐμπορικῶν νομοθεσιῶν παρὰ τοῖς διαφόροις ἔθνεσι,On commercial law in general and specifically on the commercial legislation in force among various nations,,(διαλ. 2).,Law,False
image_0235_right.png,Public Lecture,1878 - 1879,1878 - 1879,,,Θ. Ἀντωνιάδης,Th. Antoniadis,Θεόδωρος Ἀντωνιάδης,,Περὶ πολιτευμάτων καὶ ἰδίᾳ περὶ συνταγματικοῦ πολιτεύματος,On forms of government and specifically on constitutional government,,(διαλ. 3).,"Political Science, Law",False
image_0235_right.png,Public Lecture,1878 - 1879,1878 - 1879,,,Δ. Σταματιάδης,D. Stamatiadis,Δημήτριος Σταματιάδης,,"Περὶ ἐργασίας ἤτοι περὶ μισθοδοσίας, ἀξίας τῶν πρὸς ζωὴν ἀναγκαίων καὶ περὶ τῆς καταστάσεως τῶν ἐργατικῶν τάξεων ἐν τῇ ἀρχαίᾳ Ἑλλάδι.","On labor, that is, on wages, the value of life's necessities, and the condition of the working classes in ancient Greece.",,,"Economics, History, Sociology",False
image_0235_right.png,Public Lecture,1878 - 1879,1878 - 1879,,,Ἀθ. Δημητριάδης,Ath. Dimitriadis,Αθανάσιος Δημητριάδης,,"Φιλολογικά, ἤτοι ἱστορία τῆς κλασσικῆς φιλολογίας κατὰ τὸν Μεσαίωνα","Philological matters, that is, the history of classical philology during the Middle Ages",,(διαλ. 5).,"Philology, History",False
image_0235_right.png,Public Lecture,1878 - 1879,1878 - 1879,,,Δ. Σταματιάδης,D. Stamatiadis,Δημήτριος Σταματιάδης,,Περὶ βιομηχανίας καὶ ἐργασίας παρὰ τοῖς ἀρχαίοις,On industry and labor among the ancients,,,"History, Economics",False
image_0235_right.png,Public Lecture,1878 - 1879,1878 - 1879,,,Β. Σαρακιώτης,V. Sarakiotis,Βασίλειος Σαρακιώτης,,Περὶ παθῶν ὑπὸ φυσιολογικὴν ἔποψιν,On passions from a physiological perspective,,(διαλ 2).,"Physiology, Psychology",False
image_0235_right.png,Public Lecture,1878 - 1879,1878 - 1879,,,Γ. Δημητριάδης,G. Dimitriadis,Γεώργιος Δημητριάδης,,Ἐφηρμοσμένη μηχανική.,Applied mechanics.,,,"Engineering, Physics",False
image_0235_right.png,Public Lecture,1878 - 1879,1878 - 1879,,,Χρ. Σαμαρτζίδης,Chr. Samartzidis,Χρήστος Σαμαρτζίδης,,Παιδαγωγικά.,Pedagogy.,,,Pedagogy,False
image_0235_right.png,Public Lecture,1878 - 1879,1878 - 1879,,,Ν. Σπανδωνῆς,N. Spandonis,Νικόλαος Σπανδωνῆς,,Περὶ πολιτ. εὐγλωττίας.,On political eloquence.,,,"Rhetoric, Political Science",False
image_0235_right.png,Public Lecture,1879 - 1880,1879 - 1880,,,Β. Σαρακιώτης,V. Sarakiotis,Βασίλειος Σαρακιώτης,,Περὶ νοημοσύνης καὶ καλαισθησίας τῶν ζῴων,On the intelligence and aesthetics of animals,,(διαλ. 2).,"Zoology, Psychology",False
image_0235_right.png,Public Lecture,1879 - 1880,1879 - 1880,,,Ι. Ζῖφος,I. Zifos,Ιωάννης Ζῖφος,,Περὶ τοῦ διατί ἀποθνήσκομεν καρδιακοί.,On why we die of heart disease.,,,"Medicine, Cardiology",False
image_0235_right.png,Public Lecture,1880 - 1881,1880 - 1881,,,Ι. Ζῖφος,I. Zifos,Ιωάννης Ζῖφος,,Les femmes qui tuent et les femmes qui votent. (Αἱ γυναῖκες αἵτινες φονεύουν καὶ ψηφοφοροῦν).,Women who kill and women who vote.,,,"Sociology, Law, Political Science",False
image_0236_left.png,Public Lecture,1880 - 1881,1880 - 1881,,,Δ. Σταματιάδης,D. Stamatiadis,"Stamatiadis, D.",,Ἐπιστήμη καὶ πόλεμος.,Science and war.,,,"History, Sociology, Political Science",False
image_0236_left.png,Public Lecture,1881 - 1882,1881 - 1882,,,Ι. Ζῖφος,I. Zifos,"Zifos, I.",,"Περὶ φθίσεως εἰς τὰ ψυχρά, θερμὰ καὶ μέτρια κλίματα.","On phthisis in cold, hot and temperate climates.",,,"Medicine, Climatology",False
image_0236_left.png,Public Lecture,1881 - 1882,1881 - 1882,,,Κ. Καλλιάδης,K. Kalliadis,"Kalliadis, K.",,Ἡ γυνὴ ἔναντι τοῦ θανάτου,Woman facing death,,(διαλ. 4),"Philosophy, Sociology",False
image_0236_left.png,Public Lecture,1881 - 1882,1881 - 1882,,,Β. Λούσης,V. Lousis,"Lousis, V.",,Περὶ πυρετοῦ τοῦ ἑλώδους ἐν Κων)πόλει,On malarial fever in Constantinople,,(διαλ. 4),"Medicine, Epidemiology",False
image_0236_left.png,Public Lecture,1881 - 1882,1881 - 1882,,,Β. Σαρακιώτης,V. Sarakiotis,"Sarakiotis, V.",,Περὶ νοημοσύνης καὶ καλαισθησίας τῶν ζῴων,On the intelligence and aesthetic sense of animals,,(διαλ. 4),"Biology, Zoology, Philosophy",False
image_0236_left.png,Public Lecture,1881 - 1882,1881 - 1882,,,Ι. ᾿Αριστοκλῆς,I. Aristoklis,"Aristoklis, I.",,Περὶ ἠθικοῦ χαρακτῆρος,On moral character,,(διαλ. 2),"Philosophy, Ethics",False
image_0236_left.png,Public Lecture,1881 - 1882,1881 - 1882,,,Α. Σπαθάρης,A. Spatharis,"Spatharis, A.",,Περὶ διαττόντων,On shooting stars,,(δ. 2),Astronomy,False
image_0236_left.png,Public Lecture,1881 - 1882,1881 - 1882,,,Ἡρ. Βασιάδης,Ir. Vasiadis,"Vasiadis, Ir.",,Περὶ ἀποθεώσεως τοῦ Ὁμήρου.,On the apotheosis of Homer.,,,"Literature, Classics",False
image_0236_left.png,Public Lecture,1881 - 1882,1881 - 1882,,,Mme Caroline Fluret,Mme Caroline Fluret,"Fluret, Caroline",,Περὶ τῆς ἐπιρροῆς τῆς γυναικὸς ἐν τῇ διδασκαλίᾳ,On the influence of women in teaching,,(διαλ. 2),"Education, Sociology",False
image_0236_left.png,Public Lecture,1881 - 1882,1881 - 1882,,,Καλλιόπη Κεχαγιᾶ,Kalliopi Kechagia,"Kechagia, Kalliopi",,Περὶ τῶν μνημείων τῆς ἀρχ. Ἑλλ. τέχνης.,On the monuments of ancient Greek art.,,,"Archaeology, Art History",False
image_0236_left.png,Public Lecture,1881 - 1882,1881 - 1882,,,Α. Τάγης,A. Tagis,"Tagis, A.",,Περὶ ἡφαιστείων.,On volcanoes.,,,Geology,False
image_0236_left.png,Public Lecture,1881 - 1882,1881 - 1882,,,Ἡρ. Βασιάδης,Ir. Vasiadis,"Vasiadis, Ir.",,Περὶ τοῦ συμπλέγματος τοῦ Λαοκόωντος.,On the Laocoön group.,,,"Art History, Archaeology",False
image_0236_left.png,Public Lecture,1881 - 1882,1881 - 1882,,,Guillaume H. Keun,Guillaume H. Keun,"Keun, Guillaume H.",,Περὶ τῆς ἐν Ὁλλανδίᾳ προόδου τῶν γραμμάτων καὶ τῶν ἐπιστημῶν ἀπὸ τοῦ ΙΒ´ αἰῶνος μ. Χ. μέχρι τῆς σήμερον.,On the progress of letters and sciences in Holland from the 12th century AD to the present day.,,,"History, History of Science, Literature",False
image_0236_left.png,Public Lecture,1882 - 1883,1882 - 1883,,,Ι. ᾿Αριστοκλῆς,I. Aristoklis,"Aristoklis, I.",,Περὶ ζωϊκοῦ βίου ἐν τῷ ἀνθρώπῳ,On animal life in man,,(διαλ 4),"Biology, Anthropology",False
image_0236_left.png,Public Lecture,1882 - 1883,1882 - 1883,,,Α. Τάγης,A. Tagis,"Tagis, A.",,Περὶ τῆς οἰκίας παρὰ τοῖς ἀρχαίοις.,On the house among the ancients.,,,"Archaeology, History",False
image_0236_left.png,Public Lecture,1882 - 1883,1882 - 1883,,,Αρχιμ. Γρηγ. Παλαμᾶς,Archim. Grig. Palamas,"Palamas, Grig.",,Ἡ θρησκεία ὡς βάσις τῆς ἀνατροφῆς καὶ διανοητικῆς ἀναπτύξεως τῶν νέων.,Religion as the basis of upbringing and intellectual development of the youth.,,,"Theology, Education",False
image_0236_left.png,Public Lecture,1882 - 1883,1882 - 1883,,,Οδ. ᾿Ανδρεάδης,Od. Andreadis,"Andreadis, Od.",,Περὶ ἑστιάσεων καὶ συμποσίου παρὰ τοῖς ἀρχαίοις,On banquets and symposiums among the ancients,,(διαλ. 2),"History, Classics",False
image_0236_left.png,Public Lecture,1882 - 1883,1882 - 1883,,,Εὐ. ᾿Αμαξόπουλος,Ev. Amaxopoulos,"Amaxopoulos, Ev.",,᾿Αρχαία καὶ νεωτέρα τραγῳδία.,Ancient and modern tragedy.,,,"Literature, Classics",False
image_0236_left.png,Public Lecture,1882 - 1883,1882 - 1883,,,Δ. Σπαθάρης,D. Spatharis,"Spatharis, D.",,Φυσικὰ μαθήματα,Physics lessons,,(δ. 4),"Physics, Education",False
image_0236_left.png,Public Lecture,1882 - 1883,1882 - 1883,,,Καλλιόπη Κεχαγιᾶ,Kalliopi Kechagia,"Kechagia, Kalliopi",,᾿Ανάλυσις παιδαγωγικὴ τῆς ᾿Αντιγόνης τοῦ Σοφοκλέους.,Pedagogical analysis of Sophocles' Antigone.,,,"Education, Literature, Classics",False
image_0236_left.png,Public Lecture,1882 - 1883,1882 - 1883,,,Ἡρ. Βασιάδης,Ir. Vasiadis,"Vasiadis, Ir.",,Περὶ τῆς πνευματικῆς καὶ ἠθικῆς καταστάσεως τῶν γυναικῶν ἀπὸ τῶν ἡρωϊκῶν χρόνων μέχρι τοῦ Δ´ αἰῶνος,On the spiritual and moral state of women from heroic times to the 4th century,,(διαλ. 3),"History, Sociology, Women's Studies",False
image_0236_left.png,Public Lecture,1882 - 1883,1882 - 1883,,,Β. Λούσης,V. Lousis,"Lousis, V.",,Ἡ ὑγιεινὴ ἐν ἑνὶ μαθήματι,Hygiene in one lesson,,(διαλ 2),"Medicine, Public Health",False
image_0236_left.png,Public Lecture,1882 - 1883,1882 - 1883,,,Φ. Τάγης,F. Tagis,"Tagis, F.",,Περὶ τοῦ ἠθ. νόμου.,On moral law.,,(δια.λ 2),"Philosophy, Ethics",False
image_0236_left.png,Public Lecture,1882 - 1883,1882 - 1883,,,Σαπφὼ Λεοντιάς,Sappho Leontias,"Leontias, Sappho",,Ἡ γυνὴ ἐν τῇ ἀρχαίᾳ Ἑλληνικῇ τραγῳδίᾳ.,Woman in ancient Greek tragedy.,,,"Literature, Classics, Women's Studies",False
image_0236_left.png,Public Lecture,1882 - 1883,1882 - 1883,,,Ι. Ζῖφος,I. Zifos,"Zifos, I.",,Ἡ φθίσις εἶναι κολλητικὴ ἢ οὔ;,Is phthisis contagious or not?,,,Medicine,False
image_0236_left.png,Public Lecture,1883 - 1884,1883 - 1884,,,Κ. Καλλιάδης,K. Kalliadis,"Kalliadis, K.",,Μυθιστορικὰ περὶ τῆς ἀρχαιότητος δείγματα,Fictional samples about antiquity,,(δ.2),"History, Literature",False
image_0236_left.png,Public Lecture,1883 - 1884,1883 - 1884,,,Ι. ᾿Αριστοκλῆς,I. Aristoklis,"Aristoklis, I.",,Περὶ τοῦ κυρίως ἀνθρωπίνου βίου,On the mainly human life,,(διαλ. 7),"Philosophy, Anthropology",False
image_0236_left.png,Public Lecture,1883 - 1884,1883 - 1884,,,Ἡρ. Βασιάδης,Ir. Vasiadis,"Vasiadis, Ir.",,Περὶ νομισματικῆς τέχνης παρὰ τοῖς ἀρχαίοις καὶ νεωτέροις,On numismatic art among the ancients and moderns,,(διαλ. 3),"Numismatics, History",False
image_0236_left.png,Public Lecture,1883 - 1884,1883 - 1884,,,Ι. Ζῖφος,I. Zifos,"Zifos, I.",,Περὶ τοῦ θαυματουργοῦ ῥακιοῦ.,On the miraculous raki.,,,"Medicine, Folklore",False
image_0236_left.png,Public Lecture,1883 - 1884,1883 - 1884,,,Καλλ Κεχαγιᾶ,Kall Kechagia,"Kechagia, Kall",,Περὶ τῆς πατρικῆς ἐξουσίας ἐν τῇ ἀρχαίᾳ τραγῳδίᾳ.,On paternal authority in ancient tragedy.,,,"Literature, Classics, Sociology",False
image_0236_left.png,Public Lecture,1883 - 1884,1883 - 1884,,,Ι. Ζῖφος,I. Zifos,"Zifos, I.",,Θεραπεύεται ἡ φθίσις.,Phthisis is cured.,,,Medicine,False
image_0236_left.png,Public Lecture,1883 - 1884,1883 - 1884,,,Β. Λούσης,V. Lousis,"Lousis, V.",,Περὶ οἰνοπνευματωδῶν ποτῶν ἐν σχέσει πρὸς τὰς ψυχικὰς παθήσεις.,On alcoholic beverages in relation to mental illnesses.,,,"Medicine, Psychiatry",False
image_0236_left.png,Public Lecture,1883 - 1884,1883 - 1884,,,Χρ. Χ´ Χρήστου,Chr. Ch' Christou,"Christou, Chr. Ch'",,Περὶ τῆς πρώτης τροφῆς τῶν φυτῶν,On the first food of plants,,(διαλ. 2),"Botany, Biology",False
image_0236_left.png,Public Lecture,1883 - 1884,1883 - 1884,,,Σαπφὼ Λεοντιάς,Sappho Leontias,"Leontias, Sappho",,Ἡ γυνὴ ἐν τῇ ἀρχαίᾳ τραγῳδίᾳ.,Woman in ancient tragedy.,,,"Literature, Classics, Women's Studies",False
image_0236_left.png,Public Lecture,1883 - 1884,1883 - 1884,,,Α. Παπαδόπουλος,A. Papadopoulos,"Papadopoulos, A.",,Ὁδοιπορικαὶ ἀναμνήσεις ἐκ Μ. ᾿Ασίας.,Travel memories from Asia Minor.,,,"Geography, History",False
image_0236_left.png,Public Lecture,1883 - 1884,1883 - 1884,,,Οδ. ᾿Ανδρεάδης,Od. Andreadis,"Andreadis, Od.",,Περὶ οἴνου παρὰ τοῖς ἀρχαίοις Ἕλλησιν.,On wine among the ancient Greeks.,,,"History, Classics",False
image_0236_left.png,Public Lecture,1883 - 1884,1883 - 1884,,,Κ. Μακρῆς,K. Makris,"Makris, K.",,Περὶ τῶν ἀσθενειῶν τοῦ οἴνου καὶ τῆς διατηρήσεως αὐτῶν.,On the diseases of wine and their preservation.,,,"Agriculture, Chemistry",False
image_0236_left.png,Public Lecture,1884 - 1885,1884 - 1885,,,L. Olivero,L. Olivero,"Olivero, L.",,Sur la nouvelle méthode pour l'enseignement.,On the new method for teaching.,,,Education,False
image_0236_left.png,Public Lecture,1884 - 1885,1884 - 1885,,,Β Λούσης,V Lousis,"Lousis, V",,Τὰ κυριώτερα τρόφιμα περὶ νοθείας καὶ νοθεύσεως καὶ τῆς ἄλλης παραβλάβης αὐτῶν,The main foods regarding adulteration and falsification and their other impairment,,(διαλ. 2),"Public Health, Chemistry",False
image_0236_left.png,Public Lecture,1884 - 1885,1884 - 1885,,,Κ. Τσιούλκας,K. Tsioulkas,"Tsioulkas, K.",,Προμηθεὺς καὶ Αἴας,Prometheus and Ajax,,(διαλ. 3),"Literature, Classics",False
image_0236_right.png,Public Lecture,1884 - 1885,1884 - 1885,,,Χρ. Χ' Χρήστου,Chr. Ch. Christou,"Christou, Chr. Ch.",,Βοτανικά. Περί τινων παραδόσεων φύλλων.,Botany. On some traditions of leaves.,,,"Botany, Folklore",False
image_0236_right.png,Public Lecture,1884 - 1885,1884 - 1885,,,Ι. Ἀριστοκλῆς,I. Aristoklis,"Aristoklis, I.",,Ἡ ἀνθρωπίνη φύσις καὶ ἡ αἰωνιότης,Human nature and eternity,,(διαλ. 3),"Philosophy, Theology",False
image_0236_right.png,Public Lecture,1884 - 1885,1884 - 1885,,,Χρ. Χ' Χρήστου,Chr. Ch. Christou,"Christou, Chr. Ch.",,Περὶ προομηρικοῦ πολιτισμοῦ,On pre-Homeric civilization,,(διαλ. 2),"History, Archaeology",False
image_0236_right.png,Public Lecture,1884 - 1885,1884 - 1885,,,Χρ. Χ' Χρήστου,Chr. Ch. Christou,"Christou, Chr. Ch.",,Περὶ τοῦ θαυμαστοῦ τρόπου τῆς διασπορᾶς τῶν φυτῶν.,On the wondrous way of plant dispersal.,,,Botany,False
image_0236_right.png,Public Lecture,1884 - 1885,1884 - 1885,,,Ν. Χαρισιάδης,N. Charisiadis,"Charisiadis, N.",,Περὶ συγγενείας.,On kinship.,,,"Sociology, Law",False
image_0236_right.png,Public Lecture,1884 - 1885,1884 - 1885,,,Ν. Χαρισιάδης,N. Charisiadis,"Charisiadis, N.",,Περὶ τῶν βαθμῶν τῆς συγγενείας.,On the degrees of kinship.,,,"Sociology, Law",False
image_0236_right.png,Public Lecture,1884 - 1885,1884 - 1885,,,Ι. Ἰωαννίδης,I. Ioannidis,"Ioannidis, I.",,Δύναται τὸ γάλα τῆς τροφοῦ ν' ἀντικαταστήσῃ τὸ τῆς μητρός;,Can a wet nurse's milk replace a mother's?,,,"Medicine, Biology",False
image_0236_right.png,Public Lecture,1884 - 1885,1884 - 1885,,,Ἀθ. Παπαδ. Κεραμεύς,Ath. Papad. Kerameus,"Kerameus, Ath. Papad.",,Ἀναμνήσεις περιηγήσεως ἐξ Ὀδησσοῦ εἰς τὰς Ποντικὰς χώρας.,Memories of a tour from Odessa to the Pontic countries.,,,"Geography, History",False
image_0236_right.png,Public Lecture,1884 - 1885,1884 - 1885,,,Κ. Τσιούλκας,K. Tsioulkas,"Tsioulkas, K.",,Περὶ ἀνασκευαστικῆς ἀγωγῆς παρὰ τοῖς ἀρχαίοις Ἕλλησιν.,On refutational education among the ancient Greeks.,,,"Education, History",False
image_0236_right.png,Public Lecture,1884 - 1885,1884 - 1885,,,Κ. Μακρῆς,K. Makris,"Makris, K.",,Οἱ μικροοργανισμοὶ ὡς αἰτίαι ἀσθενειῶν.,Microorganisms as causes of diseases.,,,"Medicine, Biology",False
image_0236_right.png,Public Lecture,1884 - 1885,1884 - 1885,,,Ch. B. Nazaretti,Ch. B. Nazaretti,"Nazaretti, Ch. B.",,Sur la mauvaise constitution de l'Empir Romain,Sur la mauvaise constitution de l'Empir Romain,,(διαλ. 3),History,False
image_0236_right.png,Public Lecture,1884 - 1885,1884 - 1885,,,Δ. Τάγης,D. Tagis,"Tagis, D.",,Περὶ τοῦ γυναικείου φύλου ἔν τε τοῖς Ὁμηρικοῖς καὶ ἱστορικοῖς χρόνοις.,On the female sex in Homeric and historical times.,,,"History, Sociology",False
image_0236_right.png,Public Lecture,1884 - 1885,1884 - 1885,,,Ν. Χαρισιάδης,N. Charisiadis,"Charisiadis, N.",,Περὶ ἐμπορικῶν μαθημάτων καὶ σχολῶν.,On commercial lessons and schools.,,,"Education, Economics",False
image_0236_right.png,Public Lecture,1884 - 1885,1884 - 1885,,,Σαπφὼ Λεοντιάς,Sappho Leontias,"Leontias, Sappho",,Περὶ τῆς βάσεως τῆς ἠθικῆς μορφώσεως,On the basis of moral education,,(δ 2),"Philosophy, Education",False
image_0236_right.png,Public Lecture,1884 - 1885,1884 - 1885,,,Κ. Τσιούλκας,K. Tsioulkas,"Tsioulkas, K.",,Ἡ ἀρχὴ καὶ ἡ φύσις τοῦ δράματος.,The origin and nature of drama.,,,"Literature, Philology",False
image_0236_right.png,Public Lecture,1885 - 1886,1885 - 1886,,,Ἡρ. Βασιάδης,Ir. Vasiadis,"Vasiadis, Ir.",,"Περὶ τῆς πρώτης καταστάσεως τοῦ ἀνθρωπίνου γένους, κατὰ τοὺς ἀρχαίους Ἕλληνας καὶ Ρωμαίους","On the first state of the human race, according to the ancient Greeks and Romans",,(διαλ 2),"History, Anthropology",False
image_0236_right.png,Public Lecture,1885 - 1886,1885 - 1886,,,Ν. Χαρισιάδης,N. Charisiadis,"Charisiadis, N.",,Ἐμπορικὴ καὶ οἰκονομικὴ περιγραφὴ τῆς Εὐρωπ. Τουρκίας,Commercial and economic description of European Turkey,,(διαλ. 2),"Economics, Geography",False
image_0236_right.png,Public Lecture,1885 - 1886,1885 - 1886,,,Φρ. Σαλάχας,Fr. Salachas,"Salachas, Fr.",,Περὶ τῆς ἀτομικότητος τοῦ ἀνθρώπου.,On the individuality of man.,,,"Philosophy, Psychology",False
image_0236_right.png,Public Lecture,1885 - 1886,1885 - 1886,,,Α. Π. Κεραμεύς,A. P. Kerameus,"Kerameus, A. P.",,Ὁδοιπορ. ἀναμνήσεις.,Travel memories.,,,"Geography, History",False
image_0236_right.png,Public Lecture,1885 - 1886,1885 - 1886,,,Π. Θωμᾶ,P. Thoma,"Thoma, P.",,Περὶ τοῦ Μαντείου τῶν Δελφῶν.,On the Oracle of Delphi.,,,"History, Archaeology",False
image_0236_right.png,Public Lecture,1885 - 1886,1885 - 1886,,,Θ. Σαλτέλης,Th. Saltelis,"Saltelis, Th.",,Περὶ τῶν ἀρχαίων σοφιστῶν,On the ancient sophists,,(διαλ. 2),"Philosophy, History",False
image_0236_right.png,Public Lecture,1885 - 1886,1885 - 1886,,,Κ. Τσιούλκας,K. Tsioulkas,"Tsioulkas, K.",,Ἐκ τῆς ἀρχαίας ἑλληνικῆς καλλιτεχνίας.,From ancient Greek art.,,,"Art History, Archaeology",False
image_0236_right.png,Public Lecture,1885 - 1886,1885 - 1886,,,Π. Θωμᾶ,P. Thoma,"Thoma, P.",,"Χαρακτῆρες ἐκ τῆς Ἑλλ. Ἱστορίας. Ἀγησίλαος, Κλέαρχος.","Characters from Greek History. Agesilaus, Clearchus.",,,History,False
image_0236_right.png,Public Lecture,1885 - 1886,1885 - 1886,,,Β. Βρᾶνος,V. Vranos,"Vranos, V.",,Περὶ φιλοτιμίας ὡς μέσου παιδαγωγικοῦ,On ambition as an educational means,,(διαλ. 4),"Education, Psychology",False
image_0236_right.png,Public Lecture,1886 - 1887,1886 - 1887,,,Κ. Καλλιάδης,K. Kalliadis,"Kalliadis, K.",,Ἁμλέτου ἀνάλυσις.,Analysis of Hamlet.,,,"Literature, Philology",False
image_0236_right.png,Public Lecture,1886 - 1887,1886 - 1887,,,Ἀνδρ. Σπαθάρης,Andr. Spatharis,"Spatharis, Andr.",,Φυσικά.,Physics.,,(διαλ. 2),Physics,False
image_0236_right.png,Public Lecture,1886 - 1887,1886 - 1887,,,Ν. Χαρισιάδης,N. Charisiadis,"Charisiadis, N.",,Περὶ παραγωγῆς τοῦ πλούτου.,On the production of wealth.,,,Economics,False
image_0236_right.png,Public Lecture,1886 - 1887,1886 - 1887,,,Ι. Ἀριστοκλῆς,I. Aristoklis,"Aristoklis, I.",,Ἱστορικά,Historical,,(διαλ. 5),History,False
image_0236_right.png,Public Lecture,1886 - 1887,1886 - 1887,,,Ν. Φωτιάδης,N. Fotiadis,"Fotiadis, N.",,Περὶ τῶν αἰτίων καὶ τῶν ἀποτελεσμάτων τῶν ἐμπορικῶν καὶ οἰκονομικῶν κρίσεων ἐν σχέσει πρὸς τὰ καθ' ἡμᾶς,On the causes and effects of commercial and economic crises in relation to our affairs,,"(διαλ, 3)",Economics,False
image_0236_right.png,Public Lecture,1886 - 1887,1886 - 1887,,,Κ. Τσιούλκας,K. Tsioulkas,"Tsioulkas, K.",,Εἰσαγωγὴ εἰς τὴν τέχνην καὶ περὶ τῆς τέχνης τοῦ Φειδίου.,Introduction to art and on the art of Phidias.,,,"Art History, Archaeology",False
image_0236_right.png,Public Lecture,1886 - 1887,1886 - 1887,,,Ἡρ. Βασιάδης,Ir. Vasiadis,"Vasiadis, Ir.",,Περὶ τοῦ πολιτισμοῦ τῶν ἀρχαίων ἐθνῶν,On the civilization of ancient nations,,(διαλ. 2),"History, Archaeology",False
image_0236_right.png,Public Lecture,1886 - 1887,1886 - 1887,,,Κ. Μακρῆ,K. Makri,"Makri, K.",,Τὰ μικρόβια καὶ αἱ μολυσματικαὶ νόσοι.,Microbes and infectious diseases.,,,"Medicine, Biology",False
image_0236_right.png,Public Lecture,1886 - 1887,1886 - 1887,,,Ι. Γεωργαντόπουλος,I. Georgantopoulos,"Georgantopoulos, I.",,Νομικά.,Legal.,,,Law,False
image_0236_right.png,Public Lecture,1886 - 1887,1886 - 1887,,,Β. Βρᾶνος,V. Vranos,"Vranos, V.",,Ὁ περὶ Προμηθέως μῦθος ἐν γένει καὶ ἡ κατὰ τὸν Αἰσχύλον δραματικὴ αὐτοῦ διασκευὴ μετὰ καὶ τεχνικῆς ἀναλύσεως τοῦ Προμηθέως δεσμώτου,The myth of Prometheus in general and its dramatic adaptation according to Aeschylus with a technical analysis of Prometheus Bound,,(διαλ. 2),"Literature, Philology, Mythology",False
image_0236_right.png,Public Lecture,1886 - 1887,1886 - 1887,,,Χρ. Χ' Χρήστου,Chr. Ch. Christou,"Christou, Chr. Ch.",,Ἱστορικὰ συμπεράσματα ἐκ τῆς Ἑλλην. μυθολογίας.,Historical conclusions from Greek mythology.,,,"History, Mythology",False
image_0236_right.png,Public Lecture,1886 - 1887,1886 - 1887,,,Ν. Χαρισιάδης,N. Charisiadis,"Charisiadis, N.",,Περὶ κυκλοφορίας τοῦ πλούτου ἐξ ἀνταλλαγῶν.,On the circulation of wealth from exchanges.,,,Economics,False
image_0236_right.png,Public Lecture,1886 - 1887,1886 - 1887,,,Φ. Σαλάχας,F. Salachas,"Salachas, F.",,Ἡ παιδεία ὡς μέσον εὐημερίας καὶ ἠθικοποιήσεως.,Education as a means of prosperity and moralization.,,,"Education, Philosophy",False
image_0236_right.png,Public Lecture,1886 - 1887,1886 - 1887,,,Ἀλ. Ζωηρός,Al. Zoiros,"Zoiros, Al.",,Περὶ τοῦ κ. Pasteur καὶ τῶν ἔργων αὐτοῦ ἰδίᾳ δὲ περὶ τῆς προφυλακτικῆς μεθόδου τῆς λύσσης.,"On Mr. Pasteur and his works, especially on the prophylactic method of rabies.",,,"Medicine, Biology, History of Science",False
image_0236_right.png,Public Lecture,1886 - 1887,1886 - 1887,,,Εὐ. Ἀμαξόπουλος,Ev. Amaxopoulos,"Amaxopoulos, Ev.",,Ἐκ τῆς Ἑλληνικῆς γραμματολογίας.,From Greek literature.,,,"Philology, Literature",False
image_0236_right.png,Public Lecture,1886 - 1887,1886 - 1887,,,Ἡλ. Βαλσαμάκης,Il. Valsamakis,"Valsamakis, Il.",,Περὶ ἀέρος.,On air.,,,"Physics, Chemistry",False
image_0236_right.png,Public Lecture,1886 - 1887,1886 - 1887,,,Ἡλ. Βαλσαμάκης,Il. Valsamakis,"Valsamakis, Il.",,Περὶ τοῦ ἡλιακοῦ συστήματος μετὰ πειραμάτων.,On the solar system with experiments.,,,"Astronomy, Physics",False
image_0237_left.png,Public Lecture,1886 - 1887,1886 - 1887,,,Σαπφώ Λεοντιάς,Sappho Leontias,"Leontias, Sappho",,Περὶ τῶν καλλονῶν τοῦ Ὁμήρου.,On the beauties of Homer.,,,"Literature, Classics",False
image_0237_left.png,Public Lecture,1886 - 1887,1886 - 1887,,,Φ. Σαλάχας,F. Salachas,"Salachas, F.",,Περὶ ἐργασίας.,On labor.,,,"Sociology, Economics",False
image_0237_left.png,Public Lecture,1886 - 1887,1886 - 1887,,,Ι. Γεωργαντόπουλος,I. Georgantopoulos,"Georgantopoulos, I.",,Ἀρχαῖαι ἑλληνικαὶ νομοθεσίαι.,Ancient Greek legislations.,,,"Law, History, Classics",False
image_0237_left.png,Public Lecture,1886 - 1887,1886 - 1887,,,Ι. Ναούμ,I. Naoum,"Naoum, I.",,Περὶ τῶν δικαιωμάτων καὶ ὑποχρεώσεων τῆς γυναικὸς ὑπὸ νομικὴν ἔποψιν.,On the rights and obligations of women from a legal perspective.,,,"Law, Sociology",False
image_0237_left.png,Public Lecture,1887 - 1888,1887 - 1888,,,Δ. Κόκκος,D. Kokkos,"Kokkos, D.",,Διάφορα ποιήματα.,Various poems.,,,Literature,False
image_0237_left.png,Public Lecture,1887 - 1888,1887 - 1888,,,Dr Trélat,Dr Trélat,"Trélat, Dr",,Sur l'antisepsie générale.,Sur l'antisepsie générale.,,,Medicine,False
image_0237_left.png,Public Lecture,1887 - 1888,1887 - 1888,,,Ι. Ἀριστοκλῆς,I. Aristoklis,"Aristoklis, I.",,Ἱστορία τῶν νεωτέρων χρόνων,History of modern times,,(διαλ. 2),History,False
image_0237_left.png,Public Lecture,1887 - 1888,1887 - 1888,,,Ἀνδ. Σπαθάρης,And. Spatharis,"Spatharis, And.",,Φυσικὰ,Physics,,(διαλ. 4),"Physics, Natural Sciences",False
image_0237_left.png,Public Lecture,1887 - 1888,1887 - 1888,,,Κ. Μακρῆς,K. Makris,"Makris, K.",,Περὶ τῶν φυσιολογικῶν λειτουργιῶν τοῦ ἐγκεφάλου,On the physiological functions of the brain,,(διαλ. 3),"Medicine, Biology",False
image_0237_left.png,Public Lecture,1887 - 1888,1887 - 1888,,,Καλλιόπη Κεχαγιᾶ,Kalliopi Kechagia,"Kechagia, Kalliopi",,Τὸ ὄνειρον.,The dream.,,,"Psychology, Literature",False
image_0237_left.png,Public Lecture,1887 - 1888,1887 - 1888,,,Ι. Ἀριστοκλῆς,I. Aristoklis,"Aristoklis, I.",,Περὶ τῆς ἀναγεννήσεως τῶν γραμμάτων τῶν τεχνῶν καὶ ἐπιστημῶν ἐν τῇ δυτικῇ Εὐρώπῃ,"On the renaissance of letters, arts and sciences in Western Europe",,(διαλ. 6),"History, Cultural Studies",False
image_0237_left.png,Public Lecture,1887 - 1888,1887 - 1888,,,Χρ. Χ' Χρήστου,Chr. Ch' Christou,"Christou, Chr. Ch'",,Περὶ τοῦ βίου τῶν φυτῶν.,On the life of plants.,,,"Botany, Biology",False
image_0237_left.png,Public Lecture,1887 - 1888,1887 - 1888,,,Β. Βρᾶνος,V. Vranos,"Vranos, V.",,Ἡ μουσικὴ ὡς μέσον παιδαγωγικόν.,Music as an educational medium.,,,"Music, Education",False
image_0237_left.png,Public Lecture,1887 - 1888,1887 - 1888,,,Χρ. Χ Χρήστου,Chr. Ch Christou,"Christou, Chr. Ch",,Ζῳολογικὰ περίεργα.,Zoological curiosities.,,,"Zoology, Biology",False
image_0237_left.png,Public Lecture,1887 - 1888,1887 - 1888,,,Εὐ. Ἀμαξόπουλος,Ev. Amaxopoulos,"Amaxopoulos, Ev.",,Ἐκ τῆς μεσαιωνικῆς ἱστορίας.,From medieval history.,,,History,False
image_0237_left.png,Public Lecture,1887 - 1888,1887 - 1888,,,Ν. Φωτιάδης,N. Fotiadis,"Fotiadis, N.",,Περὶ πολυτελείας ὑπὸ οἰκονομολογ. ἔποψιν,On luxury from an economic perspective,,(διαλ. 2),"Economics, Sociology",False
image_0237_left.png,Public Lecture,1887 - 1888,1887 - 1888,,,Ηλ. Βαλσαμάκης,Il. Valsamakis,"Valsamakis, Il.",,Φυσικὰ,Physics,,(διαλ. 3),"Physics, Natural Sciences",False
image_0237_left.png,Public Lecture,1887 - 1888,1887 - 1888,,,Ι. Κόκκαλης,I. Kokkalis,"Kokkalis, I.",,Διάφορα ποιήματα.,Various poems.,,,Literature,False
image_0237_left.png,Public Lecture,1887 - 1888,1887 - 1888,,,Ηρ. Βασιάδης,Ir. Vasiadis,"Vasiadis, Ir.",,Περὶ τοῦ πολιτισμοῦ τῶν ἀρχαίων,On the civilization of the ancients,,(διαλ. 3),"History, Classics",False
image_0237_left.png,Public Lecture,1887 - 1888,1887 - 1888,,,Ε. Ποπέσκος,E. Popeskos,"Popeskos, E.",,Γένεσις μύθων καὶ ἐπίδρασις αὐτῶν· σπουδαιότεροι μυθογράφοι καὶ σύγκρισις τῶν ἔργων αὐτῶν,Genesis of myths and their influence; most important mythographers and comparison of their works,,(διαλ. 2),"Mythology, Literature, Folklore",False
image_0237_left.png,Public Lecture,1887 - 1888,1887 - 1888,,,Γ. Παπαρρόδου,G. Paparrodou,"Paparrodou, G.",,Κηδεῖαι καὶ πένθος παρὰ τοῖς διαφόροις ἀρχαίοις ἔθνεσι.,Funerals and mourning among various ancient nations.,,,"History, Anthropology, Classics",False
image_0237_left.png,Public Lecture,1887 - 1888,1887 - 1888,,,Γ. Παπαρρόδου,G. Paparrodou,"Paparrodou, G.",,Θεοὶ καὶ ἥρωες.,Gods and heroes.,,,"Mythology, Classics",False
image_0237_left.png,Public Lecture,1887 - 1888,1887 - 1888,,,Ι. Γεωργαντόπουλος,I. Georgantopoulos,"Georgantopoulos, I.",,Διεθνὲς δίκαιον καὶ ἰδίως τὰ περὶ συνθηκῶν.,International law and especially concerning treaties.,,,"Law, International Relations",False
image_0237_left.png,Public Lecture,1887 - 1888,1887 - 1888,,,Μ. Γεδεών,M. Gedeon,"Gedeon, M.",,Περὶ τῆς προϊούσης ἀναπτύξεως τῶν διοικητικῶν τῆς Ἐκκλησίας θεσμῶν κατὰ τοὺς τέσσαρας τελευταίους αἰῶνας.,On the progressive development of the administrative institutions of the Church during the last four centuries.,,,"History, Theology, Law",False
image_0237_left.png,Public Lecture,1887 - 1888,1887 - 1888,,,Ν. Σκωτίδης,N. Skotidis,"Skotidis, N.",,Ἀπὸ Κερκύρας εἰς Ἀλβανίαν.,From Corfu to Albania.,,,"Geography, Travel",False
image_0237_left.png,Public Lecture,1888 - 1889,1888 - 1889,,,Ι. Ἀριστοκλῆς,I. Aristoklis,"Aristoklis, I.",,Ἱστορικὰ,Historical matters,,(διαλ. 4),History,False
image_0237_left.png,Public Lecture,1888 - 1889,1888 - 1889,,,Β. Βρᾶνος,V. Vranos,"Vranos, V.",,Δραματικὴ Ὁμήρου ἀνάλυσις,Dramatic analysis of Homer,,(διαλ. 2),"Literature, Classics",False
image_0237_left.png,Public Lecture,1888 - 1889,1888 - 1889,,,Ι. Ἀκεστορίδης,I. Akestoridis,"Akestoridis, I.",,Περὶ ἐμβολιασμοῦ ὑπὸ θεωρητικὴν καὶ πρακτικὴν ἔποψιν,On vaccination from a theoretical and practical perspective,,(διαλ. 3),Medicine,False
image_0237_left.png,Public Lecture,1888 - 1889,1888 - 1889,,,Α. Βασακόπουλος,A. Vasakopoulos,"Vasakopoulos, A.",,Περὶ θαλασσοπορειῶν καὶ γεωγραφικῶν γνώσεων ἐν τῇ ἀρχαιότητι,On sea voyages and geographical knowledge in antiquity,,(διαλ. 3),"History, Geography, Classics",False
image_0237_left.png,Public Lecture,1888 - 1889,1888 - 1889,,,Γ. Ἀκεστορίδης,G. Akestoridis,"Akestoridis, G.",,Περὶ τῆς ἔν τισι τῶν ἐπαρχικῶν ἐπικρατούσης εὐλογίας καὶ περὶ τῶν ριζικωτέρων μέσων τῆς ἀπ' αὐτῆς προφυλάξεως τῶν οἰκογενειῶν καὶ τῶν ἀτόμων.,On the smallpox prevailing in some of the provinces and on the more radical means of protecting families and individuals from it.,,,"Medicine, Public Health",False
image_0237_left.png,Public Lecture,1888 - 1889,1888 - 1889,,,Γ. Παπαρρόδου,G. Paparrodou,"Paparrodou, G.",,Περὶ ἀρχαιότητος καὶ ζῳολογικῶν χαρακτήρων τῶν ἀνθρώπων.,On antiquity and zoological characteristics of humans.,,,"Anthropology, Biology, History",False
image_0237_left.png,Public Lecture,1888 - 1889,1888 - 1889,,,Χρ. Χατζηχρήστου,Chr. Chatzichristou,"Chatzichristou, Chr.",,Περὶ αἰσθημάτων καὶ συναισθημάτων παρὰ τοῖς ζῴοις.,On feelings and emotions in animals.,,,"Zoology, Psychology, Biology",False
image_0237_left.png,Public Lecture,1888 - 1889,1888 - 1889,,,Γ. Ἀκεστορίδης,G. Akestoridis,"Akestoridis, G.",,Ἀναγκαῖαι γνώσεις τῷ οἰκογενειάρχῃ περὶ τῶν μικροβίων τοῦ διαλείποντος πυρετοῦ.,Necessary knowledge for the head of the family about the microbes of intermittent fever.,,,"Medicine, Public Health",False
image_0237_left.png,Public Lecture,1888 - 1889,1888 - 1889,,,Κ. Μακρῆς,K. Makris,"Makris, K.",,Περὶ δημώδους χειρουργικῆς,On popular surgery,,(διαλ. 3),"Medicine, Folklore",False
image_0237_left.png,Public Lecture,1888 - 1889,1888 - 1889,,,Μ. Γεδεών,M. Gedeon,"Gedeon, M.",,Περὶ τοῦ γυναικείου ζητήματος ἐν τῷ μεσαιῶνι.,On the women's issue in the Middle Ages.,,,"History, Sociology, Gender Studies",False
image_0237_left.png,Public Lecture,1888 - 1889,1888 - 1889,,,Σ. Βουτυρᾶς,S. Voutyras,"Voutyras, S.",,Ἀγωνία τῆς Ρώμης κατὰ τὸν Ε' αἰῶνα Εἷς Ἕλλην αὐτοκράτωρ.,Agony of Rome during the 5th century A Greek emperor.,,,"History, Classics",False
image_0237_left.png,Public Lecture,1888 - 1889,1888 - 1889,,,Γ. Ἀκεστορίδης,G. Akestoridis,"Akestoridis, G.",,Περὶ διαιτητικῆς καὶ θεραπευτικῆς τοῦ γάλακτος χρήσεως,On the dietary and therapeutic use of milk,,(διαλ. 2),"Medicine, Nutrition",False
image_0237_left.png,Public Lecture,1888 - 1889,1888 - 1889,,,Εὐ. Ἀμαξόπουλος,Ev. Amaxopoulos,"Amaxopoulos, Ev.",,Σοφοκλῆς καὶ Σχίλλερος,Sophocles and Schiller,,(διαλ. 3),"Literature, Classics",False
image_0237_left.png,Public Lecture,1888 - 1889,1888 - 1889,,,Μ. Γεδεών,M. Gedeon,"Gedeon, M.",,Ἄποψις τῆς ἐν τοῖς τελευταίοις αἰῶσι καταστάσεως τοῦ Γένους,View of the situation of the Nation in the last centuries,,(διαλ. 2),"History, Sociology",False
image_0237_right.png,Public Lecture,1888 - 1889,1888 - 1889,,,Χρ. Χατζηχρήστου,Chr. Chatzichristou,"Chatzichristou, Christos",,Περὶ τοῦ φυτικοῦ βασιλείου ἐν συγκρίσει πρὸς τὸ ζωϊκόν,On the plant kingdom in comparison to the animal kingdom,,,"Biology, Botany, Zoology",False
image_0237_right.png,Public Lecture,1888 - 1889,1888 - 1889,,,Χρ. Χατζηχρήστου,Chr. Chatzichristou,"Chatzichristou, Christos",,Περὶ τροφῆς,On food,,,"Biology, Medicine",False
image_0237_right.png,Public Lecture,1888 - 1889,1888 - 1889,,,Θ. Ἀκεστορίδης,Th. Akestoridis,"Akestoridis, Theodoros",,Ἀνάλεκτα ἐκ τῆς πειραματικῆς χημείας,Analecta from experimental chemistry,,δ. 2,Chemistry,False
image_0237_right.png,Public Lecture,1888 - 1889,1888 - 1889,,,Κ. Καλλιάδης,K. Kalliadis,"Kalliadis, K.",,"Περὶ τῆς Ἰφιγενείας τῆς ἐν Αὐλίδι τοῦ Εὐριπίδου καὶ τῆς Ἰφιγενείας τοῦ Ρακίνα, μετ' ἀπαγγελίας τεμαχίων ἐξ ἑκατέρας τῶν τραγῳδιῶν","On Iphigenia in Aulis by Euripides and Iphigenia by Racine, with recitation of excerpts from each of the tragedies",,,"Literature, Classics, Theater",False
image_0237_right.png,Public Lecture,1888 - 1889,1888 - 1889,,,Ἡρ. Βασιάδης,Ir. Vasiadis,"Vasiadis, Iraklis",,Περὶ τοῦ πολιτισμοῦ τῶν ἐθνῶν,On the civilization of nations,,διαλ. 5,"History, Sociology",False
image_0237_right.png,Public Lecture,1888 - 1889,1888 - 1889,,,Ε. Ποπέσκος,E. Popeskos,"Popeskos, E.",,Ἡ ποίησις ἐν τοῖς ἐπιταφίοις λόγοις τῶν ἀρχαίων μετ' ἀπαγγελίας τῶν ὡραιοτέρων σχετικῶν τεμαχίων ἐμμέτρων τε καὶ πεζῶν,Poetry in the funeral orations of the ancients with recitation of the most beautiful related excerpts in verse and prose,,,"Literature, Classics",False
image_0237_right.png,Public Lecture,1888 - 1889,1888 - 1889,,,Κ. Καλλιάδης,K. Kalliadis,"Kalliadis, K.",,"Περὶ τῆς Ἀνδρομάχης καὶ τοῦ Ὀρέστου τοῦ Εὐριπίδου καὶ τῆς Ἀνδρομάχης τοῦ Ρακίνα, μετ' ἀπαγγελίας τεμαχίων ἐκ τῶν τραγῳδιῶν τούτων","On Andromache and Orestes by Euripides and Andromache by Racine, with recitation of excerpts from these tragedies",,,"Literature, Classics, Theater",False
image_0237_right.png,Public Lecture,1888 - 1889,1888 - 1889,,,Θ. Σαλτέλης,Th. Saltelis,"Saltelis, Theodoros",,Περὶ Σωκράτους ὡς διδασκάλου,On Socrates as a teacher,,διαλ. 2,"Philosophy, Education",False
image_0237_right.png,Public Lecture,1888 - 1889,1888 - 1889,,,Δ. Ρόσφενδελ,D. Rosfendel,"Rosfendel, D.",,Ἐπεισόδια ἐκ τῆς νεωτέρας ἱστορίας,Episodes from modern history,,διαλ. 2,History,False
image_0237_right.png,Public Lecture,1888 - 1889,1888 - 1889,,,Ε. Ποπέσκος,E. Popeskos,"Popeskos, E.",,Ὁδοιπορικαὶ ἀναμνήσεις. Simon Houmanian. Ἐκ τῆς ἀνθρωπολογίας,Travel memories. Simon Houmanian. From anthropology,,,"Anthropology, Geography",False
image_0237_right.png,Public Lecture,1888 - 1889,1888 - 1889,,,Κ. Καλλιάδης,K. Kalliadis,"Kalliadis, K.",,"Περὶ τοῦ Ἱππολύτου τοῦ Εὐριπίδου καὶ τῆς Φαίδρας τοῦ Ρακίνα, μετ' ἀπαγγελίας τεμαχίων ἐξ ἑκατέρων τῶν τραγῳδιῶν","On Hippolytus by Euripides and Phaedra by Racine, with recitation of excerpts from each of the tragedies",,,"Literature, Classics, Theater",False
image_0237_right.png,Public Lecture,1888 - 1889,1888 - 1889,,,Ν. Σπανδωνῆς,N. Spandonis,"Spandonis, N.",,Σημειώσεις ἐπὶ τῆς κοινωνίας τῶν Ἀθηνῶν,Notes on the society of Athens,,,"Sociology, History",False
image_0237_right.png,Public Lecture,1888 - 1889,1888 - 1889,,,Γ. Παπαρρόδου,G. Paparrodou,"Paparrodou, G.",,Περὶ τῆς ἑλλην. ποιήσεως ἐν τῇ ἀρχαιότητι,On Greek poetry in antiquity,,,"Literature, Classics",False
image_0237_right.png,Public Lecture,1888 - 1889,1888 - 1889,,,Ε. Ποπέσκος,E. Popeskos,"Popeskos, E.",,Περὶ τῆς ρωσικῆς μυθιστοριογραφίας κατὰ τὸν Vogüé,On Russian novel writing according to Vogüé,,,Literature,False
image_0237_right.png,Public Lecture,1889 - 1890,1889 - 1890,,,Γ. Ἀκεστορίδης,G. Akestoridis,"Akestoridis, G.",,Περὶ ἐπιδημικῶν νοσημάτων καὶ τῆς ἀπ' αὐτῶν προφυλάξεως,On epidemic diseases and protection from them,,διαλ. 5,"Medicine, Public Health",False
image_0237_right.png,Public Lecture,1889 - 1890,1889 - 1890,,,Π. Κούππας,P. Kouppas,"Kouppas, P.",,"Μεσαιωνικὴ ἀρχαιολογία. Τοπογραφία, διάγραμμα καὶ διακόσμησις ναῶν","Medieval archaeology. Topography, diagram and decoration of temples",,διαλ. 2,"Archaeology, Architecture, History",False
image_0237_right.png,Public Lecture,1889 - 1890,1889 - 1890,,,Α. Λεβάς,A. Levas,"Levas, A.",,Ἀρχαὶ ἠθικῆς,Principles of ethics,,,Philosophy,False
image_0237_right.png,Public Lecture,1889 - 1890,1889 - 1890,,,Γ. Μακρῆς,G. Makris,"Makris, G.",,Περὶ δημώδους χειρουργικῆς,On popular surgery,,,Medicine,False
image_0237_right.png,Public Lecture,1889 - 1890,1889 - 1890,,,Δ. Ρόσενδελφ,D. Rosendelf,"Rosendelf, D.",,Περὶ τοῦ ρωμαϊκοῦ γερμανικοῦ κράτους,On the Roman Germanic state,,,History,False
image_0237_right.png,Public Lecture,1889 - 1890,1889 - 1890,,,Ε. Ποπέσκος,E. Popeskos,"Popeskos, E.",,Ἡ ρωσικὴ μυθιστορία κατὰ τὸν ἀκαδημαϊκὸν E. M. de Vogüé,The Russian novel according to the academician E. M. de Vogüé,,διαλ. 2,Literature,False
image_0237_right.png,Public Lecture,1889 - 1890,1889 - 1890,,,Εὐγένιος Ζαλοκώστας,Evgenios Zalokostas,"Zalokostas, Evgenios",,Ἀναμνήσεις Ἰταλίας,Memories of Italy,,,"Geography, History",False
image_0237_right.png,Public Lecture,1889 - 1890,1889 - 1890,,,Δ. Οἰκονομίδης,D. Oikonomidis,"Oikonomidis, D.",,Θεωρητέος ὁ θάνατος ὡς τέρμα τοῦ βίου;,Should death be considered as the end of life?,,διαλ. 7,"Philosophy, Theology",False
image_0237_right.png,Public Lecture,1889 - 1890,1889 - 1890,,,Β. Ρίτσος,V. Ritsos,"Ritsos, V.",,Τὰ μικρόβια ἐν ταῖς σχέσεσιν αὐτῶν πρὸς τὰς νόσους. Ὑγιεινή,Microbes in their relations to diseases. Hygiene,,,"Medicine, Biology",False
image_0237_right.png,Public Lecture,1890 - 1891,1890 - 1891,,,Μ. Σέμολας,M. Semolas,"Semolas, M.",,Περὶ τῆς ἐπιρροῆς τῆς ὑγιεινῆς ἐπὶ τῆς θεραπείας τῶν νοσημάτων,On the influence of hygiene on the treatment of diseases,,,"Medicine, Public Health",False
image_0237_right.png,Public Lecture,1890 - 1891,1890 - 1891,,,Δ. Κόκκος,D. Kokkos,"Kokkos, D.",,Ἀπαγγελία ποιημάτων,Recitation of poems,,διαλ. 2,Literature,False
image_0237_right.png,Public Lecture,1890 - 1891,1890 - 1891,,,Ν. Φωτιάδης,N. Fotiadis,"Fotiadis, N.",,Περὶ γάμου ὑπὸ θρησκευτικὴν καὶ φιλοσοφ. ἔποψιν,On marriage from a religious and philosophical point of view,,,"Theology, Philosophy, Sociology",False
image_0237_right.png,Public Lecture,1890 - 1891,1890 - 1891,,,Ε. Ἀμαξόπουλος,E. Amaxopoulos,"Amaxopoulos, E.",,Ἐκ τῆς ἱστορίας τοῦ νεωτέρου πολιτισμοῦ,From the history of modern civilization,,,"History, Sociology",False
image_0237_right.png,Public Lecture,1890 - 1891,1890 - 1891,,,Ν. Σαλαβάντας,N. Salavantas,"Salavantas, N.",,Περὶ τῆς θεραπευτικῆς μεθόδου τοῦ Κώχ,On the therapeutic method of Koch,,,Medicine,False
image_0237_right.png,Public Lecture,1890 - 1891,1890 - 1891,,,Ι. Σιώτης,I. Siotis,"Siotis, I.",,Περὶ τῆς ἐπιρροῆς τῆς ὑγιεινῆς ἐπὶ τοῦ κάλλους,On the influence of hygiene on beauty,,,"Medicine, Public Health",False
image_0237_right.png,Public Lecture,1890 - 1891,1890 - 1891,,,Ι. Ἀκεστορίδης,I. Akestoridis,"Akestoridis, I.",,Ποῖαί εἰσιν αἱ ἰατρικαὶ καὶ χειρουργικαὶ γνώσεις αἱ ἀπολύτως ἀναγκαῖαι εἰς πάντα οἰκογενειάρχην,What are the medical and surgical knowledge absolutely necessary for every head of a family,,διαλ. 3,Medicine,False
image_0237_right.png,Public Lecture,1890 - 1891,1890 - 1891,,,Χρ. Χατζηχρήστου,Chr. Chatzichristou,"Chatzichristou, Christos",,Τὸ παραμύθι τῆς ζώσης φύσεως (ἀλληγορία),The fairy tale of living nature (allegory),,,"Biology, Literature",False
image_0237_right.png,Public Lecture,1890 - 1891,1890 - 1891,,,Κ. Μακρῆς,K. Makris,"Makris, K.",,Περὶ τῶν μικροβίων καὶ ἰδίᾳ περὶ τῶν μικροβίων τῆς φθίσεως μετὰ μικροσκοπικῶν παρατηρήσεων,On microbes and especially on the microbes of tuberculosis with microscopic observations,,,"Medicine, Biology",False
image_0237_right.png,Public Lecture,1890 - 1891,1890 - 1891,,,Χρ. Χατζηχρήστου,Chr. Chatzichristou,"Chatzichristou, Christos",,Ἑρμηνεία τοῦ παραμυθίου τῆς ζώσης φύσεως,Interpretation of the fairy tale of living nature,,,"Biology, Literature",False
image_0237_right.png,Public Lecture,1890 - 1891,1890 - 1891,,,Κ. Μακρῆς,K. Makris,"Makris, K.",,Περὶ τῶν παθογενῶν μικροβίων μετὰ μικροσκοπικῶν παρατηρήσεων,On pathogenic microbes with microscopic observations,,,"Medicine, Biology",False
image_0237_right.png,Public Lecture,1890 - 1891,1890 - 1891,,,Γ. Ἀκεστορίδης,G. Akestoridis,"Akestoridis, G.",,Περὶ δημώδους ἰατρικῆς,On popular medicine,,,Medicine,False
image_0237_right.png,Public Lecture,1890 - 1891,1890 - 1891,,,Κ. Χρυσαφίδης,K. Chrysafidis,"Chrysafidis, K.",,Ἡ περὶ Ἁμλέτου παράδοσις,The tradition about Hamlet,,,"Literature, History",False
image.png,Public Lecture,1890 - 1891,1890 - 1891,,,Οδ. Ἀνδρεάδης,Od. Andreadis,Od. Andreadis,,Ἡ μεγαλοφυΐα τῶν ἑλλήνων ἐν τῇ μυθολογίᾳ αὐτῶν.,The genius of the Greeks in their mythology.,,,"Mythology, Classics",False
image.png,Public Lecture,1890 - 1891,1890 - 1891,,,Λ. Λιμαράκης,L. Limarakis,L. Limarakis,,Περὶ τῆς παρ' ἡμῖν ὑπὲρ τῶν πτωχῶν ἀρωγῆς ἐν σχέσει πρὸς τοὺς φιλοπτώχους θεσμοὺς ἀρχαίους τε καὶ νεωτέρους.,On the aid to the poor among us in relation to ancient and modern charitable institutions.,,,"Sociology, History",False
image.png,Public Lecture,1890 - 1891,1890 - 1891,,,Κ. Μακρῆς,K. Makris,K. Makris,,Περὶ προφυλάξεως ἀπὸ τῶν μολυσματικῶν ἀσθενειῶν.,On protection from infectious diseases.,,(διαλ. 2),"Medicine, Public Health",False
image.png,Public Lecture,1890 - 1891,1890 - 1891,,,Κ. Καλλιάδης,K. Kalliadis,K. Kalliadis,,Τὰ κατὰ Πύραμον καὶ Θίσβην.,The story of Pyramus and Thisbe.,,,"Literature, Mythology",False
image.png,Public Lecture,1890 - 1891,1890 - 1891,,,Γ. Ἀκεστορίδης,G. Akestoridis,G. Akestoridis,,Ἀναμνήσεις ταξειδίου ἐκ Κων)πόλεως εἰς Παρισίους μετὰ πολυαρίθμων λεπτομερειῶν περὶ τοῦ παρισινοῦ βίου.,Memories of a trip from Constantinople to Paris with numerous details about Parisian life.,,,"Travelogue, History",False
image.png,Public Lecture,1890 - 1891,1890 - 1891,,,Χ. Ἄννινος,Ch. Anninos,Ch. Anninos,,Δημοσιογραφικαὶ ἀναμνήσεις.,Journalistic memories.,,,"Journalism, History",False
image.png,Public Lecture,1891 - 1892,1891 - 1892,,,Ἀν. Χρηστίδης,An. Christidis,An. Christidis,,Ἀρχὴ καὶ ἀνάπτυξις τῶν ἰατρικῶν καὶ φυσικῶν ἐπιστημῶν.,Origin and development of medical and physical sciences.,,,"History of Science, Medicine",False
image.png,Public Lecture,1891 - 1892,1891 - 1892,,,Κ. Μεταξᾶς,K. Metaxas,K. Metaxas,,"Ἀναμνήσεις περιηγητοῦ, ἐκδρομὴ εἰς Βαβυλῶνα.","Memories of a traveler, excursion to Babylon.",,,"Travelogue, Geography",False
image.png,Public Lecture,1891 - 1892,1891 - 1892,,,Μ. Γεδεών,M. Gedeon,M. Gedeon,,Ὁ κατὰ καιροὺς τύπος τῆς ἐκλογῆς τοῦ Πατριάρχου Κων)πόλεως,The occasional press of the election of the Patriarch of Constantinople,,,"Theology, History",False
image.png,Public Lecture,1891 - 1892,1891 - 1892,,,Γ. Ἀκεστορίδης,G. Akestoridis,G. Akestoridis,,Ὑγιειναὶ συνθῆκαι τῶν κατοικιῶν τῆς Κωνσταντινουπόλεως καὶ ἰδίως τοῦ Πέραν.,Sanitary conditions of the dwellings of Constantinople and especially of Pera.,,,"Public Health, Urban Studies",False
image.png,Public Lecture,1891 - 1892,1891 - 1892,,,Μ. Γεδεών,M. Gedeon,M. Gedeon,,Τὰ περὶ τοῦ Οἰκουμενικοῦ Πατριάρχου λαϊκὰ καὶ κληρικὰ συμβούλια κατὰ τοὺς μέσους χρόνους,On the lay and clerical councils of the Ecumenical Patriarch during the Middle Ages,,(δ. 2),"Theology, History",False
image.png,Public Lecture,1891 - 1892,1891 - 1892,,,Θ. Βεγλερῆς,Th. Vegleris,Th. Vegleris,,Περὶ τοῦ διαζυγίου ὑπὸ νομικὴν καὶ κοινωνικὴν ἔποψιν.,On divorce from a legal and social point of view.,,,"Law, Sociology",False
image.png,Public Lecture,1891 - 1892,1891 - 1892,,,Δ. Ρόσενφελδ,D. Rosenfeld,D. Rosenfeld,,Περὶ Βερολίνου καὶ Βιέννης,On Berlin and Vienna,,,"Geography, Urban Studies",False
image.png,Public Lecture,1891 - 1892,1891 - 1892,,,Γ. Ἀκεστορίδης,G. Akestoridis,G. Akestoridis,,"Περὶ γυμναστικῆς παρὰ τοῖς ἀρχαίοις (Ὀλυμπιακοὶ ἀγῶνες) καὶ περὶ τῆς γυμναστικῆς τῶν καθ' ἡμᾶς χρόνων (χορός, ποδηλασία, ὁδοιπορία, κολυμβητική, σουηδ. γυμναστικὴ","On gymnastics among the ancients (Olympic games) and on gymnastics of our times (dance, cycling, hiking, swimming, Swedish gymnastics)",,(διαλ. 2),"Sports History, Physical Education",False
image.png,Public Lecture,1891 - 1892,1891 - 1892,,,Α. Βασακόπουλος,A. Vasakopoulos,A. Vasakopoulos,,Θαλασσοπορία καὶ γεωγραφικαὶ γνώσεις ἐν τῇ ἀρχαιότητι. Περίπλους τῆς Ἀφρικῆς ὑπὸ τοῦ Ἄννωνος.,Seafaring and geographical knowledge in antiquity. Circumnavigation of Africa by Hanno.,,,"Geography, History",False
image.png,Public Lecture,1891 - 1892,1891 - 1892,,,Ν. Φωτιάδης,N. Fotiadis,N. Fotiadis,,Περὶ μορφώσεως τοῦ λαοῦ καὶ ἀνυψώσεως τῶν ἐργατικῶν τάξεων,On the education of the people and the elevation of the working classes,,(διαλ. 2),"Sociology, Education",False
image.png,Public Lecture,1891 - 1892,1891 - 1892,,,Φρ. Μαυρογορδᾶτος,Fr. Mavrogordatos,Fr. Mavrogordatos,,Ἱστορία φωτισμοῦ (μετὰ πειραμάτων).,History of lighting (with experiments).,,,"History of Science, Physics",False
image.png,Public Lecture,1891 - 1892,1891 - 1892,,,Οδ. Ἀνδρεάδης,Od. Andreadis,Od. Andreadis,,Περὶ θεάτρου καθόλου καὶ τῆς δραματικῆς ποιήσεως,On theatre in general and dramatic poetry,,(διαλ. 2),"Literature, Theatre",False
image.png,Public Lecture,1891 - 1892,1891 - 1892,,,Δ. Ταβουλάρης,D. Tavoularis,D. Tavoularis,,Ἡ γέννησις καὶ πρόοδος τῆς νεωτέρας ἑλλην. σκηνῆς.,The birth and progress of the modern Greek stage.,,,"Theatre, History",False
image.png,Public Lecture,1891 - 1892,1891 - 1892,,,Δ. Οἰκονομίδης,D. Oikonomidis,D. Oikonomidis,,Περὶ τοῦ ἀρχαίου ἑλλ. δράματος καὶ τῶν τριῶν μεγάλων δραματικῶν ποιητῶν,On ancient Greek drama and the three great dramatic poets,,(διαλ. 3),"Literature, Classics",False
image.png,Public Lecture,1891 - 1892,1891 - 1892,,,Α. Βασακόπουλος,A. Vasakopoulos,A. Vasakopoulos,,Περίπλους τῆς Ἀφρικῆς ὑπὸ τῶν Φοινίκων τῇ διαταγῇ τοῦ βασιλέως τῆς Αἰγύπτου Νεκώ. Περίπλους τῆς Ἀφρικῆς ὑπὸ τοῦ Σκύλακος καὶ τοῦ Εὐδόξου.,Circumnavigation of Africa by the Phoenicians by order of the King of Egypt Necho. Circumnavigation of Africa by Scylax and Eudoxus.,,,"Geography, History",False
image.png,Public Lecture,1891 - 1892,1891 - 1892,,,Π. Καμπανάκης,P. Kampanakis,P. Kampanakis,,Περὶ ἱστορίας τῆς τέχνης.,On the history of art.,,,Art History,False
image.png,Public Lecture,1891 - 1892,1891 - 1892,,,Ε. Ζαλοκώστας,E. Zalokostas,E. Zalokostas,,Προλήψεις καὶ παραδόσεις τοῦ Ἑλλην. λαοῦ.,Superstitions and traditions of the Greek people.,,,"Folklore, Anthropology",False
image.png,Public Lecture,1891 - 1892,1891 - 1892,,,Κλ. Κοκκολᾶτος,Kl. Kokkolatos,Kl. Kokkolatos,,Περὶ νεκροφανείας.,On apparent death (catalepsy).,,,"Medicine, Psychology",False
image.png,Public Lecture,1891 - 1892,1891 - 1892,,,Γ. Ἀκεστορίδης,G. Akestoridis,G. Akestoridis,,Περὶ τῆς σχέσεως τῆς φυτοφαγίας πρὸς τὴν μακροβιότητα καὶ περὶ τῆς διαίτης συγχρόνου Ἕλληνος Μαθουσάλα ἄγοντος τὸ 126 τῆς ἡλικίας αὑτοῦ ἔτος.,On the relationship of vegetarianism to longevity and on the diet of a modern Greek Methuselah aged 126 years.,,,"Medicine, Nutrition",False
image.png,Public Lecture,1891 - 1892,1891 - 1892,,,Χρ. Χατζηχρήστου,Chr. Chatzichristou,Chr. Chatzichristou,,Ὁ Θεὸς ἐν τοῖς ἔργοις αὑτοῦ.,God in his works.,,,"Theology, Philosophy",False
image.png,Public Lecture,1891 - 1892,1891 - 1892,,,Gallier,Gallier,Gallier,,Περὶ τῆς συγχρόνου γαλλικῆς φιλολογίας.,On modern French literature.,,,Literature,False
image.png,Public Lecture,1891 - 1892,1891 - 1892,,,Ν. Παπαγιαννόπουλος,N. Papagiannopoulos,N. Papagiannopoulos,,Ἐπισκόπησις μιᾶς σελίδος τῆς Ἑλλ. ἱστορίας τοῦ πέμπτου ἀπὸ Χριστοῦ αἰῶνος.,Overview of a page of Greek history of the fifth century AD.,,,History,False
image.png,Public Lecture,1891 - 1892,1891 - 1892,,,Ι. Παυλίδης,I. Pavlidis,I. Pavlidis,,Τὸ ὀρθὸν ἐκπαιδευτικὸν σύστημα παρ' ἡμῖν.,The correct educational system among us.,,,Education,False
image.png,Public Lecture,1891 - 1892,1891 - 1892,,,Δ. Οἰκονομίδης,D. Oikonomidis,D. Oikonomidis,,Περὶ Σοφοκλέους.,On Sophocles.,,,"Literature, Classics",False
image_0238_right.png,Public Lecture,1892 - 1893,1892 - 1893,,,Δ. Δαλλαπόρτας,,,,Περὶ τῆς νεοελληνικῆς γλώσσης.,,,,Linguistics,False
image_0238_right.png,Public Lecture,1892 - 1893,1892 - 1893,,,Γ. Ἀκεστορίδης,,,,Περὶ τῆς προφυλάξεως ἀπὸ τῆς Ἀσιατ. χολέρας.,,,,"Medicine, Public Health",False
image_0238_right.png,Public Lecture,1892 - 1893,1892 - 1893,,,Ν. Γιαννουλάτος,,,,Ὁ Σαβινύ καὶ ἡ ἱστορικὴ σχολὴ τοῦ Δικαίου.,,,,"Law, History",False
image_0238_right.png,Public Lecture,1892 - 1893,1892 - 1893,,,Στ. Βραχάμης,,,,Περὶ σεισμῶν.,,,,"Geology, Seismology",False
image_0238_right.png,Public Lecture,1892 - 1893,1892 - 1893,,,Δ. Ρόσενφελδ,,,,Τὰ ἀρχαίας ἑλλην. ὑποθέσεως δράματα τοῦ Γερμανοῦ ποιητοῦ Grillparer.,,,,"Literature, Philology",False
image_0238_right.png,Public Lecture,1892 - 1893,1892 - 1893,,,Δ. Οἰκονομίδης,,,,Περὶ τῆς νέας Ἑλληνικῆς γλώσσης.,,,,Linguistics,False
image_0238_right.png,Public Lecture,1892 - 1893,1892 - 1893,,,Julles Sandoz,,,,Περὶ τῆς γαλλικῆς λυρικῆς ποιήσεως ἐν Καναδᾷ.,,,,Literature,False
image_0238_right.png,Public Lecture,1892 - 1893,1892 - 1893,,,Δ. Τουργούτης,,,,Ἰατρικὴ παρ' Ἀριστοφάνει.,,,,"Medicine, Classics, Literature",False
image_0238_right.png,Public Lecture,1892 - 1893,1892 - 1893,,,Οδ. Ἀνδρεάδης,,,,Ἐκ τῆς ἱστορίας τοῦ θεάτρου καὶ τῆς δραματικῆς ποιήσεως.,,,,"History, Literature, Theater",False
image_0238_right.png,Public Lecture,1892 - 1893,1892 - 1893,,,Κ. Nazaretti,,,,Περὶ νεωτέρας παιδεύσεως,,,,Education,False
image_0238_right.png,Public Lecture,1892 - 1893,1892 - 1893,,,Σ. Ἀποστόλογλους,,,,Περὶ πολυτελείας ὑπὸ πλουτολογικὴν ἔποψιν.,,,,"Economics, Sociology",False
image_0238_right.png,Public Lecture,1892 - 1893,1892 - 1893,,,Ι. Βαλαβάνης,,,,Τὸ μεταλλεῖον τοῦ Ταύρου ἢ τὸ Μπουγῆ Μαδενῆ.,,,,"Geology, Mining, Geography",False
image_0238_right.png,Public Lecture,1892 - 1893,1892 - 1893,,,Δ. Βασακόπουλος,,,,Οἱ πρὸς τὴν φυσικὴν γεωγραφίαν ἀγῶνες τῆς ἀνθρωπότητος.,,,,"Geography, History",False
image_0238_right.png,Public Lecture,1892 - 1893,1892 - 1893,,,Χρ. Χατζηχρήστου,,,,Προλήψεων ὠφελιμότης.,,,,"Sociology, Psychology, Folklore",False
image_0238_right.png,Public Lecture,1892 - 1893,1892 - 1893,,,Χ. Πανταζίδης,,,,Περὶ τῆς γυναικὸς καθ' Ὅμηρον.,,,,"Classics, Literature, Sociology",False
image_0238_right.png,Public Lecture,1892 - 1893,1892 - 1893,,,Κ. Καλλιάδης,,,,Περὶ τῆς Σοφοκλέους «Ἠλέκτρας» ἐν συγκρίσει πρὸς τὰς «χοηφόρους» τοῦ Αἰσχύλου καὶ πρὸς τὴν «Ἠλέκτραν» καὶ τὸν «Ὀρέστην» τοῦ Εὐριπίδου.,,,,"Classics, Literature",False
image_0238_right.png,Public Lecture,1892 - 1893,1892 - 1893,,,Μ. Γεδεών,,,,Αἱ πηγαὶ ἐν τῇ ἐρεύνη τῆς ἡμετέρας ἱστορίας ἐν τοῖς τελευταίοις αἰῶσι.,,,2,History,False
image_0238_right.png,Public Lecture,1892 - 1893,1892 - 1893,,,Π. Νικολόπουλος,,,,Περὶ μονομαχίας ὑπὸ νομικὴν ἔποψιν.,,,,"Law, History",False
image_0238_right.png,Public Lecture,1893 - 1894,1893 - 1894,,,Κ. Παρίτσης,,,,Ἐκ τῆς Ἐκκλησιαστικῆς ἱστορίας,,,3,"Theology, History",False
image_0238_right.png,Public Lecture,1893 - 1894,1893 - 1894,,,Δ. Τουργούτης,,,,Ἡ τελευταία ἐν Κων)πόλει χολερικὴ ἐπιδημία.,,,,"Medicine, Public Health, History",False
image_0238_right.png,Public Lecture,1893 - 1894,1893 - 1894,,,Γ. Ἀκεστορίδης,,,,Περὶ τῆς εὐθηνοτέρας θερμάνσεως τῶν κατοικιῶν.,,,,"Engineering, Architecture, Public Health",False
image_0238_right.png,Public Lecture,1893 - 1894,1893 - 1894,,,Δ. Οἰκονομίδης,,,,Στοιχεῖα μυθολογικὰ ἐν τῇ διαλέκτῳ τοῦ Πόντου.,,,,"Linguistics, Folklore, Mythology",False
image_0238_right.png,Public Lecture,1893 - 1894,1893 - 1894,,,Σ. Βραχάμης,,,,Περὶ τοῦ σύμπαντος.,,,,"Astronomy, Cosmology",False
image_0238_right.png,Public Lecture,1893 - 1894,1893 - 1894,,,Κ. Μεταξᾶς,,,,Ἀπὸ Βαγδάτης εἰς τὰς Ἰνδίας. (Ἀναμνήσεις περιηγητοῦ).,,,,"Geography, Travel, History",False
image_0238_right.png,Public Lecture,1893 - 1894,1893 - 1894,,,Ἠλ. Βαλσαμάκης,,,,Περὶ θερμότητος,,,4,Physics,False
image_0238_right.png,Public Lecture,1893 - 1894,1893 - 1894,,,Δ. Τουργούτης,,,,Περὶ τῆς ἐπιδημικῆς γρίππης.,,,,"Medicine, Public Health",False
image_0238_right.png,Public Lecture,1893 - 1894,1893 - 1894,,,Γ. Ἀκεστορίδης,,,,Σχέσις τῶν ὑπονόμων πρὸς τὰ ἐπιδημ. νοσήματα.,,,,"Medicine, Public Health, Engineering",False
image_0238_right.png,Public Lecture,1893 - 1894,1893 - 1894,,,Μ. Κεφάλας,,,,Περὶ ξενικῶν στοιχείων ἐν τῇ ἀρχαίᾳ ἑλλ. γλώσσῃ,,,2,"Linguistics, Classics",False
image_0238_right.png,Public Lecture,1893 - 1894,1893 - 1894,,,Ι. Βαλαβάνης,,,,Ἀπὸ Ἰκονίου εἰς Κ)πολιν,,,,"Geography, Travel",False
image_0238_right.png,Public Lecture,1893 - 1894,1893 - 1894,,,Ν. Γιαννουλάτος,,,,Ὀλίγαι κριτικαὶ σελίδες ἐκ τῆς γερμανικῆς φιλολογίας.,,,,"Literature, Philology",False
image_0238_right.png,Public Lecture,1893 - 1894,1893 - 1894,,,Μ. Γεδεών,,,,Περὶ τοῦ ἔργου τῆς Ἐκκλησίας ἐν τῇ συντάξει τῶν ἐκπαιδευτικῶν παρ' ἡμῖν θεσμῶν.,,,,"Theology, Education, History",False
image_0238_right.png,Public Lecture,1894 - 1895,1894 - 1895,,,Κ. Παρίτσης,,,,Περὶ Ἀποστόλου Παύλου,,,,"Theology, History",False
image_0238_right.png,Public Lecture,1894 - 1895,1894 - 1895,,,Σαπφὼ Λεοντιάς,,,,Τὸ νέον πρόγραμμα τῆς ἐκπαιδεύσεως,,,2,Education,False
image_0238_right.png,Public Lecture,1894 - 1895,1894 - 1895,,,Γ. Ἀκεστορίδης,,,,Περὶ τῆς χρήσεως τοῦ πετρελαίου ἐν τῇ οἰκιακῇ οἰκονομίᾳ,,,3,"Engineering, Economics",False
image_0238_right.png,Public Lecture,1894 - 1895,1894 - 1895,,,Γ. Ἀκεστορίδης,,,,Περὶ τῆς ἐπικρατούσης ἐπιδημίας τῆς εὐλογίας,,,2,"Medicine, Public Health",False
image_0238_right.png,Public Lecture,1894 - 1895,1894 - 1895,,,Ἀθ. Ἰωάννου,,,,"Ποῖα τὰ αἴτια, τὰ ὁποῖα τὴν σήμερον πρεσβεύει ἡ ἐπιστήμη περὶ τῶν σεισμῶν ἐν γένει.",,,,"Geology, Seismology",False
image_0238_right.png,Public Lecture,1894 - 1895,1894 - 1895,,,Δ. Τουργούτης,,,,Ὑπνωτισμοῦ παράδοξα,,,2,"Psychology, Medicine",False
image_0238_right.png,Public Lecture,1894 - 1895,1894 - 1895,,,Μ. Γεδεών,,,,Ἡ φιλανθρωπία τοῦ Θεοῦ κατὰ τοὺς Βυζαντινοὺς χρονογράφους.,,,,"Theology, History, Byzantine Studies",False
image_0238_right.png,Public Lecture,1894 - 1895,1894 - 1895,,,Μ. Αὐθεντόπουλος,,,,Τὸ γλωσσικὸν ἔργον τῆς μητρὸς καὶ τοῦ σχολείου. Α' Ἡ φύσις καὶ ἡ μήτηρ. Β' Ἡ γλῶσσα καὶ τὸ σχολεῖον,,,2,"Linguistics, Education",False
image_0239_left.png,Public Lecture,1894 - 1895,1894 - 1895,,,Δ. Οἰκονομίδης,D. Oikonomidis,D. Oikonomidis,,Περὶ Εὐριπίδου.,On Euripides.,,,"Literature, Classics",False
image_0239_left.png,Public Lecture,1894 - 1895,1894 - 1895,,,Κ. Ἰσμιρλῆς,K. Ismirlis,K. Ismirlis,,Περὶ ὑγρασίας ἐν γένει καὶ περὶ τῶν μέσων τῆς ἀπαλλαγῆς αὐτῆς ἀπὸ τὰς οἰκοδομάς.,On moisture in general and on the means of eliminating it from buildings.,,,"Engineering, Architecture",False
image_0239_left.png,Public Lecture,1894 - 1895,1894 - 1895,,,Μ. Γεδεών,M. Gedeon,M. Gedeon,,Τὸ δίκαιον τῆς χειροτονίας τοῦ Πατριάρχου Κ)πόλεως.,The right of ordination of the Patriarch of Constantinople.,,,"Theology, History, Law",False
image_0239_left.png,Public Lecture,1894 - 1895,1894 - 1895,,,Ι. Βαλαβάνης,I. Valavanis,I. Valavanis,,Ὁ ποιητὴς Ἀχιλλεὺς Παράσχος.,The poet Achilleus Paraschos.,,,Literature,False
image_0239_left.png,Public Lecture,1894 - 1895,1894 - 1895,,,Π. Νικολόπουλος,P. Nikolopoulos,P. Nikolopoulos,,Περὶ υἱοθεσίας παρὰ τοῖς Ρωμαίοις.,On adoption among the Romans.,,,"History, Law, Classics",False
image_0239_left.png,Public Lecture,1894 - 1895,1894 - 1895,,,Ἀθ. Ἰωάννου,Ath. Ioannou,Ath. Ioannou,,"Ὁ ἀτμοσφαιρικὸς ἀὴρ καὶ ἡ ζῶσα φύσις, μετὰ πειραμάτων.","Atmospheric air and living nature, with experiments.",,,"Biology, Physics",False
image_0239_left.png,Public Lecture,1894 - 1895,1894 - 1895,,,Χρ. Πανταζίδης,Chr. Pantazidis,Chr. Pantazidis,,Περὶ γάμου,On marriage,,διαλ. 2,"Sociology, Law",False
image_0239_left.png,Public Lecture,1894 - 1895,1894 - 1895,,,Ὀδ. Ἀνδρεάδης,Od. Andreadis,Od. Andreadis,,Περὶ τῆς τέχνης τοῦ καλῶς λέγειν.,On the art of speaking well.,,,"Rhetoric, Linguistics",False
image_0239_left.png,Public Lecture,1894 - 1895,1894 - 1895,,,Ἀθ. Ἰωάννου,Ath. Ioannou,Ath. Ioannou,,Περὶ ποσίμου ὕδατος ὑπὸ ὑγιεινὴν ἔποψιν.,On drinking water from a hygienic point of view.,,,"Public Health, Medicine",False
image_0239_left.png,Public Lecture,1894 - 1895,1894 - 1895,,,Κ. Μεταξᾶς,K. Metaxas,K. Metaxas,,Ἀπὸ Βομβάης εἰς Κων)πολιν. (Ἀναμνήσεις περιηγητοῦ).,From Bombay to Constantinople. (Memoirs of a traveler).,,,"Geography, History",False
image_0239_left.png,Public Lecture,1894 - 1895,1894 - 1895,,,Χρ. Πανταζίδης,Chr. Pantazidis,Chr. Pantazidis,,Περὶ καθηκόντων τῶν γονέων.,On the duties of parents.,,,"Sociology, Education",False
image_0239_left.png,Public Lecture,1894 - 1895,1894 - 1895,,,Γ. Ἀκεστορίδης,G. Akestoridis,G. Akestoridis,,Ὑγιεινὴ τῶν κατοικιῶν.,Hygiene of dwellings.,,,"Public Health, Architecture",False
image_0239_left.png,Public Lecture,1894 - 1895,1894 - 1895,,,Ἡλ. Δασσαρήτης,Il. Dassaretis,Il. Dassaretis,,Περὶ τῶν ἐν τοῖς σχολείοις παιδαγωγικῶν τιμωριῶν.,On pedagogical punishments in schools.,,,Education,False
image_0239_left.png,Public Lecture,1894 - 1895,1894 - 1895,,,Μ. Κεφάλας,M. Kefalas,M. Kefalas,,Λατινικαὶ λέξεις ἐν τῇ δημώδει γλώσσῃ.,Latin words in the demotic language.,,,Linguistics,False
image_0239_left.png,Public Lecture,1894 - 1895,1894 - 1895,,,Ἡλ. Βαλσαμάκης,Il. Valsamakis,Il. Valsamakis,,Περὶ χαλάζης,On hail,,δ. 2,Meteorology,False
image_0239_left.png,Public Lecture,1894 - 1895,1894 - 1895,,,Achille de Giovani,Achille de Giovani,Achille de Giovani,,Περὶ νευροπαθείας.,On neuropathy.,,,"Medicine, Psychology",False
image_0239_left.png,Public Lecture,1894 - 1895,1894 - 1895,,,Ι. Παχτίκος,I. Pachtikos,I. Pachtikos,,Περὶ τῆς ἀρχαίας ἑλληνικῆς μουσικῆς.,On ancient Greek music.,,,"Musicology, Classics",False
image_0239_left.png,Public Lecture,1894 - 1895,1894 - 1895,,,Ι. Σκαλτσούνης,I. Skaltsounis,I. Skaltsounis,,"Περὶ ψυχῆς, ἁρμονίας, χριστιανισμοῦ καὶ ἐπιστήμης.","On soul, harmony, Christianity and science.",,,"Philosophy, Theology, Science",False
image_0239_left.png,Public Lecture,1895 - 1896,1895 - 1896,,,Ι. Σκαλτσούνης,I. Skaltsounis,I. Skaltsounis,,Περὶ τῶν κρισίμων ἱστορικῶν ἐποχῶν τοῦ χριστιανισμοῦ,On the critical historical periods of Christianity,,διαλ. 3,"History, Theology",False
image_0239_left.png,Public Lecture,1895 - 1896,1895 - 1896,,,C. Tondini de Quarenghi,C. Tondini de Quarenghi,C. Tondini de Quarenghi,,Περὶ τῆς ἐν Ρωσίᾳ μεταρρυθμίσεως τοῦ Ἰουλιαν. ἡμερολογίου.,On the reform of the Julian calendar in Russia.,,,"History, Astronomy",False
image_0239_left.png,Public Lecture,1895 - 1896,1895 - 1896,,,Ἡλ. Δασσαρήτης,Il. Dassaretis,Il. Dassaretis,,Περὶ τῆς αἰσθητικῆς ἐν τοῖς Γυμνασίοις ἢ περὶ τῆς ἐπιστήμης τοῦ καλοῦ καὶ ὡραίου.,On aesthetics in Gymnasiums or on the science of the good and beautiful.,,,"Education, Philosophy, Aesthetics",False
image_0239_left.png,Public Lecture,1895 - 1896,1895 - 1896,,,Ι. Ἀριστοκλῆς,I. Aristoklis,I. Aristoklis,,Τίς ὁ ὑπέρτατος τοῦ σύμπαντος νόμος,What is the supreme law of the universe,,διαλ. 2,"Philosophy, Physics",False
image_0239_left.png,Public Lecture,1895 - 1896,1895 - 1896,,,Κ. Κοκκολᾶτος,K. Kokkolatos,K. Kokkolatos,,"Παστέρ, βίος καὶ ἔργα.","Pasteur, life and works.",,,"Biography, History of Science, Biology",False
image_0239_left.png,Public Lecture,1895 - 1896,1895 - 1896,,,Ι. Φάχρης,I. Fachris,I. Fachris,,Ὁ ἠλεκτρισμὸς αἴτιον γενικῆς μορφολογίας (μετὰ πειραμάτων).,Electricity as a cause of general morphology (with experiments).,,,"Physics, Biology",False
image_0239_left.png,Public Lecture,1895 - 1896,1895 - 1896,,,Χρ. Πανταζίδης,Chr. Pantazidis,Chr. Pantazidis,,Περὶ τῆς γυναικὸς κατὰ Σοφοκλέα.,On women according to Sophocles.,,,"Literature, Classics, Gender Studies",False
image_0239_left.png,Public Lecture,1895 - 1896,1895 - 1896,,,Ἀθ. Ἰωάννου,Ath. Ioannou,Ath. Ioannou,,Περὶ θρέψεως ὑπὸ μηχανικὴν καὶ χημικὴν ἔποψιν.,On nutrition from a mechanical and chemical point of view.,,,"Biology, Chemistry, Medicine",False
image_0239_left.png,Public Lecture,1895 - 1896,1895 - 1896,,,Θ. Βεγλερῆς,Th. Vegleris,Th. Vegleris,,Πῶς δέον νὰ παιδεύωνται οἱ νέοι τῆς ἐποχῆς.,How the youth of the era should be educated.,,,Education,False
image_0239_left.png,Public Lecture,1895 - 1896,1895 - 1896,,,Δ. Γαβριηλίδης,D. Gavriilidis,D. Gavriilidis,,Περὶ μικροβίων.,On microbes.,,,"Biology, Medicine",False
image_0239_left.png,Public Lecture,1895 - 1896,1895 - 1896,,,Ἀθ. Ἰωάννου,Ath. Ioannou,Ath. Ioannou,,Περὶ σελήνης ὡς γεωλογικοῦ παράγοντος.,On the moon as a geological factor.,,,"Geology, Astronomy",False
image_0239_left.png,Public Lecture,1895 - 1896,1895 - 1896,,,Edouard Schneider,Edouard Schneider,Edouard Schneider,,Νέα μελέτη περὶ τῆς θέσεως τοῦ Ἰλίου.,New study on the location of Troy.,,,"Archaeology, History, Classics",False
image_0239_left.png,Public Lecture,1895 - 1896,1895 - 1896,,,Γ. Παχτῖκος,G. Pachtikos,G. Pachtikos,,Περὶ τῆς μεσαιωνικῆς ἑλληνικῆς μουσικῆς.,On medieval Greek music.,,,"Musicology, History",False
image_0239_left.png,Public Lecture,1895 - 1896,1895 - 1896,,,Π. Νικολόπουλος,P. Nikolopoulos,P. Nikolopoulos,,Περὶ πολυτελείας καὶ τινων κατ' αὐτῆς διατάξεων παρὰ Ρωμαίοις.,On luxury and some regulations against it among the Romans.,,,"History, Law, Classics",False
image_0239_left.png,Public Lecture,1895 - 1896,1895 - 1896,,,Χρ. Πανταζίδης,Chr. Pantazidis,Chr. Pantazidis,,Περὶ τῶν ἐν Σικελίᾳ καὶ Ἰταλίᾳ ἀρχαίων ἑλλην. ἀποικιῶν.,On the ancient Greek colonies in Sicily and Italy.,,,"History, Archaeology, Classics",False
image_0239_left.png,Public Lecture,1895 - 1896,1895 - 1896,,,Μ. Αὐθεντόπουλος,M. Aythentopoulos,M. Aythentopoulos,,Ἓν ἁπλούστατον μάθημα περὶ ψυχῆς.,A very simple lesson on the soul.,,,"Philosophy, Psychology, Education",False
image_0239_left.png,Public Lecture,1895 - 1896,1895 - 1896,,,Ἀθ. Ἰωάννου,Ath. Ioannou,Ath. Ioannou,,Περὶ τοῦ γάμου τῶν ἀνθέων (γονιμοποίησις).,On the marriage of flowers (fertilization).,,,"Botany, Biology",False
image_0239_left.png,Public Lecture,1895 - 1896,1895 - 1896,,,Γ. Παχτῖκος,G. Pachtikos,G. Pachtikos,,Μουσικοὶ ἀγῶνες ἐν τῇ Ἑλλ. ἀρχαιότητι.,Musical contests in Greek antiquity.,,,"Musicology, Classics, History",False
image_0239_left.png,Public Lecture,1895 - 1896,1895 - 1896,,,Κ. Ζώγας,K. Zogas,K. Zogas,,Περὶ τῶν καὶ παρ' ἡμῖν σωζομένων ἀρχαϊκῶν ἠθῶν καὶ ἐθίμων καὶ ἰδίᾳ περὶ τῶν Διονυσίων (ἐν Μακεδονίᾳ) τελετῶν.,On the archaic morals and customs preserved among us and specifically on the Dionysian ceremonies (in Macedonia).,,,"Folklore, Anthropology, History",False
image_0239_left.png,Public Lecture,1896 - 1897,1896 - 1897,,,Ν. Φωτιάδης,N. Fotiadis,N. Fotiadis,,Περὶ τῆς ἀξίας τῆς ἐργασίας καὶ τῶν θαυμασίων ἀποτελεσμάτων τοῦ καταμερισμοῦ τῶν ἔργων.,On the value of labor and the wonderful results of the division of labor.,,,"Economics, Sociology",False
image_0239_left.png,Public Lecture,1896 - 1897,1896 - 1897,,,Ἀ. Ἰωάννου,A. Ioannou,A. Ioannou,,Περὶ τῆς ὑγιεινῆς τοῦ στομάχου.,On the hygiene of the stomach.,,,"Medicine, Public Health",False
image_0239_left.png,Public Lecture,1896 - 1897,1896 - 1897,,,Γ. Ἀκεστορίδης,G. Akestoridis,G. Akestoridis,,Περὶ τῆς διὰ χλωροφορμίου ἀναισθησίας μετὰ πειραμάτων.,On anesthesia by chloroform with experiments.,,,"Medicine, Chemistry",False
image_0239_left.png,Public Lecture,1896 - 1897,1896 - 1897,,,Ν. Βασιλειάδης,N. Vasileiadis,N. Vasileiadis,,Περὶ τοῦ ποιητοῦ Βιζυηνοῦ καὶ τῶν ἔργων αὐτοῦ.,On the poet Vizyinos and his works.,,,Literature,False
image_0239_right.png,Public Lecture,1896 - 1897,1896 - 1897,,,Ν. Φωτιάδης,N. Fotiadis,,,Περὶ τῶν σχέσεων πλούτου καὶ πενίας.,On the relations of wealth and poverty.,,,"Economics, Sociology",False
image_0239_right.png,Public Lecture,1896 - 1897,1896 - 1897,,,Κ. Παπακωνσταντίνου,K. Papakonstantinou,,,Περὶ βελτιώσεως τῆς στοιχειώδους ἐκπαιδεύσεως.,On the improvement of elementary education.,,,Education,False
image_0239_right.png,Public Lecture,1896 - 1897,1896 - 1897,,,Σ. Λεοντιάς,S. Leontias,,,Ὁ ἀνὴρ καὶ ἡ γυνή.,Man and woman.,,,"Sociology, Gender Studies",False
image_0239_right.png,Public Lecture,1896 - 1897,1896 - 1897,,,Α. Τουργούτης,A. Tourgoutis,,,Ἀναμνήσεις ἐξ Αἰγύπτου.,Memories from Egypt.,,,"History, Geography",False
image_0239_right.png,Public Lecture,1896 - 1897,1896 - 1897,,,Γ. Ἀκεστορίδης,G. Akestoridis,,,Περὶ τῆς οἰκονομικωτέρας θερμάνσεως τῶν οἰκιῶν.,On the more economical heating of houses.,,,"Engineering, Architecture",False
image_0239_right.png,Public Lecture,1896 - 1897,1896 - 1897,,,Χρ. Πανταζίδης,Chr. Pantazidis,,,Καθήκοντα τοῦ ἀνθρώπου πρὸς τὸν πλησίον.,Duties of man towards his neighbor.,,,"Ethics, Philosophy",False
image_0239_right.png,Public Lecture,1896 - 1897,1896 - 1897,,,H. Hantz,H. Hantz,,,Περὶ τῆς ἀναγεννήσεως τῶν ἑλλην. σπουδῶν ἐν Γαλλίᾳ κατὰ τὴν 16ην ἑκατονταετηρίδα τῇ ἐπενεργείᾳ Ρωνσάρδου καὶ τῆς λοιπῆς ποιητικῆς Πλειάδος.,On the renaissance of Greek studies in France during the 16th century through the influence of Ronsard and the rest of the poetic Pleiade.,,,"Literature, History",False
image_0239_right.png,Public Lecture,1896 - 1897,1896 - 1897,,,Δ. Καλβοκορέσης,D. Kalvokoresis,,,Περὶ θερμότητος διαφόρων συστημάτων θερμάνσεως καὶ περὶ τοῦ ἐν τῷ «Ζωγραφείῳ» δυστυχήματος.,"On the heat of various heating systems and on the accident at the ""Zografeion"".",,,"Engineering, Physics",False
image_0239_right.png,Public Lecture,1896 - 1897,1896 - 1897,,,Δ. Οἰκονομίδης,D. Oikonomidis,,,Περὶ διαφόρων ἀποφθεγμάτων.,On various maxims.,,,"Literature, Philosophy",False
image_0239_right.png,Public Lecture,1896 - 1897,1896 - 1897,,,Σ. Λεοντιάς,S. Leontias,,,Ὁ ἀνὴρ καὶ ἡ γυνή. Παραλληλισμὸς καὶ προορισμὸς αὐτῶν καὶ χειραφέτησις τῆς γυναικός.,Man and woman. Parallelism and destiny of them and emancipation of woman.,,,"Sociology, Gender Studies",False
image_0239_right.png,Public Lecture,1896 - 1897,1896 - 1897,,,Δ. Μοστρᾶτος,D. Mostratos,,,Περὶ δυνατῆς τινος συμφωνίας τῆς λογικῆς πρὸς τὴν πεῖραν.,On a possible agreement of logic with experience.,,,"Philosophy, Logic",False
image_0239_right.png,Public Lecture,1896 - 1897,1896 - 1897,,,Ἀλ. Παντερμαλῆς,Al. Pantermalis,,,Περὶ πατρικῆς ἐξουσίας παρὰ Ρωμαίοις (Patria potestas).,On paternal authority among the Romans (Patria potestas).,,,"Law, History",False
image_0239_right.png,Public Lecture,1896 - 1897,1896 - 1897,,,Κλ. Κοκκολᾶτος,Kl. Kokkolatos,,,"Περὶ τῶν ἀκτίνων τοῦ X-Roentgen ὑπὸ θεωρητικὴν, ἱστορικὴν καὶ πρακτικὴν ἔποψιν (μετὰ πειραμάτων).","On X-Roentgen rays from a theoretical, historical and practical point of view (with experiments).",,,"Physics, History of Science",False
image_0239_right.png,Public Lecture,1896 - 1897,1896 - 1897,,,Π. Νικολόπουλος,P. Nikolopoulos,,,Περὶ δικηγόρων ἐν Ἀγγλίᾳ.,On lawyers in England.,,,Law,False
image_0239_right.png,Public Lecture,1896 - 1897,1896 - 1897,,,Λουΐζος Ἠλιοῦ,Louizos Iliou,,,Ποῦ κεῖται ἡ ὑπεροχὴ τῆς ἑλλ. γλυπτικῆς τοῦ 5ου π. Χ. αἰῶνος.,Wherein lies the superiority of Greek sculpture of the 5th century BC.,,,"Art History, Archaeology",False
image_0239_right.png,Public Lecture,1897 - 1898,1897 - 1898,,,Χρ. Πανταζίδης,Chr. Pantazidis,,,Περὶ ἠθικῆς ἀγωγῆς.,On moral education.,,,"Education, Ethics",False
image_0239_right.png,Public Lecture,1897 - 1898,1897 - 1898,,,Γ. Ἀκεστορίδης,G. Akestoridis,,,Ὑγιεινή.,Hygiene.,,,"Medicine, Public Health",False
image_0239_right.png,Public Lecture,1897 - 1898,1897 - 1898,,,Σ. Λεοντιάς,S. Leontias,,,Ὁ ἀνὴρ καὶ ἡ γυνή.,Man and woman.,,,"Sociology, Gender Studies",False
image_0239_right.png,Public Lecture,1897 - 1898,1897 - 1898,,,Δ. Λιμαράκης,D. Limarakis,,,Διατί ἐχάσαμεν τὴν συνήθειαν τοῦ λούεσθαι.,Why we lost the habit of bathing.,,,"History, Sociology",False
image_0239_right.png,Public Lecture,1897 - 1898,1897 - 1898,,,Μ. Γεδεών,M. Gedeon,,,Ὁ Τριακονταετηρικός μου (ἀναθεώρησις ἱστορικῶν παρ' ἡμῖν μελετῶν).,My Thirtieth Anniversary (review of historical studies among us).,,,"History, Historiography",False
image_0239_right.png,Public Lecture,1897 - 1898,1897 - 1898,,,Δ. Ἠλιοῦ,D. Iliou,,,Θέας ἄξια γλυπτὰ ἐν τῷ Αὐτοκρατορικῷ Μουσείῳ.,Sculptures worth seeing in the Imperial Museum.,,,"Art History, Archaeology",False
image_0239_right.png,Public Lecture,1897 - 1898,1897 - 1898,,,Ε. Ἰωάννου,E. Ioannou,,,Περὶ συγχρόνου ἑλληνικῆς ποιήσεως.,On contemporary Greek poetry.,,,Literature,False
image_0239_right.png,Public Lecture,1897 - 1898,1897 - 1898,,,Μ. Γεδεών,M. Gedeon,,,Βυζαντιναὶ ἑορταὶ καὶ διαχύσεις.,Byzantine festivals and entertainments.,,,"History, Byzantine Studies",False
image_0239_right.png,Public Lecture,1897 - 1898,1897 - 1898,,,Β. Μυστακίδης,V. Mystakidis,,,Ἐκδρομὴ εἰς Συρίαν.,Excursion to Syria.,,,"Geography, Travel",False
image_0239_right.png,Public Lecture,1897 - 1898,1897 - 1898,,,Ε. Ποπέσκος,E. Popeskos,,,Ἀνάλυσις τῆς κωμῳδίας τοῦ Ρώσου συγγραφέως Γκριμπαγιέντωφ.,Analysis of the comedy of the Russian author Griboyedov.,,,Literature,False
image_0239_right.png,Public Lecture,1897 - 1898,1897 - 1898,,,Γ. Παχτῖκος,G. Pachtikos,,,Σελίδες τινὲς περὶ τῆς ἀρχαίας ἑλλην. μουσικῆς μετὰ συνῳδίας τριῶν χορικῶν μελῶν.,Some pages on ancient Greek music with accompaniment of three choral songs.,,,"Musicology, Classics",False
image_0239_right.png,Public Lecture,1897 - 1898,1897 - 1898,,,Α. Εὐσταθιανός,A. Efstathianos,,,Τὰ πρῶτα βήματα τοῦ ἀνθρώπου πρὸς τὰς τέχνας καὶ ἐπιστήμας.,The first steps of man towards arts and sciences.,,,"History, Anthropology",False
image_0239_right.png,Public Lecture,1897 - 1898,1897 - 1898,,,Α. Σημηριώτης,A. Simiriotis,,,Ἀνέκδοτα αὐτοῦ ποιήματα μετὰ τῆς ἀναλύσεως αὐτῶν.,Unpublished poems of his with their analysis.,,,Literature,False
image_0239_right.png,Public Lecture,1898 - 1899,1898 - 1899,,,Χρ. Χατζηχρήστου,Chr. Chatzichristou,,,Ὁμηρικὰ θαυμάσια,Homeric wonders,,(διαλ. 2).,"Literature, Classics",False
image_0239_right.png,Public Lecture,1898 - 1899,1898 - 1899,,,Γ. Ἀκεστορίδης,G. Akestoridis,,,Ἐντυπώσεις ταξειδίου ἐκ Κων)πόλεως εἰς Βιέννην καὶ Παρισίους,Impressions of a journey from Constantinople to Vienna and Paris,,(διαλ. 2).,"Geography, Travel",False
image_0239_right.png,Public Lecture,1898 - 1899,1898 - 1899,,,Κ. Γεωργιάδης Σάσσης,K. Georgiadis Sassis,,,Περὶ ζωγραφικῆς.,On painting.,,,Art History,False
image_0239_right.png,Public Lecture,1898 - 1899,1898 - 1899,,,Κ. Σπανούδης,K. Spanoudis,,,"Ἀναδρομαὶ ἐν τῇ ἀρχαίᾳ καὶ μέσῃ ἑλλ. τέχνῃ, (Ἀκρόπολις - μονὴ τοῦ Δαφνίου) μετὰ προβολῆς φωτεινῶν εἰκόνων.","Retrospections in ancient and middle Greek art, (Acropolis - monastery of Daphni) with projection of luminous images.",,,"Art History, Archaeology",False
image_0239_right.png,Public Lecture,1898 - 1899,1898 - 1899,,,W. Milnityky,W. Milnityky,,,L' art scientifique et la Philologie.,L' art scientifique et la Philologie.,,,"Philology, History of Science",False
image_0239_right.png,Public Lecture,1898 - 1899,1898 - 1899,,,Θ. Ἀκεστορίδης,Th. Akestoridis,,,"Στοιχειώδης οὐρολογικαὶ καὶ σημειολογικαὶ γνώσεις ἀναγκαῖαι πρὸς διάγνωσιν, πρόγνωσιν καὶ πρόληψιν χρονίων νοσημάτων.","Elementary urological and semiological knowledge necessary for diagnosis, prognosis and prevention of chronic diseases.",,,Medicine,False
image_0239_right.png,Public Lecture,1898 - 1899,1898 - 1899,,,Γ. Παχτῖκος,G. Pachtikos,,,Περὶ τοῦ Φιλοκτήτου τοῦ Σοφοκλέους.,On Philoctetes of Sophocles.,,,"Literature, Classics",False
image_0240_left.png,Public Lecture,1898 - 1899,1898 - 1899,,,Κ. Σπανούδης,K. Spanoudis,"Spanoudis, K.",,Ἀνὰ τὴν Ἰταλίαν (Ἑνετία — Φλωρεντία — Ρώμη) μετὰ προβολῆς φωτεινῶν εἰκόνων.,Through Italy (Venice - Florence - Rome) with projection of luminous images.,,,"Geography, History, Art History",False
image_0240_left.png,Public Lecture,1898 - 1899,1898 - 1899,,,Ν. Βασιλειάδης,N. Vasileiadis,"Vasileiadis, N.",,Περὶ καλλονῆς.,On beauty.,,,"Aesthetics, Philosophy",False
image_0240_left.png,Public Lecture,1898 - 1899,1898 - 1899,,,Χρ. Χρηστίδης,Chr. Christidis,"Christidis, Chr.",,Περὶ τῶν ἀκτίνων τοῦ Roentgen.,On Roentgen rays.,,,"Physics, Medicine",False
image_0240_left.png,Public Lecture,1898 - 1899,1898 - 1899,,,Μ. Γεδεών,M. Gedeon,"Gedeon, M.",,Περὶ τῆς παρ' ἡμῖν ἐκπαιδεύσεως ἀνδρῶν καὶ γυναικῶν κατὰ τὸν μεσαιῶνα,On the education of men and women among us during the Middle Ages,,(διαλ. 2),"History of Education, History",False
image_0240_left.png,Public Lecture,1898 - 1899,1898 - 1899,,,Π. Νικολόπουλος,P. Nikolopoulos,"Nikolopoulos, P.",,Περὶ νομισμάτων.,On coins.,,,"Numismatics, Archaeology",False
image_0240_left.png,Public Lecture,1899 - 1900,1899 - 1900,,,Μ. Γεδεών,M. Gedeon,"Gedeon, M.",,Περὶ τῆς θεανδρικῆς μορφῆς κατὰ τοὺς χρονογράφους καὶ τοὺς συναξαριστάς.,On the theandric form according to the chroniclers and the synaxarists.,,,"Theology, History",False
image_0240_left.png,Public Lecture,1899 - 1900,1899 - 1900,,,Ν. Φωτιάδης,N. Fotiadis,"Fotiadis, N.",,Ὁ νέος Σωκράτης.,The new Socrates.,,,"Philosophy, History",False
image_0240_left.png,Public Lecture,1899 - 1900,1899 - 1900,,,Α. Τουργούτης,A. Tourgoutis,"Tourgoutis, A.",,Ὁ ἰατρός μας.,Our doctor.,,,"Medicine, Sociology",False
image_0240_left.png,Public Lecture,1899 - 1900,1899 - 1900,,,Μ. Αὐθεντόπουλος,M. Afthentopoulos,"Afthentopoulos, M.",,Ἡ ψυχὴ τοῦ βρέφους.—Αἱ πρῶται ἐκδηλώσεις τῆς βουλήσεως.,The soul of the infant. - The first manifestations of will.,,,"Psychology, Pedagogy",False
image_0240_left.png,Public Lecture,1899 - 1900,1899 - 1900,,,Χ. Πανταζίδης,Ch. Pantazidis,"Pantazidis, Ch.",,Ἐκ τῆς Ἱστορίας τῆς παρ' ἡμῖν παιδεύσεως κατὰ τοὺς κάτω χρόνους καὶ ἰδίως κατὰ τὸν ΙΖ' αἰῶνα.,From the History of our education during the later times and especially during the 17th century.,,,"History of Education, History",False
image_0240_left.png,Public Lecture,1899 - 1900,1899 - 1900,,,Χρ. Χ' Χρήστου,Chr. Ch' Christou,"Christou, Chr. Ch'",,Ὁμηρικὰ θαυμάσια.,Homeric wonders.,,,"Philology, Literature",False
image_0240_left.png,Public Lecture,1899 - 1900,1899 - 1900,,,Γ. Παχτῖκος,G. Pachtikos,"Pachtikos, G.",,Περὶ τοῦ Ἕλληνος μελοποιοῦ Ν. Χ. Μαντζάρου μετὰ ἑρμηνείας δύο μουσουργημάτων αὐτοῦ ὑπὸ τοῦ χοροῦ τοῦ ὁμίλου τῶν ἐρασιμόλπων.,On the Greek composer N. Ch. Mantzaros with interpretation of two of his musical works by the choir of the music lovers' group.,,,"Musicology, History",False
image_0240_left.png,Public Lecture,1899 - 1900,1899 - 1900,,,Γ. Ἀκεστορίδης,G. Akestoridis,"Akestoridis, G.",,Περὶ τῆς ὑγιεινῆς τοῦ προσώπου.,On the hygiene of the face.,,,"Medicine, Public Health",False
image_0240_left.png,Public Lecture,1899 - 1900,1899 - 1900,,,Ἀνδ. Σπαθάρης,And. Spatharis,"Spatharis, And.",,Περὶ ἡμερολογίου.,On the calendar.,,,"History, Chronology",False
image_0240_left.png,Public Lecture,1899 - 1900,1899 - 1900,,,Λ. Λιμαράκης,L. Limarakis,"Limarakis, L.",,Περὶ νοσηλείας ἀσθενῶν,On nursing the sick,,(διαλ. 3),"Medicine, Nursing",False
image_0240_left.png,Public Lecture,1899 - 1900,1899 - 1900,,,Μ. Αὐθεντόπουλος,M. Afthentopoulos,"Afthentopoulos, M.",,Ὁ Φάουστ τοῦ Γκαῖτε,Goethe's Faust,,(διαλ. 2),"Literature, Philology",False
image_0240_left.png,Public Lecture,1899 - 1900,1899 - 1900,,,Γ. Ἀκεστορίδης,G. Akestoridis,"Akestoridis, G.",,Περὶ τῶν ἰατρικῶν ἀνακαλύψεων τοῦ 19ου αἰῶνος.,On the medical discoveries of the 19th century.,,,"History of Medicine, Medicine",False
image_0240_left.png,Public Lecture,1899 - 1900,1899 - 1900,,,Ν. Βασιλειάδης,N. Vasileiadis,"Vasileiadis, N.",,Περὶ καλλιτεχνίας.,On art.,,,"Art History, Aesthetics",False
image_0240_left.png,Public Lecture,1899 - 1900,1899 - 1900,,,Α. Τουργούτης,A. Tourgoutis,"Tourgoutis, A.",,"Ἀναμνήσεις Αἰγύπτου. — Κάϊρον, Πυραμίδες.","Memories of Egypt. - Cairo, Pyramids.",,,"Geography, History, Archaeology",False
image_0240_left.png,Public Lecture,1899 - 1900,1899 - 1900,,,Μ. Χαμουδόπουλος,M. Chamoudopoulos,"Chamoudopoulos, M.",,Ἱστορία τῆς γεωγραφίας.,History of geography.,,,"History of Geography, Geography",False
image_0240_left.png,Public Lecture,1899 - 1900,1899 - 1900,,,Γ. Λούβαρης,G. Louvaris,"Louvaris, G.",,Περὶ ἀρχαίων ἀγώνων καὶ τῆς ἐπιρροῆς αὐτῶν ἐπὶ τοῦ πολιτισμοῦ.,On ancient games and their influence on civilization.,,(διαλ. 2),"History, Archaeology",False
image_0240_left.png,Public Lecture,1899 - 1900,1899 - 1900,,,Δ. Ἀράπης,D. Arapis,"Arapis, D.",,Περὶ δυνάμεως τῆς φαντασίας ὡς πρὸς τὸν πνευματικὸν βίον καὶ περὶ καλλιεργίας αὐτῆς.,On the power of imagination in relation to spiritual life and on its cultivation.,,,"Psychology, Philosophy",False
image_0240_left.png,Public Lecture,1899 - 1900,1899 - 1900,,,Κ. Καλλίνικος,K. Kallinikos,"Kallinikos, K.",,Ἐκ τῆς Χριστιανικῆς ἀπολογητικῆς.,From Christian apologetics.,,,Theology,False
image_0240_left.png,Public Lecture,1899 - 1900,1899 - 1900,,,Δ. Ἠλιοῦ,D. Iliou,"Iliou, D.",,Ἡ ἠθικὴ ἐν τῇ κρίσει τῶν ἔργων τῆς τέχνης.,Ethics in the judgment of works of art.,,,"Philosophy, Aesthetics",False
image_0240_left.png,Public Lecture,1899 - 1900,1899 - 1900,,,Α. Σπαθάρης,A. Spatharis,"Spatharis, A.",,Περὶ Πασχαλίου καὶ τῆς ἐποχῆς κατὰ τοὺς Βυζαντινούς.,On the Paschal cycle and the era according to the Byzantines.,,,"History, Theology",False
image_0240_left.png,Public Lecture,1899 - 1900,1899 - 1900,,,Π. Μελιτόπουλος,P. Melitopoulos,"Melitopoulos, P.",,Περὶ τουρκ. γλώσσης (ἐτυμολογικά).,On the Turkish language (etymological).,,,"Linguistics, Philology",False
image_0240_left.png,Public Lecture,1899 - 1900,1899 - 1900,,,Ι. Βαλαβάνης,I. Valavanis,"Valavanis, I.",,Λαογραφία τοῦ Ἀραβανίου τῆς Μ. Ἀσίας.,Folklore of Aravanion in Asia Minor.,,,"Folklore, Anthropology",False
image_0240_left.png,Public Lecture,1899 - 1900,1899 - 1900,,,Ν. Γερμανός,N. Germanos,"Germanos, N.",,"Τὸ παρελθόν, τὸ παρὸν καὶ τὸ μέλλον τῶν ζῴων καὶ φυτῶν τῆς γῆς.","The past, present and future of the animals and plants of the earth.",,,"Biology, Natural History",False
image_0240_left.png,Public Lecture,1900 - 1901,1900 - 1901,,,Χρ. Χατζηχρήστου,Chr. Chatzichristou,"Chatzichristou, Chr.",,Ἐκ τῆς δημοτικῆς ἡμῶν ποιήσεως.,From our folk poetry.,,,"Literature, Folklore",False
image_0240_left.png,Public Lecture,1900 - 1901,1900 - 1901,,,Κ. Κοκκολᾶτος,K. Kokkolatos,"Kokkolatos, K.",,Προφύλαξις ἀπὸ τῆς φθίσεως.,Prevention from consumption.,,,"Medicine, Public Health",False
image_0240_left.png,Public Lecture,1900 - 1901,1900 - 1901,,,Γ. Ἀκεστορίδης,G. Akestoridis,"Akestoridis, G.",,Ἐντυπώσεις ἐκ τῆς παγκοσμίου Παρισινῆς ἐκθέσεως τοῦ 1900.,Impressions from the 1900 Paris Universal Exposition.,,,"History, Sociology",False
image_0240_left.png,Public Lecture,1900 - 1901,1900 - 1901,,,Α. Τουργούτης,A. Tourgoutis,"Tourgoutis, A.",,Νευρικαὶ τροφαί. Οἶνος οἰνοπνεύματα.,Nervous foods. Wine spirits.,,,"Medicine, Nutrition",False
image_0240_left.png,Public Lecture,1900 - 1901,1900 - 1901,,,Ε. Κολάσης,E. Kolasis,"Kolasis, E.",,Παραλληλισμὸς τῶν γαλλικῶν περὶ διαζυγίου νόμων πρὸς τοὺς ἡμετέρους.,Parallelism of French divorce laws with ours.,,,"Law, Sociology",False
image_0240_left.png,Public Lecture,1900 - 1901,1900 - 1901,,,Γ. Παχτῖκος,G. Pachtikos,"Pachtikos, G.",,Περὶ Ἀριστοφάνους καὶ τῶν Νεφελῶν αὐτοῦ. (Μετὰ μουσ. ἑρμηνείας τριῶν χορικῶν ᾀσμάτων ὑπὸ μικτοῦ ἀνδρῶν καὶ γυναικῶν χοροῦ),On Aristophanes and his Clouds. (With musical interpretation of three choral songs by a mixed choir of men and women),,(διαλ. 2),"Philology, Literature, Musicology",False
image_0240_left.png,Public Lecture,1900 - 1901,1900 - 1901,,,Θ. Καμαράδος,Th. Kamarados,"Kamarados, Th.",,Περὶ Σαικσπήρου.,On Shakespeare.,,,"Literature, Philology",False
image_0240_left.png,Public Lecture,1900 - 1901,1900 - 1901,,,Γ. Παχτῖκος,G. Pachtikos,"Pachtikos, G.",,Περὶ τοῦ Ἕλληνος μελοποιοῦ Ν. Χ. Μαντζάρου.,On the Greek composer N. Ch. Mantzaros.,,,"Musicology, History",False
image_0240_left.png,Public Lecture,1900 - 1901,1900 - 1901,,,Ν. Ἀνδρειωτάκης,N. Andreiotakis,"Andreiotakis, N.",,Περὶ Νοσοκομείων.,On Hospitals.,,,"Medicine, Public Health",False
image_0240_left.png,Public Lecture,1901 - 1902,1901 - 1902,,,Κ. Καλλίνικος,K. Kallinikos,"Kallinikos, K.",,Ὁ Θεὸς ἐν τῇ φύσει καὶ ἐν τῷ ἀνθρώπῳ.,God in nature and in man.,,,"Theology, Philosophy",False
image_0240_right.png,Public Lecture,1901 - 1902,1901 - 1902,,,Μ. Γεδεών,M. Gedeon,"Gedeon, Manouel I.",,Ἐκ τῆς ἱστορίας τῆς χριστιανικῆς παιδεύσεως. Ἑλλην. σχολεῖα ἀπὸ τοῦ Μ. Κωνσταντίνου μέχρι τοῦ ΙΕ' αἰῶνος,From the history of Christian education. Greek schools from Constantine the Great to the 15th century,,(διαλ. 4),"History, Education, Theology",False
image_0240_right.png,Public Lecture,1901 - 1902,1901 - 1902,,,Ε. Ζαβιτζᾶνος,E. Zavitzanos,"Zavitzanos, E.",,On foundlings and the upbringing of children,,,,"Sociology, Education",False
image_0240_right.png,Public Lecture,1901 - 1902,1901 - 1902,,,Ν. Παπαγιαννόπουλος,N. Papagiannopoulos,"Papagiannopoulos, N.",,Περὶ τῶν σπουδαιοτέρων πορισμάτων τῆς ἐθνικῆς ἡμῶν ἱστορίας κατὰ τὴν α' περίοδον τῶν μεσων χρόνων,On the most important findings of our national history during the first period of the Middle Ages,,(διαλ. 2),History,False
image_0240_right.png,Public Lecture,1901 - 1902,1901 - 1902,,,Δ. Οἰκονομίδης,D. Oikonomidis,"Oikonomidis, D.",,Σύντομος ἱστορία τοῦ βίου τῶν Γερμανῶν φοιτητῶν,Brief history of the life of German students,,,"History, Sociology",False
image_0240_right.png,Public Lecture,1901 - 1902,1901 - 1902,,,Γ. Ἀκεστορίδης,G. Akestoridis,"Akestoridis, G.",,Περὶ τῆς γυμναστικῆς ἐπὶ τῆς ὑγιείας τοῦ ἀνθρώπου,On gymnastics for human health,,,"Medicine, Education",False
image_0240_right.png,Public Lecture,1901 - 1902,1901 - 1902,,,Σπ. Μωραΐτης,Sp. Moraitis,"Moraitis, Sp.",,Περὶ τῆς φιλαυτίας τοῦ ἀνθρώπου,On human self-love,,,"Philosophy, Psychology",False
image_0240_right.png,Public Lecture,1901 - 1902,1901 - 1902,,,Γ. Ἀκεστορίδης,G. Akestoridis,"Akestoridis, G.",,Τὰ νεώτατα τῆς γυμναστικῆς εἴδη καὶ ἡ ἐπίδρασις ἐπὶ τοῦ χαρακτῆρος τῶν νέων,The newest types of gymnastics and their effect on the character of the youth,,,"Education, Psychology",False
image_0240_right.png,Public Lecture,1901 - 1902,1901 - 1902,,,Α. Τουργούτης,A. Tourgoutis,"Tourgoutis, A.",,"Περὶ νευρικῶν τροφῶν: καπνός, καφές","On nervous foods: tobacco, coffee",,,Medicine,False
image_0240_right.png,Public Lecture,1901 - 1902,1901 - 1902,,,Γ. Ἀκεστορίδης,G. Akestoridis,"Akestoridis, G.",,Περὶ ἰατρικῶν φιλανθρωπικῶν ἱδρυμάτων ἐν Εὐρώπῃ καὶ παρ' ἡμῖν,On medical philanthropic institutions in Europe and among us,,,"Medicine, Sociology",False
image_0240_right.png,Public Lecture,1901 - 1902,1901 - 1902,,,Χρ. Χατζηχρήστου,Chr. Chatzichristou,"Chatzichristou, Chr.",,Περὶ δημώδους ποιήσεως,On popular poetry,,,"Philology, Folklore",False
image_0240_right.png,Public Lecture,1901 - 1902,1901 - 1902,,,Σπ. Μωραΐτης,Sp. Moraitis,"Moraitis, Sp.",,Γνῶθι σαυτόν. Περὶ τῆς ἡδονῆς καὶ τοῦ καλοῦ,Know thyself. On pleasure and the good,,(δ. 2),Philosophy,False
image_0240_right.png,Public Lecture,1901 - 1902,1901 - 1902,,,Ε. Κολάσης,E. Kolasis,"Kolasis, E.",,Περὶ τῆς ἐνδείας ἐν γένει καὶ περὶ τῆς ἐν Παρισίοις ἐπαιτίας,On poverty in general and on begging in Paris,,,Sociology,False
image_0240_right.png,Public Lecture,1901 - 1902,1901 - 1902,,,Γ. Παχτῖκος,G. Pachtikos,"Pachtikos, G.",,Περὶ τοῦ ἀρχαίου ἑλλην. δράματος ὑπὸ μουσικὴν ἔποψιν καὶ περὶ τῆς μελοποιίας τῶν ἀρχαίων χορικῶν μετὰ ἑρμηνείας,On ancient Greek drama from a musical perspective and on the melody of ancient choruses with interpretation,,,"Musicology, Philology",False
image_0240_right.png,Public Lecture,1901 - 1902,1901 - 1902,,,Δ. Δημητριάδης,D. Dimitriadis,"Dimitriadis, D.",,"Περὶ Ἱερουσαλὴμ ὑπὸ ἱστορικήν, ἀρχαιολογικὴν καὶ τοπογραφικὴν ἔποψιν","On Jerusalem from a historical, archaeological and topographical perspective",,,"History, Archaeology, Geography",False
image_0240_right.png,Public Lecture,1901 - 1902,1901 - 1902,,,Λ. Ἠλιοῦ,L. Iliou,"Iliou, L.",,Περὶ τῆς κοινωνικῆς εὐθύνης καλλιτεχνῶν καὶ συγγραφέων,On the social responsibility of artists and writers,,,"Sociology, Philosophy",False
image_0240_right.png,Public Lecture,1901 - 1902,1901 - 1902,,,Α. Ἰωάννου,A. Ioannou,"Ioannou, A.",,Περὶ τοῦ γάμου τῶν ἀνθέων,On the marriage of flowers,,,Biology,False
image_0240_right.png,Public Lecture,1901 - 1902,1901 - 1902,,,Δ. Ἀράπης,D. Arapis,"Arapis, D.",,Ἐπιρροὴ τῆς σχολῆς κατὰ τοῦ ἀλκοολισμοῦ,Influence of the school against alcoholism,,,"Education, Sociology",False
image_0240_right.png,Public Lecture,1901 - 1902,1901 - 1902,,,Σ. Ἀποστόλογλους,S. Apostologlous,"Apostologlous, S.",,Περὶ τῶν δικαιωμάτων καὶ καθηκόντων τοῦ ἀνθρώπου,On the rights and duties of man,,,"Philosophy, Law",False
image_0240_right.png,Public Lecture,1901 - 1902,1901 - 1902,,,Κλ. Κοκκολᾶτος,Kl. Kokkolatos,"Kokkolatos, Kl.",,Πῶς τὴν σήμερον ἐν Εὐρώπῃ διεξάγεται ὁ κατὰ τῆς φθίσεως ἀγών,How the fight against consumption is conducted today in Europe,,,"Medicine, Public Health",False
image_0240_right.png,Public Lecture,1901 - 1902,1901 - 1902,,,Π. Ἀναστασιάδης,P. Anastasiadis,"Anastasiadis, P.",,Ἐκ τῆς γλωσσικῆς παλαιοντολογίας περὶ συγγενείας τῶν γλωσσῶν,From linguistic paleontology on the affinity of languages,,,Linguistics,False
image_0240_right.png,Public Lecture,1901 - 1902,1901 - 1902,,,Θ. Καμαράδος,Th. Kamarados,"Kamarados, Th.",,Περὶ μιᾶς δραματικῆς σελίδος τοῦ Σαιξπήρου,On a dramatic page of Shakespeare,,,Philology,False
image_0240_right.png,Public Lecture,1902 - 1903,1902 - 1903,,,Μ. Γεδεών,M. Gedeon,"Gedeon, Manouel I.",,Ἡ περὶ διαρρυθμίσεως τῶν χριστιανικῶν ἠθῶν πατριαρχικὴ πρόνοια κατὰ τοὺς τελευταίους αἰῶνας,The patriarchal provision for the regulation of Christian morals during the last centuries,,(δ. 2),"Theology, History",False
image_0240_right.png,Public Lecture,1902 - 1903,1902 - 1903,,,Π. Ἀπέρης,P. Aperis,"Aperis, P.",,"Περὶ τοῦ ἀλκοολισμοῦ, τῶν ἐκ τούτου προερχομένων κακῶν καὶ τῶν μέσων πρὸς καταπολέμησιν αὐτοῦ","On alcoholism, the evils resulting from it and the means to combat it",,,"Medicine, Sociology",False
image_0240_right.png,Public Lecture,1902 - 1903,1902 - 1903,,,Ε. Ζαβιτζᾶνος,E. Zavitzanos,"Zavitzanos, E.",,Κοινωνιολογικά,Sociological matters,,,Sociology,False
image_0240_right.png,Public Lecture,1902 - 1903,1902 - 1903,,,Χρ. Χατζηχρήστου,Chr. Chatzichristou,"Chatzichristou, Chr.",,Δημοτικὴ ποίησις. Ἀνάλυσις δημοτικοῦ ποιήματος μετὰ προεισαγωγῆς ἐπὶ τοῦ γλωσ. ζητήματος,Folk poetry. Analysis of a folk poem with an introduction on the language question,,,"Philology, Folklore, Linguistics",False
image_0240_right.png,Public Lecture,1902 - 1903,1902 - 1903,,,Κ. Ἐλευθεριάδης,K. Eleftheriadis,"Eleftheriadis, K.",,Τὸ ἰατροκοινωνικὸν ζήτημα τοῦ ἀλκοολισμοῦ καὶ ἡ κατὰ τοῦτο δρᾶσις,The medical-social question of alcoholism and the action against it,,,"Medicine, Sociology",False
image_0240_right.png,Public Lecture,1902 - 1903,1902 - 1903,,,Ν. Παπαγιαννόπουλος,N. Papagiannopoulos,"Papagiannopoulos, N.",,Ἱστορικαί τινες σελίδες τῆς α' περιόδου τῶν μεσαιωνικῶν χρόνων,Some historical pages of the first period of the Middle Ages,,(διαλ. 2),History,False
image_0240_right.png,Public Lecture,1902 - 1903,1902 - 1903,,,Δ. Μανουηλίδης,D. Manouilidis,"Manouilidis, D.",,Περὶ τῆς τροφῆς τοῦ ὑγιοῦς ἀνθρώπου,On the food of the healthy man,,,"Medicine, Biology",False
image_0240_right.png,Public Lecture,1902 - 1903,1902 - 1903,,,Κ. Σπανούδης,K. Spanoudis,"Spanoudis, K.",,Οἱ θεοὶ τοῦ Ὀλύμπου ὡς ἄνθρωποι (ὁ βίος καὶ αἱ συνήθειαί των),The gods of Olympus as men (their life and habits),,,"Mythology, Philology",False
image_0240_right.png,Public Lecture,1902 - 1903,1902 - 1903,,,Κ. Σπανούδης,K. Spanoudis,"Spanoudis, K.",,Μία νὺξ ἐπὶ τῆς πυραμίδος τοῦ Χέοπος,A night on the pyramid of Cheops,,,"Archaeology, History",False
image_0240_right.png,Public Lecture,1902 - 1903,1902 - 1903,,,Γ. Παχτῖκος,G. Pachtikos,"Pachtikos, G.",,Περὶ τῆς μελοποιίας τῶν ἀρχαίων δραμάτων,On the melody of ancient dramas,,,"Musicology, Philology",False
image_0240_right.png,Public Lecture,1902 - 1903,1902 - 1903,,,Πρ. Ἀναστασιάδης,Pr. Anastasiadis,"Anastasiadis, Pr.",,Ἡ συγγένεια τῶν λαῶν ἀποδεικνυομένη διὰ τῶν κοινῶν αὐτῶν παραδόσεων,The affinity of peoples proven through their common traditions,,,"Folklore, Anthropology",False
image_0240_right.png,Public Lecture,1902 - 1903,1902 - 1903,,,Ὀδ. Ἀνδρεάδης,Od. Andreadis,"Andreadis, Od.",,Θρησκεία καὶ δρᾶμα,Religion and drama,,,"Theology, Philology",False
image_0241_left.png,Public Lecture,1902 - 1903,1902 - 1903,,,Κλ. Κοκκολᾶτος,Kl. Kokkolatos,"Kokkolatos, Kl.",,Ὑγιεινὴ τῶν προδιατεθειμένων εἰς τὴν φθίσιν.,Hygiene of those predisposed to phthisis.,,,"Medicine, Public Health",False
image_0241_left.png,Public Lecture,1902 - 1903,1902 - 1903,,,Δ. Ἠλιοῦ,D. Iliou,"Iliou, D.",,Ἡ κριτικὴ τῆς καλλιτεχνίας τῶν ἀρχαίων Ἑλλήνων παραβαλλομένη πρὸς τὴν τῶν ἡμετέρων χρόνων.,The art criticism of the ancient Greeks compared to that of our times.,,,"Art History, Classics",False
image_0241_left.png,Public Lecture,1903 - 1904,1903 - 1904,,,Δ. Βικέλας,D. Vikelas,"Vikelas, D.",,Ἡ παίδευσις ἐν ταῖς Σκανδιναυϊκαῖς χώραις.,Education in the Scandinavian countries.,,,Education,False
image_0241_left.png,Public Lecture,1903 - 1904,1903 - 1904,,,Χρ. Πανταζίδης,Chr. Pantazidis,"Pantazidis, Chr.",,Ἀνάλυσις τῆς Ὀρεστείας τοῦ Αἰσχύλου.,Analysis of Aeschylus' Oresteia.,,,"Classics, Literature",False
image_0241_left.png,Public Lecture,1903 - 1904,1903 - 1904,,,Κ. Κοκκολᾶτος,K. Kokkolatos,"Kokkolatos, K.",,Ἐκ μέρους τοῦ ἐν Κωνσταντινουπόλει συνδέσμου κατὰ τῆς φυματιώσεως «Περὶ φθισιατρείων (sanatoriumes) καὶ τῆς θεραπείας τῆς φυματιώσεως ἐν αὐταῖς. Εἶναι ἀναγκαία καὶ παρ' ἡμῖν ἡ ἵδρυσις φθισιατρείων; Πῶς πρέπει νὰ θεραπεύηται ὁ φθισικὸς κατ' οἶκον;»,"On behalf of the Constantinople association against tuberculosis ""On sanatoriums and the treatment of tuberculosis in them. Is the establishment of sanatoriums necessary for us too? How should the consumptive be treated at home?""",,διαλ. 2,"Medicine, Public Health",False
image_0241_left.png,Public Lecture,1903 - 1904,1903 - 1904,,,Γ. Παχτῖκος,G. Pachtikos,"Pachtikos, G.",,Περὶ τῶν δημοτικῶν ᾀσμάτων τῆς Θρᾴκης καὶ τῆς Μ. Ἀσίας μετὰ χορικῆς ἐκτελέσεως ὑπὸ τοῦ μικτοῦ χοροῦ τοῦ Ὁμίλου τῶν ἐρασιμόλπων.,On the folk songs of Thrace and Asia Minor with choral performance by the mixed choir of the Music Lovers' Club.,,,"Folklore, Musicology",False
image_0241_left.png,Public Lecture,1903 - 1904,1903 - 1904,,,Δ. Οἰκονομίδης,D. Oikonomidis,"Oikonomidis, D.",,Περὶ τῆς καθαρευούσης ἑλληνικῆς καὶ τῆς δημοτικῆς.,On Katharevousa and Demotic Greek.,,,Linguistics,False
image_0241_left.png,Public Lecture,1903 - 1904,1903 - 1904,,,Χρ. Πανταζίδης,Chr. Pantazidis,"Pantazidis, Chr.",,Ἀνάλυσις τῆς Ἀλκήστιδος τοῦ Εὐριπίδου.,Analysis of Euripides' Alcestis.,,,"Classics, Literature",False
image_0241_left.png,Public Lecture,1903 - 1904,1903 - 1904,,,Κ. Καλλίνικος,K. Kallinikos,"Kallinikos, K.",,"Ἠθικοθρησκευτικὰ (τὰ πάθη τῆς ψυχῆς, ἀνταγάπης καὶ ἐγωϊσμοῦ).","Moral-religious topics (the passions of the soul, mutual love and egoism).",,,"Theology, Philosophy, Psychology",False
image_0241_left.png,Public Lecture,1903 - 1904,1903 - 1904,,,Ἀθ. Ἰωάννου,Ath. Ioannou,"Ioannou, Ath.",,Βίος τῶν ὀνομαστοτέρων φυσικῶν καὶ ἀνακαλύψεις αὐτῶν.,Lives of the most famous physicists and their discoveries.,,,"History of Science, Biography",False
image_0241_left.png,Public Lecture,1903 - 1904,1903 - 1904,,,Ἀλ. Ζαμαρίας,Al. Zamarias,"Zamarias, Al.",,Περὶ ὀνείρων.,On dreams.,,,Psychology,False
image_0241_left.png,Public Lecture,1903 - 1904,1903 - 1904,,,Ι. Ἀσπριώτης,I. Aspriotis,"Aspriotis, I.",,Ἀνὰ τὰ Βιενναῖα σχολεῖα.,Through the Viennese schools.,,,Education,False
image_0241_left.png,Public Lecture,1903 - 1904,1903 - 1904,,,Δ. Ἠλιοῦ,D. Iliou,"Iliou, D.",,Ἀρχαία καὶ νεωτέρα κριτική. Ἀριστοτέλης - Γιραρδῖνος.,Ancient and modern criticism. Aristotle - Girardin.,,,"Literary Criticism, Classics",False
image_0241_left.png,Public Lecture,1903 - 1904,1903 - 1904,,,Δ. Μοστρᾶτος,D. Mostratos,"Mostratos, D.",,Περὶ τῆς ἐν Αἰγύπτῳ Σφιγγός.,On the Sphinx in Egypt.,,,"Archaeology, Egyptology",False
image_0241_left.png,Public Lecture,1904 - 1905,1904 - 1905,,,Δ. Γεωργιάδης,D. Georgiadis,"Georgiadis, D.",,Ὁ Χριστιανισμὸς ἐν τοῖς νεωτέροις χρόνοις.,Christianity in modern times.,,,"Theology, History",False
image_0241_left.png,Public Lecture,1904 - 1905,1904 - 1905,,,Α. Σημηριώτης,A. Simiriotis,"Simiriotis, A.",,Ἡ σύγχρονος ποίησις.,Contemporary poetry.,,,Literature,False
image_0241_left.png,Public Lecture,1904 - 1905,1904 - 1905,,,Χρ. Πανταζίδης,Chr. Pantazidis,"Pantazidis, Chr.",,Πῶς οἱ Ρωμαῖοι ὑπὸ τῶν Ἑλλήνων ἐπαιδεύθησαν.,How the Romans were educated by the Greeks.,,,"History, Classics, Education",False
image_0241_left.png,Public Lecture,1904 - 1905,1904 - 1905,,,Χρ. Χατζηχρήστου,Chr. Chatzichristou,"Chatzichristou, Chr.",,Ἡ ἐπικότης τῆς δημώδους ποιήσεως.,The epic nature of folk poetry.,,,"Literature, Folklore",False
image_0241_left.png,Public Lecture,1904 - 1905,1904 - 1905,,,Γ. Ἀκεστορίδης,G. Akestoridis,"Akestoridis, G.",,"Ἐντυπώσεις ταξειδίου εἰς Σῦρον, Νάξον καὶ Τῆνον.","Travel impressions of Syros, Naxos and Tinos.",,,"Geography, Travel",False
image_0241_left.png,Public Lecture,1904 - 1905,1904 - 1905,,,Ι. Παπαδόπουλος,I. Papadopoulos,"Papadopoulos, I.",,Ἡ κλασσικὴ παίδευσις ἐν Γαλλίᾳ.,Classical education in France.,,,"Education, Classics",False
image_0241_left.png,Public Lecture,1904 - 1905,1904 - 1905,,,Π. Ἀπέργης,P. Apergis,"Apergis, P.",,Περὶ μεταρρυθμίσεως τῆς σελιδοποιήσεως ἐν τοῖς βιβλίοις.,On the reform of pagination in books.,,,"Publishing, Bibliography",False
image_0241_left.png,Public Lecture,1904 - 1905,1904 - 1905,,,Δ. Μαμμέλης,D. Mammelis,"Mammelis, D.",,Ὁ Βίρχωβ.,Virchow.,,,"Biography, Medicine",False
image_0241_left.png,Public Lecture,1904 - 1905,1904 - 1905,,,Α. Σημηριώτης,A. Simiriotis,"Simiriotis, A.",,Ἀπὸ Σμύρνης εἰς Βηθλεὲμ καὶ λυρικὰ ποιήματα.,From Smyrna to Bethlehem and lyric poems.,,,"Literature, Travel",False
image_0241_left.png,Public Lecture,1904 - 1905,1904 - 1905,,,Ἀχ. Καμπανάκης,Ach. Kampanakis,"Kampanakis, Ach.",,Περὶ καλλιτεχνίας.,On art.,,,Art History,False
image_0241_left.png,Public Lecture,1904 - 1905,1904 - 1905,,,Ὀδ. Ἀνδρεάδης,Od. Andreadis,"Andreadis, Od.",,Ὁ ναὸς τῶν Εἰσοδίων ἢ τὰ Ἑλληνικὰ γράμματα καὶ ἡ Θρησκεία.,The Church of the Presentation or Greek letters and Religion.,,,"Theology, History",False
image_0241_left.png,Public Lecture,1904 - 1905,1904 - 1905,,,Ἀχ. Καμπανάκης,Ach. Kampanakis,"Kampanakis, Ach.",,Περὶ ἀρχιτεκτονικῆς.,On architecture.,,,Architecture,False
image_0241_left.png,Public Lecture,1904 - 1905,1904 - 1905,,,Κ. Πουλόπουλος,K. Poulopoulos,"Poulopoulos, K.",,Βιογραφία τοῦ Νορβηγοῦ φιλοσόφου καὶ ποιητοῦ Ἑρρίκου Ἴψεν.,Biography of the Norwegian philosopher and poet Henrik Ibsen.,,δ. 4,"Biography, Literature, Philosophy",False
image_0241_left.png,Public Lecture,1904 - 1905,1904 - 1905,,,Π. Βιζουκίδης,P. Vizoukidis,"Vizoukidis, P.",,Ἡ ποινὴ τοῦ θανάτου ἐν τῇ ροῇ τῶν αἰώνων.,The death penalty throughout the centuries.,,,"Law, History",False
image_0241_left.png,Public Lecture,1904 - 1905,1904 - 1905,,,Γ. Θεοχαρίδης,G. Theocharidis,"Theocharidis, G.",,Περὶ οἰκοδομικῆς τῶν ἀρχαίων Ἑλλήνων.,On the building practices of the ancient Greeks.,,,"Architecture, Classics, Archaeology",False
image_0241_left.png,Public Lecture,1904 - 1905,1904 - 1905,,,Γ. Παχτῖκος,G. Pachtikos,"Pachtikos, G.",,Ἐντυπώσεις ἐκ τῆς ἀνὰ τὴν Βιθυνίαν πρὸς συλλογὴν δημοτικῶν ᾀσμάτων περιοδείας αὐτοῦ Ὁμίλου τῶν ἐρασιμόλπων ἐκτέλεσις τινῶν τῶν ᾀσμάτων τούτων.,"Impressions from his tour in Bithynia for the collection of folk songs, performance of some of these songs by the Music Lovers' Club.",,,"Folklore, Musicology, Travel",False
image_0241_left.png,Public Lecture,1904 - 1905,1904 - 1905,,,Π. Τιβέριος,P. Tiverios,"Tiverios, P.",,Ἡ ὑγιεινὴ τροφὴ τῶν βρεφῶν ὡς προληπτικὸν τῶν ἀσθενειῶν μέτρον.,The healthy diet of infants as a preventive measure against diseases.,,,"Medicine, Pediatrics, Public Health",False
image_0241_left.png,Public Lecture,1904 - 1905,1904 - 1905,,,Ν. Ἀσλανίδης,N. Aslanidis,"Aslanidis, N.",,Περὶ ἐκφυλισμοῦ.,On degeneration.,,,"Biology, Medicine",False
image_0241_left.png,Public Lecture,1904 - 1905,1904 - 1905,,,Δ. Οἰκονομίδης,D. Oikonomidis,"Oikonomidis, D.",,Περὶ τοῦ γλωσσικοῦ ζητήματος παρ' ἡμῖν.,On the language question among us.,,,Linguistics,False
image_0241_left.png,Public Lecture,1904 - 1905,1904 - 1905,,,Κ. Ἐλευθεριάδης,K. Eleftheriadis,"Eleftheriadis, K.",,Περὶ ψυχικῶν συγκινήσεων.,On emotional states.,,,Psychology,False
image_0241_left.png,Public Lecture,1904 - 1905,1904 - 1905,,,Α. Δημόπουλος,A. Dimopoulos,"Dimopoulos, A.",,Τὸ δίκαιον διὰ μέσου τῶν αἰώνων.,Law throughout the centuries.,,,"Law, History",False
image_0241_left.png,Public Lecture,1904 - 1905,1904 - 1905,,,Γ. Παχτῖκος,G. Pachtikos,"Pachtikos, G.",,Περὶ τοῦ Μαστιγοφόρου Αἴαντος τοῦ Σοφοκλέους μετὰ χορικῆς ἐκτελέσεως.,On Sophocles' Ajax the Whip-Bearer with choral performance.,,,"Classics, Literature, Musicology",False
image_0241_right.png,Public Lecture,1904 - 1905,1904 - 1905,,,Γ. Λιμαράκης,G. Limarakis,"Limarakis, G.",,Περὶ τῆς ἀνάγκης τῆς ἐκπληρώσεως τῶν θρησκευτικῶν καθηκόντων κατὰ τὴν Ἁγίαν καὶ Μεγάλην ἑβδομάδα.,On the necessity of fulfilling religious duties during Holy Week.,,,"Theology, Religion",False
image_0241_right.png,Public Lecture,1904 - 1905,1904 - 1905,,,Β. Μυστακίδης,V. Mystakidis,"Mystakidis, V.",,Τὰ συμπόσια παρὰ τοῖς ἀρχαίοις.,Symposia among the ancients.,,,"History, Classics",False
image_0241_right.png,Public Lecture,1904 - 1905,1904 - 1905,,,Π. Ἀπέρης,P. Aperis,"Aperis, P.",,Διατί πρέπει νὰ τρώγωμεν στρείδια.,Why we should eat oysters.,,,"Medicine, Nutrition",False
image_0241_right.png,Public Lecture,1904 - 1905,1904 - 1905,,,Ι. Βαλαβάνης,I. Valavanis,"Valavanis, I.",,Περὶ Ροΐδου καὶ τῶν ἔργων αὐτοῦ.,On Roidis and his works.,,,"Literature, Biography",False
image_0241_right.png,Public Lecture,1904 - 1905,1904 - 1905,,,Ιπ. Καραβίας,Ip. Karavias,"Karavias, Ip.",,Περὶ τοῦ διασήμου Ἕλληνος ζωγράφου Δομινίκου Θεοτοκοπούλου.,On the famous Greek painter Domenikos Theotokopoulos.,,,"Art History, Biography",False
image_0241_right.png,Public Lecture,1905 - 1906,1905 - 1906,,,Σεβαστὴ Καλλισπέρη,Sevastī Kallispērī,"Kallispērī, Sevastī",,Διατί τὸ ἀγωνιῶδες τοῦ βίου; Τίς ἡ θρησκεία αὐτοῦ;,Why the agonizing nature of life? What is its religion?,,,"Philosophy, Theology",False
image_0241_right.png,Public Lecture,1905 - 1906,1905 - 1906,,,Henry Houssaye,Henry Houssaye,"Houssaye, Henry",,Περὶ τῆς ἑλληνικῆς ἀρχαιότητος.,On Greek antiquity.,,,"History, Classics",False
image_0241_right.png,Public Lecture,1905 - 1906,1905 - 1906,,,Ἀγαθάγγελος Ἐπίσκοπος Ἐλαίας,"Agathangelos, Bishop of Elaia","Agathangelos, Bishop of Elaia",,Περὶ τῆς ἀγάπης πρὸς τοὺς ἐχθροὺς ἡμῶν.,On love for our enemies.,,,"Theology, Religion",False
image_0241_right.png,Public Lecture,1905 - 1906,1905 - 1906,,,Ν. Λάσκαρης,N. Laskaris,"Laskaris, N.",,Περὶ τῆς πρώτης ἐμφανίσεως τῆς ἑλληνικῆς σκηνῆς ἐν Ἀθήναις.,On the first appearance of the Greek stage in Athens.,,,"History, Theater Studies",False
image_0241_right.png,Public Lecture,1905 - 1906,1905 - 1906,,,Τιμόθ. Σοφιανός,Timoth. Sofianos,"Sofianos, Timoth.",,Ἡ θρησκεία καὶ ἡ ἐπιστήμη ἐν τῇ καθ' ἡμᾶς ἐποχῇ.,Religion and science in our time.,,,"Theology, Philosophy of Science",False
image_0241_right.png,Public Lecture,1905 - 1906,1905 - 1906,,,Χρ. Πανταζίδης,Chr. Pantazidis,"Pantazidis, Chr.",,Ἡ ἀθηναϊκὴ κοινωνία καὶ ὁ ἀπὸ σκηνῆς φιλόσοφος Εὐριπίδης.,"Athenian society and the philosopher of the stage, Euripides.",,,"Literature, Classics, Sociology",False
image_0241_right.png,Public Lecture,1905 - 1906,1905 - 1906,,,Τιμόθ. Σοφιανός,Timoth. Sofianos,"Sofianos, Timoth.",,Ὁ θετικισμὸς καὶ ἡ ἰατρικὴ ἐπιστήμη.,Positivism and medical science.,,,"Philosophy, Medicine",False
image_0241_right.png,Public Lecture,1905 - 1906,1905 - 1906,,,Α. Ἀντωνακόπουλος,A. Antonakopoulos,"Antonakopoulos, A.",,Μακροβιότης καὶ γιαούρτιον.,Longevity and yogurt.,,,"Medicine, Nutrition",False
image_0241_right.png,Public Lecture,1905 - 1906,1905 - 1906,,,Δ. Ἡλιοῦ,D. Iliou,"Iliou, D.",,Περὶ ἔργων τῆς ἑλληνικῆς γλυπτικῆς ἐν Μουσείοις τῆς Εὐρώπης.,On works of Greek sculpture in European museums.,,,"Art History, Archaeology",False
image_0241_right.png,Public Lecture,1905 - 1906,1905 - 1906,,,Δ. Παπαδόπουλος,D. Papadopoulos,"Papadopoulos, D.",,Περὶ τῆς νεοελληνικῆς ποιήσεως καὶ ἀπαγγελία πρωτοτύπων ποιημάτων.,On Modern Greek poetry and recitation of original poems.,,,"Literature, Poetry",False
image_0241_right.png,Public Lecture,1905 - 1906,1905 - 1906,,,Χρ. Δάλλας,Chr. Dallas,"Dallas, Chr.",,Ὁ κατὰ τῆς φυματιώσεως ἀγὼν τῆς κοινωνίας.,Society's struggle against tuberculosis.,,,"Medicine, Public Health",False
image_0241_right.png,Public Lecture,1905 - 1906,1905 - 1906,,,Δ. Πουλουλίδης,D. Pouloulidis,"Pouloulidis, D.",,Ἡ ὑγιεινὴ τῆς καλλονῆς.,The hygiene of beauty.,,,"Medicine, Health",False
image_0241_right.png,Public Lecture,1905 - 1906,1905 - 1906,,,Οδ. Ἀνδρεάδης,Od. Andreadis,"Andreadis, Od.",,Περὶ τῆς ἐπιδράσεως τῶν ἑλλ. γραμμάτων ἐπὶ τῶν ξένων φιλολογιῶν καὶ ἰδίᾳ ἐπὶ τῶν ἔργων τοῦ Σαίξπηρου.,On the influence of Greek letters on foreign literatures and specifically on the works of Shakespeare.,,,"Literature, Comparative Literature",False
image_0241_right.png,Public Lecture,1905 - 1906,1905 - 1906,,,Σ. Σκίπης,S. Skipis,"Skipis, S.",,Περὶ νεοελληνικῆς λογοτεχνίας καὶ ποιήσεως μετ' ἀπαγγελίας ποιημάτων.,On Modern Greek literature and poetry with recitation of poems.,,,"Literature, Poetry",False
image_0241_right.png,Public Lecture,1905 - 1906,1905 - 1906,,,Δ. Οἰκονομίδης,D. Oikonomidis,"Oikonomidis, D.",,Περὶ τῶν Προδρόμων ἢ Πτωχοπροδρόμων.,On the Prodromoi or Ptochoprodromoi.,,,"Literature, History",False
image_0241_right.png,Public Lecture,1905 - 1906,1905 - 1906,,,Δ. Βαρσάμης,D. Varsamis,"Varsamis, D.",,Περὶ τῶν Ὀλυμπιακῶν ἀγώνων τῆς ἀρχαιότητος.,On the Olympic Games of antiquity.,,,"History, Classics",False
image_0241_right.png,Public Lecture,1906 - 1907,1906 - 1907,,,Γ. Χασιώτης,G. Chasiotis,"Chasiotis, G.",,Περὶ τῶν δημωδῶν μνημείων ἐν τῇ ἑλλ. γραμματείᾳ καὶ ἐν τῇ ζώσῃ λαλιᾷ τοῦ λαοῦ,On the popular monuments in Greek literature and in the living speech of the people,,(διαλ. 2),"Folklore, Linguistics, Literature",False
image_0241_right.png,Public Lecture,1906 - 1907,1906 - 1907,,,Γ. Μόσχος,G. Moschos,"Moschos, G.",,Περὶ τῆς φθίσεως ἐν τῇ παιδικῇ ἡλικίᾳ καὶ περὶ τῶν μέσων πρὸς καταπολέμησιν καὶ θεραπείαν αὐτῆς.,On tuberculosis in childhood and on the means for its combat and treatment.,,,"Medicine, Pediatrics",False
image_0241_right.png,Public Lecture,1906 - 1907,1906 - 1907,,,Δ. Λιμαράκης,D. Limarakis,"Limarakis, D.",,Πῶς πρέπει νὰ λουώμεθα.,How we should bathe.,,,"Medicine, Health",False
image_0241_right.png,Public Lecture,1906 - 1907,1906 - 1907,,,Δ. Παπαδόπουλος,D. Papadopoulos,"Papadopoulos, D.",,Αἱ Νεράϊδες μετ' ἀπαγγελίας ποιημάτων του.,The Fairies with recitation of his poems.,,,"Literature, Folklore",False
image_0241_right.png,Public Lecture,1906 - 1907,1906 - 1907,,,Γ. Μόσχος,G. Moschos,"Moschos, G.",,Περὶ τῆς σωματικῆς καὶ διανοητικῆς ὑπερκοπώσεως τῆς ἐν ταῖς σχολαῖς ἰδίᾳ.,"On physical and mental overwork, especially in schools.",,,"Medicine, Education",False
image_0241_right.png,Public Lecture,1906 - 1907,1906 - 1907,,,Χρ. Πανταζίδης,Chr. Pantazidis,"Pantazidis, Chr.",,Ὁ Πλάτων καὶ ἡ ἐπίδρασις αὐτοῦ ἐπί τε τοὺς συγχρόνους καὶ τοὺς μεταγενεστέρους,Plato and his influence on both his contemporaries and posterity,,(διαλ. 2),"Philosophy, History",False
image_0241_right.png,Public Lecture,1906 - 1907,1906 - 1907,,,Δ. Λιμαράκης,D. Limarakis,"Limarakis, D.",,Περὶ τῶν κακῶν τῶν προσγινομένων εἰς τὰ βρέφη ἐκ τοῦ φασκιώματος.,On the evils caused to infants by swaddling.,,,"Medicine, Pediatrics",False
image_0241_right.png,Public Lecture,1906 - 1907,1906 - 1907,,,Γ. Μόσχος,G. Moschos,"Moschos, G.",,Πῶς πρέπει νὰ προφυλαττώμεθα ἀπὸ τῶν λοιμωδῶν νόσων.,How we should protect ourselves from infectious diseases.,,,"Medicine, Public Health",False
image_0241_right.png,Public Lecture,1906 - 1907,1906 - 1907,,,Α. Δημόπουλος,A. Dimopoulos,"Dimopoulos, A.",,"Ὁ Θουκυδίδης, ὁ ὕπατος διδάσκαλος τοῦ δημοσίου δικαίου.","Thucydides, the supreme teacher of public law.",,,"History, Law, Classics",False
image_0241_right.png,Public Lecture,1906 - 1907,1906 - 1907,,,Γ. Θεοχαρίδης,G. Theocharidis,"Theocharidis, G.",,Ὁ Παρθενὼν ὑπὸ ψυχολογικὴν ἔποψιν.,The Parthenon from a psychological perspective.,,,"Psychology, Art History",False
image_0241_right.png,Public Lecture,1906 - 1907,1906 - 1907,,,Π. Ἀπέρης,P. Aperis,"Aperis, P.",,Ἡ πάλη διὰ τὴν ὕπαρξιν καὶ ἡ Κυριακὴ ἑβδομαδιαία ἀνάπαυσις.,The struggle for existence and the Sunday weekly rest.,,,"Sociology, Labor Studies",False
image_0242_left.png,Public Lecture,1906 - 1907,1906 - 1907,,,Δ. Λιμαράκης,D. Limarakis,"Limarakis, D.",,Πῶς νὰ ἐνδύωμεν τὰ βρέφη.,How to dress infants.,,,"Medicine, Pediatrics",False
image_0242_left.png,Public Lecture,1906 - 1907,1906 - 1907,,,Δ. Οἰκονομίδης,D. Oikonomidis,"Oikonomidis, D.",,Ἡ ἑλληνικὴ γλῶσσα καὶ οἱ μαλλιαροί.,The Greek language and the malliaroi.,,,"Linguistics, Philology",False
image_0242_left.png,Public Lecture,1906 - 1907,1906 - 1907,,,Ν. Κοκκολᾶτος,N. Kokkolatos,"Kokkolatos, N.",,Περὶ τῆς ὑγιεινῆς τοῦ βρέφους καὶ ἰδίᾳ περὶ τοῦ μητρικοῦ θηλασμοῦ.,On infant hygiene and especially on maternal breastfeeding.,,,"Medicine, Pediatrics",False
image_0242_left.png,Public Lecture,1906 - 1907,1906 - 1907,,,Ὀδ. Ἀνδρεάδης,Od. Andreadis,"Andreadis, Od.",,"Περὶ τῆς ἐπιδράσεως τῶν ἑλλην. γραμμάτων ἐπὶ τῶν ξένων φιλολογιῶν (Λεσίγγιος, Γκαίτης, Σίλλερος)","On the influence of Greek letters on foreign literatures (Lessing, Goethe, Schiller)",,,"Philology, Literature",False
image_0242_left.png,Public Lecture,1906 - 1907,1906 - 1907,,,Ἀχ. Καλλεύρας,Ach. Kalleuras,"Kalleuras, Ach.",,Τὸ δραματικὸν ἔργον τοῦ Ἴψεν.,The dramatic work of Ibsen.,,,"Literature, Theater Studies",False
image_0242_left.png,Public Lecture,1906 - 1907,1906 - 1907,,,A. Miglievich,A. Miglievich,"Miglievich, A.",,Περὶ τῶν Ὀλυμπιακῶν ἀγώνων καὶ τῆς Σουηδικῆς αἰσθητικῆς γυμναστικῆς (γαλλιστί),On the Olympic games and Swedish aesthetic gymnastics (in French),,,"Sports Science, History",False
image_0242_left.png,Public Lecture,1906 - 1907,1906 - 1907,,,Κ. Σπανούδης,K. Spanoudis,"Spanoudis, K.",,Μάχη τοῦ Μαραθῶνος καὶ Μαραθώνιος δρόμος.,Battle of Marathon and the Marathon race.,,,"History, Sports Science",False
image_0242_left.png,Public Lecture,1906 - 1907,1906 - 1907,,,Ἄγγ. Σημηριώτης,Ang. Simiriotis,"Simiriotis, Ang.",,Περὶ τοῦ Γάλλου λυρικοῦ «Sully Prudhomme» μετ' ἀπαγγελίας ἐν μεταφράσει λυρικῶν ποιημάτων τοῦ μεγάλου τούτου ποιητοῦ.,"On the French lyric poet ""Sully Prudhomme"" with recitation in translation of lyric poems of this great poet.",,,"Literature, Philology",False
image_0242_left.png,Public Lecture,1907 - 1908,1907 - 1908,,,Δ. Δημόπουλος,D. Dimopoulos,"Dimopoulos, D.",,Ἂν ἡ Ἑλλὰς ὑστέρησε τῆς Ρώμης ἐν τῇ ἀναπτύξει τοῦ δικαίου.,Whether Greece lagged behind Rome in the development of law.,,,"Law, History",False
image_0242_left.png,Public Lecture,1907 - 1908,1907 - 1908,,,Ἀλ. Γαζῆς,Al. Gazis,"Gazis, Al.",,Περὶ ἄνθρακος τῆς ἀμπέλου.,On grape anthrax.,,,"Agriculture, Botany",False
image_0242_left.png,Public Lecture,1907 - 1908,1907 - 1908,,,Κ. Σπανούδης,K. Spanoudis,"Spanoudis, K.",,Ἤθη καὶ ἔθιμα Ἱσπανικὰ (ταυρομαχία ἐν Ἱσπανίᾳ).,Spanish customs and traditions (bullfighting in Spain).,,,"Anthropology, Cultural Studies",False
image_0242_left.png,Public Lecture,1907 - 1908,1907 - 1908,,,Ἀλ. Γαζῆς,Al. Gazis,"Gazis, Al.",,Ἡ ἐπὶ τῆς βλαστήσεως ἐπίδρασις τῆς σελήνης.,The influence of the moon on vegetation.,,,"Botany, Agriculture",False
image_0242_left.png,Public Lecture,1907 - 1908,1907 - 1908,,,Κλ. Κοκκολᾶτος,Kl. Kokkolatos,"Kokkolatos, Kl.",,"Περὶ τῆς ὑγιεινῆς ἐν τῷ κατὰ τῆς φθίσεως ἀγῶνι, περὶ τῶν μέσων πρὸς προφύλαξιν ἀπ' αὐτῆς καὶ περὶ φθίσεως καὶ γάμου.","On hygiene in the fight against tuberculosis, on the means of protection from it and on tuberculosis and marriage.",,,"Medicine, Public Health",False
image_0242_left.png,Public Lecture,1907 - 1908,1907 - 1908,,,A. Miglievich,A. Miglievich,"Miglievich, A.",,"Ἡ ὡραιότης τῆς γυναικὸς ἐν τῷ παρελθόντι καὶ σήμερον, καὶ τὰ διάφορα μέσα τῆς διατηρήσεως αὐτῆς.","The beauty of woman in the past and today, and the various means of preserving it.",,,"History, Sociology",False
image_0242_left.png,Public Lecture,1907 - 1908,1907 - 1908,,,Ν. Κοκκολᾶτος,N. Kokkolatos,"Kokkolatos, N.",,Περὶ τῆς φυσικῆς ἀνατροφῆς τῶν παίδων.,On the physical upbringing of children.,,,"Education, Pediatrics",False
image_0242_left.png,Public Lecture,1907 - 1908,1907 - 1908,,,Δ. Παπαδόπουλος,D. Papadopoulos,"Papadopoulos, D.",,Τρεῖς διάσημοι γυναῖκες καὶ ἀπαγγελία ποιημάτων.,Three famous women and recitation of poems.,,,"Literature, History",False
image_0242_left.png,Public Lecture,1907 - 1908,1907 - 1908,,,Ν. Παπαγεωργίου,N. Papageorgiou,"Papageorgiou, N.",,Ὁ ποιητής.,The poet.,,,Literature,False
image_0242_left.png,Public Lecture,1907 - 1908,1907 - 1908,,,Ν. Παπαγιαννόπουλος,N. Papagiannopoulos,"Papagiannopoulos, N.",,Περί τινος σελίδος τῆς μεσαιωνικῆς ἡμῶν ἱστορίας.,On a certain page of our medieval history.,,,History,False
image_0242_left.png,Public Lecture,1907 - 1908,1907 - 1908,,,Γ. Παχτῖκος,G. Pachtikos,"Pachtikos, G.",,Περὶ τοῦ Προμηθέως Δεσμώτου τοῦ Αἰσχύλου.,On Prometheus Bound by Aeschylus.,,,"Philology, Literature",False
image_0242_left.png,Public Lecture,1907 - 1908,1907 - 1908,,,Ἀλ. Βασιλειάδης,Al. Vasileiadis,"Vasileiadis, Al.",,Οἱ Ἀλχημισταὶ καὶ ἡ νεωτέρα χημεία.,The Alchemists and modern chemistry.,,,"Chemistry, History of Science",False
image_0242_left.png,Public Lecture,1907 - 1908,1907 - 1908,,,Ἰουλία Καράλη,Ioulia Karali,"Karali, Ioulia",,Τίς ὁ ἀληθὴς προορισμὸς ἐν τῷ κόσμῳ;,What is the true destiny in the world?,,,"Philosophy, Theology",False
image_0242_left.png,Public Lecture,1907 - 1908,1907 - 1908,,,Κλ. Κοκκολᾶτος,Kl. Kokkolatos,"Kokkolatos, Kl.",,Ἡ σωματικὴ καὶ πνευματικὴ ὑπερκόπωσις ἔν τε τῇ κοινωνίᾳ καὶ τοῖς σχολείοις ὡς προδιαθετικὸν αἴτιον τῆς τε νευρασθενείας καὶ τῆς φθίσεως.,Physical and mental overexertion in society and in schools as a predisposing cause of both neurasthenia and tuberculosis.,,,"Medicine, Psychology, Education",False
image_0242_left.png,Public Lecture,1907 - 1908,1907 - 1908,,,Ἰ. Φαληρεύς,I. Falireus,"Falireus, I.",,Τὸ γλωσσικὸν ζήτημα.,The language question.,,,"Linguistics, Philology",False
image_0242_left.png,Public Lecture,1907 - 1908,1907 - 1908,,,Ἀλ. Γαζῆς,Al. Gazis,"Gazis, Al.",,Περὶ τῶν νοθεύσεων τοῦ γάλακτος.,On the adulterations of milk.,,,"Chemistry, Public Health",False
image_0242_left.png,Public Lecture,1907 - 1908,1907 - 1908,,,Δ. Οἰκονομίδης,D. Oikonomidis,"Oikonomidis, D.",,Τὰ πρῶτα ἴχνη τοῦ νῦν γραπτοῦ λόγου ἀπὸ τῶν Ἀλεξανδρεωτικῶν χρόνων.,The first traces of the current written language from the Alexandrian times.,,,"Linguistics, Philology, History",False
image_0242_left.png,Public Lecture,1907 - 1908,1907 - 1908,,,Γ. Φωτιάδης,G. Fotiadis,"Fotiadis, G.",,Περὶ γάμου ἱστορικῶς καὶ κοινωνικῶς καὶ περὶ τοῦ ἀληθοῦς τῆς γυναικὸς προορισμοῦ.,On marriage historically and socially and on the true destiny of woman.,,,"Sociology, History",False
image_0242_left.png,Public Lecture,1907 - 1908,1907 - 1908,,,Χρ. Πανταζίδης,Chr. Pantazidis,"Pantazidis, Chr.",,Ἀνάλυσις τῆς ἐν Ταύροις Ἰφιγενείας τοῦ Εὐριπίδου.,Analysis of Iphigenia in Tauris by Euripides.,,,"Philology, Literature",False
image_0242_left.png,Public Lecture,1907 - 1908,1907 - 1908,,,Γ. Νούλης,G. Noulis,"Noulis, G.",,Περὶ κατοικίας.,On housing.,,,"Architecture, Sociology",False
image_0242_left.png,Public Lecture,1907 - 1908,1907 - 1908,,,Π. Παπακωνσταντίνου,P. Papakonstantinou,"Papakonstantinou, P.",,Ἀνάλυσις τῆς Μηδείας τοῦ Εὐριπίδου.,Analysis of Medea by Euripides.,,,"Philology, Literature",False
image_0242_left.png,Public Lecture,1907 - 1908,1907 - 1908,,,Λ. Ἠλιοῦ,L. Iliou,"Iliou, L.",,Ἀνάλυσις τῆς Ἠλέκτρας τοῦ Σοφοκλέους.,Analysis of Electra by Sophocles.,,,"Philology, Literature",False
image_0242_left.png,Public Lecture,1907 - 1908,1907 - 1908,,,Χρ. Πανταζίδης,Chr. Pantazidis,"Pantazidis, Chr.",,Ἀνάλυσις τοῦ Οἰδίποδος ἐπὶ Κολωνῷ τοῦ Σοφοκλέους.,Analysis of Oedipus at Colonus by Sophocles.,,,"Philology, Literature",False
image_0242_left.png,Public Lecture,1907 - 1908,1907 - 1908,,,Χρ. Χαραλαμπίδης,Chr. Charalampidis,"Charalampidis, Chr.",,Περὶ τοῦ χαρακτῆρος ὡς στοιχείου τῆς ἀνθρωπίνης εὐτυχίας.,On character as an element of human happiness.,,,"Philosophy, Psychology",False
image_0242_left.png,Public Lecture,1907 - 1908,1907 - 1908,,,Π. Παπακωνσταντίνου,P. Papakonstantinou,"Papakonstantinou, P.",,Ἀνάλυσις τῆς Ἑκάβης τοῦ Εὐριπίδου.,Analysis of Hecuba by Euripides.,,,"Philology, Literature",False
image_0242_left.png,Public Lecture,1907 - 1908,1907 - 1908,,,Μ. Αὐθεντόπουλος,M. Authentopoulos,"Authentopoulos, M.",,Ἀνάλυσις τῆς Ἑκάβης τοῦ Εὐριπίδου.,Analysis of Hecuba by Euripides.,,,"Philology, Literature",False
image_0242_left.png,Public Lecture,1908 - 1909,1908 - 1909,,,Α. Γαβριηλίδης,A. Gavriilidis,"Gavriilidis, A.",,Περὶ ὀμματοϋέλων.,On eyeglasses.,,,"Medicine, Ophthalmology",False
image_0242_right.png,Public Lecture,1908 - 1909,1908 - 1909,,,Α. Δημόπουλος,A. Dimopoulos,,,Περὶ συντάγματος ἐν γένει καὶ ἰδίᾳ ἐν Τουρκίᾳ.,Peri syntagmatos en genei kai idia en Tourkia.,,,"Law, Political Science",False
image_0242_right.png,Public Lecture,1908 - 1909,1908 - 1909,,,Δ. Παπαδόπουλος,D. Papadopoulos,,,Ἡ ὡραία Κλεοπάτρα.,I oraia Kleopatra.,,,"History, Literature",False
image_0242_right.png,Public Lecture,1908 - 1909,1908 - 1909,,,Γ. Χασιώτης,G. Chasiotis,,,"Ἡ γλῶσσα τοῦ Ἕλληνος, ὁ Πτωχοπρόδρομος καὶ οἱ ὀπαδοί του.","I glossa tou Ellinos, o Ptochoprodromos kai oi opadoi tou.",,(διαλ. 2),"Linguistics, Literature",False
image_0242_right.png,Public Lecture,1908 - 1909,1908 - 1909,,,Γ. Παχτῖκος,G. Pachtikos,,,Περὶ τοῦ Φιλοκτήτου τοῦ Σοφοκλέους καὶ τῆς μουσικῆς τῶν χορικῶν ᾀσμάτων.,Peri tou Filoktitou tou Sofokleous kai tis mousikis ton chorikon asmaton.,,,"Literature, Musicology",False
image_0242_right.png,Public Lecture,1908 - 1909,1908 - 1909,,,Διον. Ταβουλάρης,Dion. Tavoularis,,,«Αἰσχύλος καὶ Σοφοκλῆς» μεθ' ὁλοκλήρου τοῦ προλόγου «Σαλαμὶς καὶ Παρθενών».,«Aischylos kai Sofoklis» meth' oloklirou tou prologou «Salamis kai Parthenon».,,,Literature,False
image_0242_right.png,Public Lecture,1908 - 1909,1908 - 1909,,,Π. Παπακωνσταντίνου,P. Papakonstantinou,,,Ἀνάλυσις τῆς Ἰφιγενείας τῆς ἐν Αὐλίδι τοῦ Εὐριπίδου.,Analysis tis Ifigeneias tis en Avlidi tou Evripidou.,,,Literature,False
image_0242_right.png,Public Lecture,1908 - 1909,1908 - 1909,,,Ἀρχιμ. Ἀθ. Πιπέρας,Archim. Ath. Piperas,,,Περὶ Ὀρθοδοξίας καὶ τῶν ἁγίων τόπων.,Peri Orthodoxias kai ton agion topon.,,,Theology,False
image_0242_right.png,Public Lecture,1908 - 1909,1908 - 1909,,,Π. Παπακωνσταντίνου,P. Papakonstantinou,,,Ἀνάλυσις τῆς Ἰφιγενείας ἐν Ταύροις τοῦ Εὐριπίδου.,Analysis tis Ifigeneias en Tavrois tou Evripidou.,,,Literature,False
image_0242_right.png,Public Lecture,1908 - 1909,1908 - 1909,,,Ι. Παπαδόπουλος,I. Papadopoulos,,,Τινὰ περὶ τῆς ἁλώσεως τῆς Κων)πόλεως.,Tina peri tis aloseos tis Kon)poleos.,,,History,False
image_0242_right.png,Public Lecture,1908 - 1909,1908 - 1909,,,Π. Παπακωνσταντίνου,P. Papakonstantinou,,,Ἀνάλυσις τῆς Ἠλέκτρας τοῦ Εὐριπίδου.,Analysis tis Ileaktras tou Evripidou.,,,Literature,False
image_0242_right.png,Public Lecture,1908 - 1909,1908 - 1909,,,Α. Μελίδης,A. Melidis,,,Περὶ τοῦ πολιτισμοῦ καὶ τοῦ παρελθόντος καὶ μέλλοντος τῶν Ὀθωμανῶν.,Peri tou politismou kai tou parelthontos kai mellontos ton Othomanon.,,,"History, Sociology",False
image_0242_right.png,Public Lecture,1908 - 1909,1908 - 1909,,,Π. Παπακωνσταντίνου,P. Papakonstantinou,,,Ἔμμετρος παράφρασις τοῦ Γ' Ὀλυμπίου τοῦ Πινδάρου.,Emmetros parafrasis tou G' Olympiou tou Pindarou.,,,Literature,False
image_0242_right.png,Public Lecture,1909 - 1910,1909 - 1910,,,Prof. Babinski,Prof. Babinski,,,Ὁ καθηγητὴς Babinski sur le diagnostic differentiel entre l' hemiplegie organique et l' hemiplegie hysterique et sur la nature de l' hystère.,O kathigitis Babinski sur le diagnostic differentiel entre l' hemiplegie organique et l' hemiplegie hysterique et sur la nature de l' hystère.,,,"Medicine, Psychology",False
image_0242_right.png,Public Lecture,1909 - 1910,1909 - 1910,,,Ι. Παπαδόπουλος,I. Papadopoulos,,,Περὶ τῆς ἁλώσεως τῆς Κων)πόλεως ὑπὸ τῶν Λατίνων καὶ τῆς ἀναμνήσεως τοῦ Ἑλληνισμοῦ.,Peri tis aloseos tis Kon)poleos ypo ton Latinon kai tis anamneseos tou Ellinismou.,,,History,False
image_0242_right.png,Public Lecture,1909 - 1910,1909 - 1910,,,Χρ. Πανταζίδης,Chr. Pantazidis,,,Ἀνάλυσις τοῦ συμποσίου τοῦ Πλάτωνος.,Analysis tou symposiou tou Platonos.,,,"Philosophy, Literature",False
image_0242_right.png,Public Lecture,1909 - 1910,1909 - 1910,,,Σπ. Παππᾶς,Sp. Pappas,,,Περὶ τῆς Ἀθηναίας γυναικὸς τῆς σήμερον.,Peri tis Athinaias gynaikos tis simeron.,,,"Sociology, Gender Studies",False
image_0242_right.png,Public Lecture,1909 - 1910,1909 - 1910,,,Μ. Μωϋσείδης,M. Moysidis,,,Τὸ ὀξύγαλα παρὰ τοῖς ἀρχαίοις Ἕλλησι καὶ Ρωμαίοις καὶ κατὰ τὸν Μεσαίωνα καὶ νεωτ. χρόνους.,To oxygala para tois archaiois Ellisi kai Romaiois kai kata ton Mesaiona kai neot. chronous.,,,"History, History of Medicine, Anthropology",False
image_0242_right.png,Public Lecture,1909 - 1910,1909 - 1910,,,Κλ. Βασσαρδάκης,Kl. Vassardakis,,,Ἡ φεμινιστικὴ κίνησις ἐν Εὐρώπῃ καὶ Ἀμερικῇ κατὰ τὸν ΙΘ' αἰῶνα.,I feministiki kinisis en Evropi kai Ameriki kata ton ITh' aiona.,,,"History, Sociology, Gender Studies",False
image_0242_right.png,Public Lecture,1909 - 1910,1909 - 1910,,,Π. Κεσίσογλους,P. Kesisoglous,,,Περὶ ἀπαγγελίας.,Peri apaggelias.,,,"Literature, Rhetoric",False
image_0242_right.png,Public Lecture,1909 - 1910,1909 - 1910,,,Κλ. Βασσαρδάκης,Kl. Vassardakis,,,"Κοινωνιολογικαὶ ἰδέαι τῶν Τολστόη, Νίτσε καὶ Ἴβσεν.","Koinoniologikai ideai ton Tolstoi, Nitse kai Ivsen.",,,"Sociology, Philosophy, Literature",False
image_0242_right.png,Public Lecture,1909 - 1910,1909 - 1910,,,Δ. Χαμουδόπουλος,D. Chamoudopoulos,,,Περὶ τῆς ποιήσεως τῶν Παρνασσιδῶν.,Peri tis poiiseos ton Parnassidon.,,,Literature,False
image_0242_right.png,Public Lecture,1909 - 1910,1909 - 1910,,,Π. Καρολίδης,P. Karolidis,,,"Περὶ τῆς ἰδέας τοῦ ἔθνους, ἐξ ἀπόψεως ἱστορικῆς.","Peri tis ideas tou ethnous, ex apopseos istorikis.",,,"History, Political Science",False
image_0242_right.png,Public Lecture,1909 - 1910,1909 - 1910,,,Π. Καρολίδης,P. Karolidis,,,Περὶ τῆς ἰδέας τοῦ ἔθνους ἐξ ἀπόψεως ἱστορικῆς καὶ πολιτικῆς.,Peri tis ideas tou ethnous ex apopseos istorikis kai politikis.,,(διαλ. 4),"History, Political Science",False
image_0242_right.png,Public Lecture,1909 - 1910,1909 - 1910,,,Ὁ Κιτίου Μελέτιος Μεταξάκης,O Kitiou Meletios Metaxakis,,,Δίκαια τοῦ Ἑλλ. ἔθνους ἐπὶ τοῦ Π. Τάφου.,Dikaia tou Ell. ethnous epi tou P. Tafou.,,,"History, Theology, Law",False
image_0242_right.png,Public Lecture,1909 - 1910,1909 - 1910,,,Mr le prof. Forel,Mr le prof. Forel,,,Degeneration et relevement de notre race.,Degeneration et relevement de notre race.,,,"Biology, Sociology, Medicine",False
image_0242_right.png,Public Lecture,1909 - 1910,1909 - 1910,,,D. A. Forel,D. A. Forel,,,Περὶ τοῦ ἐγκλήματος καὶ τῶν αἰτίων αὐτοῦ.,Peri tou egklimatos kai ton aition autou.,,,"Criminology, Sociology",False
image_0242_right.png,Public Lecture,1909 - 1910,1909 - 1910,,,D. A. Forel,D. A. Forel,,,"Τὸ οἰνόπνευμα, ἡ νεότης καὶ ἡ πρὸς ἐργασίαν ἱκανότης.","To oinopnevma, i neotis kai i pros ergasian ikanotis.",,,"Medicine, Sociology",False
image_0242_right.png,Public Lecture,1909 - 1910,1909 - 1910,,,Ν. Γκαγκίτσης,N. Gkagkitsis,,,Περὶ τοῦ πολιτισμοῦ τῶν Ἀράβων.,Peri tou politismou ton Aravon.,,,"History, Cultural Studies",False
image_0242_right.png,Public Lecture,1909 - 1910,1909 - 1910,,,Γ. Ζηλανάκης,G. Zilanakis,,,Περὶ τοῦ οἰνοπνεύματος ἢ τοῦ ἀλκοολισμοῦ παρ' ἡμῖν.,Peri tou oinopnevmatos i tou alkoolismou par' imin.,,,"Medicine, Sociology",False
image_0242_right.png,Public Lecture,1909 - 1910,1909 - 1910,,,Ρ. Λαβαλὲ,R. Lavale,,,Τί θὰ λεχθῇ περὶ ἡμῶν;,Ti tha lechthi peri imon?,,,"Philosophy, Sociology",False
image_0242_right.png,Public Lecture,1909 - 1910,1909 - 1910,,,Κλ. Βασσαρδάκης,Kl. Vassardakis,,,Ὁ ἀριστοκρατικὸς ἀτομισμὸς τοῦ Ἴψεν καὶ τοῦ Ἔμερσον καὶ ἡ σύγχρονος κοινῶν ἐκπαίδευσις.,O aristokratikos atomismos tou Ivsen kai tou Emerson kai i synchronos koinon ekpaidevsis.,,,"Philosophy, Literature, Education",False
image_0242_right.png,Public Lecture,1909 - 1910,1909 - 1910,,,D. A. Forel,D. A. Forel,,,La Theorie de la mnème.,La Theorie de la mnème.,,,"Psychology, Philosophy",True
image_0242_right.png,Public Lecture,1909 - 1910,1909 - 1910,,,Α. Ἡλιοῦ,A. Iliou,,,Ἀνάλυσις τοῦ Αἴαντος.,Analysis tou Aiantos.,,,Literature,False
image_0242_right.png,Public Lecture,1909 - 1910,1909 - 1910,,,Β. Ἀριστόβουλος,V. Aristovoulos,,,Περὶ Νίτσε.,Peri Nitse.,,,Philosophy,False
image_0242_right.png,Public Lecture,1909 - 1910,1909 - 1910,,,Σ. Σταματιάδης,S. Stamatiadis,,,Περὶ κομητῶν ἐν γένει καὶ ἰδίᾳ περὶ τοῦ κομήτου τοῦ Χάλλεϋ.,Peri komiton en genei kai idia peri tou komitou tou Challey.,,,Astronomy,False
image_0242_right.png,Public Lecture,1910 - 1911,1910 - 1911,,,Γ. Μιστριώτης,G. Mistriotis,,,Περὶ ἐκπαιδεύσεως,Peri ekpaidevseos,,,Education,False
image_0243.png,Public Lecture,1910 - 1911,1910 - 1911,,,Μ. Μωϋσείδης,M. Moyseidis,"Moyseidis, M.",,Περὶ χολέρας καὶ τῶν κατ' αὐτῆς προφυλακτικῶν μέτρων.,On cholera and the preventive measures against it.,,,"Medicine, Public Health",False
image_0243.png,Public Lecture,1910 - 1911,1910 - 1911,,,Π. Παπακων)τίνου,P. Papakonstantinou,"Papakonstantinou, P.",,Ἀνάλυσις τοῦ Οἰδίποδος τυράννου τοῦ Σοφοκλέους μετ' ἐμμέτρου εἰς τὴν νεωτέραν γλῶσσαν μεταφράσεως τῶν χορικῶν ᾀσμάτων.,Analysis of Sophocles' Oedipus Rex with a metrical translation of the choral odes into modern Greek.,,,"Philology, Literature",False
image_0243.png,Public Lecture,1910 - 1911,1910 - 1911,,,Δ. Ἠλιοῦ,D. Iliou,"Iliou, D.",,Πολιτικὸν μάθημα ἐκ τῶν Περσῶν τοῦ Αἰσχύλου.,A political lesson from Aeschylus' Persians.,,,"Philology, Political Science",False
image_0243.png,Public Lecture,1910 - 1911,1910 - 1911,,,H. de Zigler,H. de Zigler,"Zigler, H. de",,La nouvelle litterature Allemande Jugée par un Français.,La nouvelle litterature Allemande Jugée par un Français.,,,"Literature, Literary Criticism",False
image_0243.png,Public Lecture,1910 - 1911,1910 - 1911,,,Ι. Χρηστάκης,I. Christakis,"Christakis, I.",,Περὶ τῶν νιτρατούχων κοιτασμάτων τῆς δημοκρατίας τῆς Χιλῆς.,On the nitrate deposits of the Republic of Chile.,,,"Geology, Chemistry",False
image_0243.png,Public Lecture,1910 - 1911,1910 - 1911,,,Μ. Μιχαηλίδης,M. Michailidis,"Michailidis, M.",,Ἡ Σαπφὼ καί τινα τῶν νέων αὐτῆς ποιημάτων τῶν ἀνακαλυφθέντων ἐν Αἰγύπτῳ.,Sappho and some of her new poems discovered in Egypt.,,,"Philology, Archaeology",False
image_0243.png,Public Lecture,1910 - 1911,1910 - 1911,,,Ν. Γιαγκίτσης,N. Giagkitsis,"Giagkitsis, N.",,Περὶ τῆς μωαμεθανικῆς νομοθεσίας.,On Mohammedan legislation.,,,"Law, Islamic Studies",False
image_0243.png,Public Lecture,1910 - 1911,1910 - 1911,,,Π. Παπακωνσταντίνου,P. Papakonstantinou,"Papakonstantinou, P.",,Ἀνάλυσις τοῦ Προμηθέως δεσμώτου τοῦ Αἰσχύλου μετ' ἐμμέτρου παραφράσεως.,Analysis of Aeschylus' Prometheus Bound with a metrical paraphrase.,,,"Philology, Literature",False
image_0243.png,Public Lecture,1910 - 1911,1910 - 1911,,,Χρ. Πανταζίδης,Chr. Pantazidis,"Pantazidis, Chr.",,Περὶ τῆς Πλατωνικῆς φιλοσοφίας ἐν τῇ Δύσει κατὰ τὴν Ἀναγέννησιν.,On Platonic philosophy in the West during the Renaissance.,,,"Philosophy, History",False
image_0243.png,Public Lecture,1910 - 1911,1910 - 1911,,,Χρ. Πανταζίδης,Chr. Pantazidis,"Pantazidis, Chr.",,Ἡ ἀθηναϊκὴ παίδευσις καὶ αἱ Νεφέλαι τοῦ Ἀριστοφάνους.,Athenian education and Aristophanes' Clouds.,,,"Philology, Education, History",False
image_0243.png,Public Lecture,1910 - 1911,1910 - 1911,,,Κ. Νικολαΐδης,K. Nikolaidis,"Nikolaidis, K.",,Αἰσθητικὴ ἀνάλυσις τοῦ Αἴαντος τοῦ Σοφοκλέους.,Aesthetic analysis of Sophocles' Ajax.,,,"Philology, Aesthetics",False
image_0243.png,Public Lecture,1911 - 1912,1911 - 1912,,,Ι. Χρυσάφης,I. Chrysafis,"Chrysafis, I.",,Περὶ γυμναστικῆς.,On gymnastics.,,,Physical Education,False
image_0243.png,Public Lecture,1911 - 1912,1911 - 1912,,,Μ. Μωϋσείδης,M. Moyseidis,"Moyseidis, M.",,Περὶ δημιουργίας ὡραίας γενεᾶς.,On the creation of a beautiful generation.,,,"Eugenics, Sociology, Medicine",False
image_0243.png,Public Lecture,1911 - 1912,1911 - 1912,,,Β. Κῶνος,V. Konos,"Konos, V.",,Ψυχιατρικά. Α' Περὶ τοῦ ἐγκεφάλου ὡς κυρίου ὀργάνου τῆς ψυχῆς. Περὶ ψευδαισθήσεων. Περὶ μνήμης καὶ τῶν διαταραχῶν αὐτῆς,Psychiatric matters. I. On the brain as the main organ of the soul. On hallucinations. On memory and its disorders.,,(διαλ. 3),"Psychiatry, Psychology",False
image_0243.png,Public Lecture,1911 - 1912,1911 - 1912,,,Ἀχ. Καλεύρας,Ach. Kalevras,"Kalevras, Ach.",,Κ. Χρηστομάνος. Περὶ τοῦ νέου ρομαντισμοῦ τοῦ ποιητοῦ.,K. Christomanos. On the poet's new romanticism.,,,"Literature, Literary Criticism",False
image_0243.png,Public Lecture,1911 - 1912,1911 - 1912,,,Π. Παπακωνσταντίνου,P. Papakonstantinou,"Papakonstantinou, P.",,Ἀνάλυσις τῆς Ἀνδρομάχης τοῦ Εὐριπίδου,Analysis of Euripides' Andromache.,,,"Philology, Literature",False
image_0243.png,Public Lecture,1911 - 1912,1911 - 1912,,,Α. Κρητικός,A. Kritikos,"Kritikos, A.",,Περὶ τῆς ψυχολογίας τῆς χειρὸς καὶ περὶ χειρομαντείας πρὸ τῆς ἐπιστήμης.,On the psychology of the hand and on palmistry before science.,,,"Psychology, History of Science",False
image_0243.png,Public Lecture,1911 - 1912,1911 - 1912,,,Κλ. Κοκκολᾶτος,Kl. Kokkolatos,"Kokkolatos, Kl.",,Περὶ τοῦ δ.ἀ τοῦ σχολείου καὶ τῆς γυναικὸς ἀγῶνος κατὰ τῆς φθίσεως.,On the struggle through the school and the woman against tuberculosis.,,,"Education, Public Health, Sociology",False
image_0243.png,Public Lecture,1911 - 1912,1911 - 1912,,,Δ. Ἀντίπας,D. Antipas,"Antipas, D.",,Περὶ τῆς ἡλικίας τοῦ ἀνθρώπου.,On the age of man.,,,"Biology, Anthropology",False
image_0243.png,Public Lecture,1911 - 1912,1911 - 1912,,,Β. Κιολεμένογλους,V. Kiolemenoglous,"Kiolemenoglous, V.",,Περὶ τῶν κινδύνων τῶν ἀφροδισίων νοσημάτων ἀπὸ κοινωνιολογικῆς ἀπόψεως.,On the dangers of venereal diseases from a sociological point of view.,,,"Medicine, Public Health, Sociology",False
image_0243.png,Public Lecture,1912 - 1913,1912 - 1913,,,Κ. Κωνσταντίνου,K. Konstantinou,"Konstantinou, K.",,Ἀνάλυσις «τῶν στύλων τῆς κοινωνίας» τοῦ Ἴψεν.,"Analysis of Ibsen's ""Pillars of Society"".",,,"Literature, Literary Criticism",False
image_0243.png,Public Lecture,1912 - 1913,1912 - 1913,,,Μ. Μιχαηλίδης,M. Michailidis,"Michailidis, M.",,Περὶ τοῦ ὑπερανθρώπου τοῦ Νίτσε.,On Nietzsche's superman.,,,Philosophy,False
image_0243.png,Public Lecture,1912 - 1913,1912 - 1913,,,Δ. Ἠλιοῦ,D. Iliou,"Iliou, D.",,Περὶ ὀλισθημάτων Ἑλλήνων Ἰψενιστῶν.,On the slips of Greek Ibsenists.,,,"Philology, Literary Criticism",False
image_0243.png,Public Lecture,1913 - 1914,1913 - 1914,,,Ι. Ρουμῆς,I. Roumis,"Roumis, I.",,Περὶ τοῦ τεχνητοῦ μητρικοῦ γάλακτος.,On artificial breast milk.,,,"Medicine, Nutrition",False
image_0243.png,Public Lecture,1913 - 1914,1913 - 1914,,,Γ. Νούλης,G. Noulis,"Noulis, G.",,Περὶ «Φιλαλληλίας» πρὸς διατήρησιν τῆς ὑγιείας καὶ προφύλαξιν ἀπὸ τῶν ψευκτέων νόσων.,"On ""Philallelia"" for the preservation of health and protection from avoidable diseases.",,,"Public Health, Medicine",False
image_0243.png,Public Lecture,1913 - 1914,1913 - 1914,,,Μ. Μωϋσείδης,M. Moyseidis,"Moyseidis, M.",,Ἡ ἰατρικὴ ψυχολογία τοῦ συγχρόνου ἔρωτος.,The medical psychology of modern love.,,,"Psychology, Medicine",False
image_0243.png,Public Lecture,1913 - 1914,1913 - 1914,,,Χρ. Πανταζίδης,Chr. Pantazidis,"Pantazidis, Chr.",,Ἡ γυνὴ καὶ ὁ φιλογύνης Εὐριπίδης.,Woman and the philogynist Euripides.,,,"Philology, Literature, Gender Studies",False
image_0243.png,Public Lecture,1913 - 1914,1913 - 1914,,,Μ. Νικολάου,M. Nikolaou,"Nikolaou, M.",,Περὶ τῶν ἐν τῇ δύσει διαπρεψάντων Ἑλλήνων ἐπιστημόνων καὶ καλλιτεχνῶν.,On the Greek scientists and artists who excelled in the West.,,,"History, History of Science, Art History",False
image_0243.png,Public Lecture,1913 - 1914,1913 - 1914,,,Δ. Ἠλιοῦ,D. Iliou,"Iliou, D.",,"Ἄλλο ὀλίσθημα Ἑλλήνων Ἰψενιστῶν, ἡ προγονοφοβία.","Another slip of Greek Ibsenists, ancestor-phobia.",,,"Philology, Literary Criticism, Psychology",False
image_0243.png,Public Lecture,1913 - 1914,1913 - 1914,,,Β. Κῶνος,V. Konos,"Konos, V.",,Περὶ τῆς προσωπικότητος καὶ τῶν ἀλλοιώσεων αὐτῆς.,On personality and its alterations.,,,"Psychology, Psychiatry",False
image_0243.png,Public Lecture,1913 - 1914,1913 - 1914,,,Μ. Γεδεών,M. Gedeon,"Gedeon, M.",,Περὶ τῶν πρώτων χρόνων τῆς ἱστορίας τῆς ἐκκλησίας Κωνσταντινουπόλεως.,On the early years of the history of the Church of Constantinople.,,,"History, Theology",False
image_0243.png,Public Lecture,1913 - 1914,1913 - 1914,,,Ν. Καλαμαρτζῆς,N. Kalamartzis,"Kalamartzis, N.",,Περὶ ἀσυρμάτου τηλεγράφου μετὰ πειραμάτων.,On the wireless telegraph with experiments.,,,"Physics, Engineering",False
